{"Power": {"mean": 195.52303479381445, "std": 88.45023381399646}, "Pressure": {"mean": 0.03332958344072165, "std": 0.0156336063525449}, "Point1_EtchRateO": {"mean": 0.07478261411630155, "std": 0.012148149179385137}, "Point2_EtchRateO": {"mean": 0.06922239588756443, "std": 0.012004768192426815}, "Point3_EtchRateO": {"mean": 0.06324744836243557, "std": 0.01164744820850353}, "Point4_EtchRateO": {"mean": 0.054665359289948444, "std": 0.011097941346317164}, "Point5_EtchRateO": {"mean": 0.04447684092171392, "std": 0.01024193147567731}, "Point6_EtchRateO": {"mean": 0.03313419096134021, "std": 0.009457393930377322}, "Point7_EtchRateO": {"mean": 0.023009369442010312, "std": 0.008248497623604393}, "Point8_EtchRateO": {"mean": 0.014658670368234539, "std": 0.006785196611124859}, "Point9_EtchRateO": {"mean": 0.008910131076675258, "std": 0.0055530370300772534}, "Point10_EtchRateO": {"mean": 0.005603270982603092, "std": 0.0045520059864591934}}