{
    "best_hyperparameters": {
        "lr": 0.0009518706463849217,
        "batch_size": 16,
        "weight_decay": 1.0131506615948022e-05,
        "h1": 13,
        "num_layers": 3
    },
    "best_validation_loss": 0.0007984160221423264,
    "best_r2_trial": {
        "trial_number": null,
        "r2": -Infinity,
        "params": null
    },
    "best_trial_number": 69,
    "study_duration": 33528.72984457016
}