{
    "best_hyperparameters": {
        "lr": 0.005615303978533305,
        "batch_size": 32,
        "weight_decay": 5.048530181459691e-06,
        "h1": 12,
        "num_layers": 3
    },
    "best_validation_loss": 0.07652263220217896,
    "best_r2_trial": {
        "trial_number": 42,
        "r2": 0.9605424055457115,
        "params": {
            "lr": 0.005615303978533305,
            "batch_size": 32,
            "weight_decay": 5.048530181459691e-06,
            "h1": 12,
            "num_layers": 3
        }
    },
    "best_trial_number": 42,
    "study_duration": 5559.627187013626
}