{
    "best_hyperparameters": {
        "lr": 0.00658954073244328,
        "batch_size": 16,
        "weight_decay": 2.629864335539849e-06,
        "h1": 11,
        "num_layers": 3
    },
    "best_validation_loss": 0.07660160291593568,
    "best_r2_trial": {
        "trial_number": 31,
        "r2": 0.9708088971101321,
        "params": {
            "lr": 0.004657864154587529,
            "batch_size": 16,
            "weight_decay": 1.2735599024012035e-05,
            "h1": 13,
            "num_layers": 3
        }
    },
    "best_trial_number": 49,
    "study_duration": 5671.220382928848
}