{"Power": {"mean": 1149.8898178269355, "std": 404.49669826065843}, "Pressure": {"mean": 0.03600746811971373, "std": 0.017090779674300654}, "Point1_EtchRateO": {"mean": 0.2941001951854262, "std": 0.05341369510306563}, "Point2_EtchRateO": {"mean": 0.2948308392973325, "std": 0.05449312640502127}, "Point3_EtchRateO": {"mean": 0.29157742355237476, "std": 0.05626331009519775}, "Point4_EtchRateO": {"mean": 0.2829501301236174, "std": 0.059340960350474724}, "Point5_EtchRateO": {"mean": 0.2675980806766428, "std": 0.06362198114714902}, "Point6_EtchRateO": {"mean": 0.2425828887443071, "std": 0.06729550953538958}, "Point7_EtchRateO": {"mean": 0.2083312296681848, "std": 0.06837750019094815}, "Point8_EtchRateO": {"mean": 0.16825393623942747, "std": 0.0652601371831597}, "Point9_EtchRateO": {"mean": 0.1281706896551724, "std": 0.058151861653022864}, "Point10_EtchRateO": {"mean": 0.09511571242680548, "std": 0.050342430508456694}}