Power;Pressure;xAr;Point1_EtchRate;Point2_EtchRate;Point3_EtchRate;Point4_EtchRate;Point5_EtchRate;Point6_EtchRate;Point7_EtchRate;Point8_EtchRate;Point9_EtchRate;Point10_EtchRate
1440.6;0.059171;0.73;1.374981;1.220875;1.144888;1.001409;0.833619;0.639538;0.462120;0.315816;0.207305;0.136327
1568.1;0.054815;0.27;0.806870;0.721630;0.695439;0.644747;0.587650;0.510120;0.410646;0.309032;0.206837;0.129728
477.8;0.053285;0.25;0.301547;0.274388;0.262830;0.238334;0.206375;0.165918;0.120926;0.081446;0.048931;0.028875
1578.7;0.050048;0.17;0.803309;0.723014;0.701866;0.663058;0.617353;0.542007;0.446447;0.336033;0.223330;0.142611
1185.3;0.037749;0.6;1.262866;1.149237;1.078376;0.955570;0.808928;0.639724;0.485112;0.349352;0.242818;0.165024
436.6;0.030944;0.61;0.470880;0.431346;0.408166;0.368380;0.323790;0.266387;0.208211;0.152888;0.103574;0.068980
689.9;0.016356;0.91;0.812075;0.772868;0.732781;0.666070;0.578631;0.473360;0.372305;0.277291;0.197086;0.141772
1640.5;0.053198;0.79;1.828501;1.593845;1.500092;1.334962;1.145067;0.900980;0.639059;0.430874;0.271871;0.173988
1650.8;0.02373;0.6;1.834564;1.695346;1.608734;1.464639;1.280038;1.051470;0.823733;0.611311;0.442043;0.311485
520.7;0.052008;0.87;0.699665;0.628063;0.575461;0.486893;0.387610;0.288546;0.199968;0.132937;0.082432;0.050754
1658.8;0.013538;0.51;1.220732;1.176401;1.129303;1.047712;0.945140;0.828557;0.695608;0.563079;0.443006;0.355285
1640;0.02894;0.46;1.529422;1.411014;1.338533;1.209125;1.052197;0.877480;0.708128;0.536952;0.386279;0.276303
979.5;0.023408;0.25;0.805007;0.757319;0.739639;0.702785;0.660712;0.592376;0.498606;0.391243;0.285679;0.204775
1420.4;0.017646;0.75;1.661032;1.553179;1.472149;1.351833;1.192906;0.991700;0.776644;0.580363;0.417349;0.300760
498.6;0.04155;0.59;0.461172;0.415654;0.391893;0.353946;0.309939;0.255434;0.195725;0.140613;0.091486;0.057447
890.5;0.025819;0.01;0.792149;0.744536;0.728678;0.692471;0.641479;0.562951;0.457833;0.354845;0.253486;0.173124
1582;0.057956;0.64;1.330828;1.182170;1.108285;0.970053;0.811238;0.631957;0.467348;0.330904;0.223930;0.149685
1513.4;0.014756;0.44;1.115567;1.065636;1.024918;0.963074;0.881440;0.774224;0.654495;0.531360;0.417709;0.340123
1183.7;0.04336;0.59;1.164392;1.047540;0.977380;0.853669;0.721262;0.574010;0.429790;0.315845;0.216411;0.143966
797.1;0.02482;0.22;0.728274;0.684500;0.666790;0.629779;0.580845;0.507615;0.414608;0.316005;0.226163;0.157798
1695.8;0.039928;0.66;1.874329;1.679681;1.588219;1.424023;1.220369;0.965185;0.706280;0.494238;0.331696;0.223928
613.8;0.017593;0.32;0.575649;0.544639;0.525556;0.496861;0.460568;0.409560;0.342212;0.268186;0.198769;0.148461
1213.4;0.031819;0.63;1.424212;1.308209;1.224681;1.081483;0.919258;0.748665;0.566012;0.408580;0.278559;0.192332
1147;0.010634;0.35;0.613115;0.597871;0.585191;0.561072;0.525566;0.475314;0.415830;0.353758;0.302314;0.265819
842.1;0.021451;0.16;0.732178;0.696514;0.683323;0.654429;0.612725;0.547285;0.459263;0.358785;0.263217;0.189063
499.1;0.023184;0.09;0.551884;0.514909;0.495580;0.458078;0.408232;0.342536;0.274621;0.204375;0.142717;0.097059
335.2;0.035569;0.73;0.360909;0.331597;0.311886;0.277304;0.237692;0.193981;0.148916;0.106580;0.071431;0.046467
889.6;0.020754;0.82;1.218985;1.143438;1.073425;0.957494;0.828355;0.671447;0.516098;0.370307;0.258838;0.177153
557.7;0.027305;0.37;0.572330;0.530675;0.510317;0.471406;0.421968;0.355483;0.281331;0.209339;0.145286;0.097824
1316.1;0.047391;0.13;0.729773;0.662954;0.648839;0.615607;0.571422;0.499379;0.401049;0.295828;0.192681;0.120470
818.5;0.030681;0.08;0.720188;0.671267;0.652226;0.610073;0.552237;0.474045;0.381209;0.284754;0.192424;0.126614
1478.2;0.012788;0.88;1.312738;1.279031;1.224149;1.138836;1.015593;0.862344;0.692280;0.546992;0.412577;0.321793
1327.9;0.029501;0.24;0.951142;0.889042;0.867365;0.821539;0.764053;0.679093;0.568934;0.442797;0.327027;0.232568
1099.4;0.033724;0.75;1.495700;1.362857;1.274589;1.117157;0.942407;0.749170;0.546679;0.379803;0.248410;0.165833
547.6;0.051266;0.48;0.399182;0.361692;0.346264;0.315607;0.277111;0.228819;0.170914;0.118874;0.074319;0.043983
1640.3;0.025182;0.78;2.175821;2.000920;1.902362;1.734384;1.518431;1.240105;0.954506;0.676262;0.461153;0.303991
671.5;0.05109;0.31;0.448279;0.405664;0.390209;0.358061;0.316144;0.262363;0.195146;0.135139;0.084025;0.049368
1594.4;0.038284;0.5;1.455503;1.322097;1.248874;1.119040;0.962078;0.775707;0.597866;0.439202;0.312521;0.217106
613.3;0.012719;0.79;0.454957;0.440169;0.423439;0.393342;0.353872;0.305175;0.253093;0.203927;0.160043;0.129702
823;0.023001;0.74;1.081247;1.007523;0.945065;0.840010;0.721642;0.586305;0.446041;0.331990;0.228901;0.158103
422.5;0.039455;0.85;0.591810;0.530387;0.484810;0.412044;0.339266;0.258909;0.186446;0.128006;0.083122;0.052657
1196.2;0.033987;0.55;1.229879;1.121821;1.051999;0.946168;0.817647;0.663969;0.510575;0.373606;0.262640;0.180605
552.9;0.019933;0.78;0.651053;0.613999;0.579276;0.521030;0.456595;0.378590;0.295081;0.224424;0.158920;0.113700
363.1;0.021951;0.93;0.474889;0.444185;0.418273;0.375252;0.321157;0.255450;0.194124;0.138148;0.093076;0.063048
1312.4;0.04901;0.73;1.473434;1.306024;1.218296;1.059316;0.892397;0.692778;0.491960;0.341251;0.223924;0.146143
786.4;0.040865;0.07;0.586058;0.537928;0.520261;0.480251;0.433434;0.361900;0.275136;0.194037;0.123597;0.075507
1224.9;0.017206;0.19;0.841619;0.803353;0.786330;0.752822;0.709629;0.643834;0.568892;0.485904;0.389816;0.305714
837.4;0.045807;0.73;0.982134;0.874054;0.806133;0.694126;0.577009;0.441840;0.323109;0.225983;0.150289;0.097252
1178.3;0.030075;0.12;0.846967;0.798536;0.785438;0.751361;0.705572;0.630017;0.521662;0.408405;0.294690;0.201709
330.3;0.033119;0.96;0.512785;0.473208;0.438810;0.381272;0.312788;0.235553;0.168040;0.109809;0.068416;0.041695
1574.8;0.045364;0.76;1.848253;1.675535;1.580389;1.401043;1.189181;0.923812;0.675701;0.452142;0.293697;0.191287
1344.2;0.010719;0.32;0.675429;0.658214;0.643597;0.619097;0.584448;0.533873;0.471442;0.404620;0.344498;0.304677
1438.4;0.013732;0.72;1.343458;1.297022;1.235672;1.132923;1.000875;0.842036;0.685400;0.528005;0.400684;0.310219
836.6;0.039553;0.8;1.157127;1.055837;0.982079;0.855941;0.705667;0.534027;0.386592;0.261179;0.170060;0.110642
1164.2;0.0323;0.41;1.006901;0.930443;0.888631;0.814175;0.724933;0.613688;0.492622;0.372455;0.267177;0.184122
1105.7;0.056331;0.44;0.676957;0.606467;0.579287;0.527439;0.469479;0.392857;0.309584;0.222379;0.145927;0.090045
1042.1;0.014745;0.57;0.905195;0.869295;0.835032;0.774332;0.696133;0.597729;0.494439;0.391667;0.301842;0.240391
685.1;0.028771;0.75;0.929012;0.850831;0.789828;0.691817;0.584711;0.471780;0.353474;0.252706;0.169643;0.115394
648.1;0.0373;0.61;0.671356;0.607645;0.569422;0.505250;0.437090;0.353549;0.273685;0.199968;0.135350;0.087807
932.3;0.015584;0.32;0.734197;0.702065;0.684155;0.648430;0.599978;0.533382;0.453609;0.378892;0.300101;0.234514
618.8;0.055223;0.79;0.691423;0.611705;0.558857;0.473857;0.386600;0.295261;0.211366;0.145330;0.093255;0.058018
1426.2;0.041664;0.75;1.747408;1.583687;1.493017;1.328275;1.126762;0.877141;0.635618;0.431502;0.281593;0.183655
1680.5;0.055271;0.25;0.833506;0.743882;0.717545;0.666070;0.609109;0.530372;0.430149;0.325745;0.218800;0.137686
342;0.041528;0.5;0.307982;0.281948;0.268827;0.243603;0.211661;0.172082;0.129873;0.090284;0.056992;0.035131
1049.9;0.010711;0.15;0.561452;0.545555;0.534710;0.515541;0.485925;0.444199;0.391180;0.347262;0.303548;0.268264
421.9;0.025824;0.14;0.464216;0.429488;0.409177;0.372231;0.331354;0.278426;0.217387;0.158675;0.107454;0.070157
1422.9;0.015594;0.65;1.406068;1.331252;1.265425;1.153920;1.028642;0.873858;0.698782;0.541026;0.404267;0.305570
1684.8;0.041473;0.08;0.891030;0.812338;0.797669;0.761581;0.716930;0.645604;0.548958;0.432049;0.301846;0.200599
393.7;0.013035;0.21;0.306559;0.294437;0.287260;0.272078;0.250980;0.221648;0.186956;0.152208;0.120499;0.098418
325.4;0.033872;0.59;0.334953;0.305579;0.288395;0.261750;0.229741;0.190067;0.147120;0.105735;0.069802;0.045320
1257.4;0.025277;0.67;1.558211;1.449551;1.369956;1.224934;1.053967;0.857554;0.650993;0.482963;0.333025;0.229425
796.3;0.053225;0.32;0.495855;0.448989;0.433319;0.400350;0.356567;0.297732;0.225008;0.156848;0.097905;0.057598
1659.8;0.026679;0.02;0.889078;0.844948;0.846439;0.838362;0.824653;0.782471;0.702184;0.586667;0.449074;0.334635
785;0.016771;0.9;0.960031;0.909035;0.862944;0.784705;0.682557;0.558467;0.437312;0.323610;0.229453;0.163275
1541.2;0.048273;0.1;0.782239;0.706567;0.693511;0.662442;0.622484;0.549071;0.451771;0.337049;0.222268;0.141754
936.6;0.025931;0.85;1.407889;1.308936;1.229233;1.092874;0.932692;0.748631;0.549341;0.388444;0.252935;0.167007
604.8;0.020004;0.85;0.787610;0.741416;0.698524;0.626692;0.538531;0.440529;0.338806;0.246674;0.172678;0.120104
475.9;0.01345;0.66;0.350392;0.337891;0.327117;0.307298;0.280860;0.247218;0.207119;0.170242;0.136175;0.110336
732.5;0.037596;0.55;0.710006;0.642871;0.605305;0.542144;0.472579;0.386355;0.302125;0.222681;0.151419;0.098384
1316.5;0.030191;0.45;1.224467;1.121257;1.059218;0.956549;0.846817;0.717560;0.572460;0.434718;0.310590;0.220128
1396;0.047506;0.33;0.878614;0.794681;0.757898;0.689129;0.616148;0.528517;0.428914;0.322094;0.221476;0.144939
1271.3;0.034359;0.1;0.856177;0.789254;0.774161;0.738834;0.692475;0.612558;0.510945;0.395192;0.279740;0.188382
313.7;0.029239;0.33;0.330957;0.306000;0.292209;0.266492;0.233793;0.194176;0.149613;0.107539;0.070722;0.046158
1480.5;0.01307;0.83;1.364429;1.323550;1.264442;1.172746;1.040695;0.878350;0.706016;0.551121;0.414385;0.319942
1591.3;0.020685;0.09;0.901898;0.856376;0.845985;0.820634;0.786747;0.744957;0.684421;0.593820;0.478296;0.368860
1379.3;0.037194;0.15;0.872929;0.803830;0.785050;0.743254;0.693319;0.609660;0.510307;0.396750;0.279049;0.188173
359.7;0.030532;0.29;0.370465;0.343503;0.328610;0.299258;0.262598;0.217725;0.167034;0.119461;0.077743;0.050125
829.5;0.055048;0.81;0.985947;0.877418;0.811851;0.697673;0.565385;0.425232;0.300352;0.202280;0.128275;0.081079
1286.1;0.012814;0.55;0.965980;0.929053;0.892535;0.828567;0.749280;0.655800;0.546150;0.442384;0.349726;0.283718
1321.3;0.032175;0.32;1.015152;0.941868;0.906068;0.840979;0.762208;0.659365;0.540005;0.415534;0.301675;0.210976
614;0.036891;0.77;0.813731;0.739244;0.683875;0.592082;0.487209;0.380329;0.277573;0.195035;0.129205;0.084804
676.7;0.016703;0.86;0.795155;0.751924;0.711254;0.643879;0.557633;0.462014;0.360497;0.271156;0.192663;0.141645
1242.2;0.037047;0.56;1.258682;1.146766;1.078978;0.960466;0.819682;0.655483;0.501980;0.365092;0.256631;0.175389
968.5;0.052868;0.55;0.741376;0.658484;0.615977;0.546963;0.474080;0.388994;0.299187;0.218327;0.144812;0.091227
1173.2;0.019901;0.7;1.412655;1.333927;1.260642;1.134439;0.983096;0.815109;0.635082;0.471907;0.340061;0.243124
631;0.01778;0.33;0.590395;0.558655;0.538836;0.507277;0.470377;0.418829;0.350530;0.274849;0.203719;0.151759
548;0.013069;0.92;0.435328;0.423491;0.403884;0.371897;0.329803;0.278353;0.226450;0.176387;0.136758;0.106275
1461.5;0.043054;0.12;0.829627;0.754207;0.735775;0.694567;0.647554;0.578858;0.477878;0.364457;0.250231;0.161590
1373.7;0.01093;0.78;0.993949;0.962482;0.921361;0.854790;0.767532;0.656497;0.535394;0.432948;0.341485;0.282367
1608.3;0.024555;0.33;1.258063;1.168661;1.116916;1.034739;0.933465;0.811340;0.691300;0.559672;0.422360;0.308192
451;0.058691;0.12;0.217785;0.198191;0.191370;0.174713;0.152549;0.120484;0.088728;0.058228;0.035634;0.022359
555.1;0.048232;0.54;0.437532;0.396871;0.378192;0.343143;0.303150;0.248470;0.190532;0.133106;0.084438;0.051670
438.7;0.022184;0.64;0.463259;0.435792;0.416062;0.384102;0.345941;0.294938;0.235438;0.177528;0.125841;0.089577
985.7;0.044106;0.6;0.961291;0.860048;0.799651;0.700861;0.595709;0.472114;0.360167;0.262277;0.179175;0.117630
570.5;0.016893;0.74;0.577123;0.548104;0.522273;0.480423;0.425854;0.361848;0.290489;0.224754;0.168297;0.125042
1554.2;0.041491;0.17;0.905273;0.820817;0.798274;0.750688;0.694114;0.611588;0.512794;0.400750;0.280355;0.185717
438.7;0.052851;0.76;0.422766;0.377406;0.349998;0.306085;0.257342;0.201824;0.150366;0.103582;0.065658;0.040215
361.8;0.05499;0.76;0.321942;0.288997;0.270054;0.237868;0.200946;0.160461;0.117654;0.081336;0.051139;0.030783
1381.5;0.034316;0.54;1.401173;1.273870;1.195674;1.070291;0.927739;0.754393;0.575707;0.422731;0.297751;0.206502
736.7;0.043976;0.59;0.672715;0.609726;0.572419;0.506470;0.433987;0.355050;0.274271;0.198416;0.131628;0.084354
550.6;0.045206;0.27;0.418725;0.381276;0.365653;0.333677;0.291887;0.239814;0.178550;0.123088;0.076709;0.046080
774.5;0.033044;0.49;0.746657;0.687583;0.652829;0.592207;0.520214;0.437163;0.342294;0.255257;0.177015;0.118729
1014.2;0.024013;0.14;0.803779;0.762252;0.750845;0.720955;0.680816;0.612794;0.517086;0.404835;0.298217;0.213061
1568.9;0.01381;0.33;0.947030;0.915185;0.893090;0.850925;0.795936;0.718742;0.627007;0.525612;0.427004;0.360921
1180.5;0.032231;0.02;0.843991;0.787105;0.774468;0.742808;0.696998;0.615346;0.511578;0.393527;0.277860;0.186391
442.1;0.018285;0.8;0.463191;0.434841;0.412844;0.378637;0.336495;0.282805;0.225192;0.173853;0.125852;0.092617
847.2;0.029937;0.72;1.125033;1.032504;0.961037;0.842941;0.708672;0.571896;0.428186;0.305515;0.205102;0.139496
376.5;0.056029;0.79;0.355556;0.319030;0.295207;0.256988;0.213745;0.168089;0.122786;0.084457;0.053119;0.032036
1001.8;0.035567;0.4;0.846775;0.777512;0.741832;0.676628;0.602140;0.509519;0.405525;0.306586;0.214152;0.143853
904.4;0.055707;0.8;1.047125;0.930335;0.862602;0.743711;0.605194;0.455775;0.322994;0.217847;0.138814;0.088044
1696.6;0.014597;0.68;1.593974;1.526430;1.459317;1.340315;1.187981;1.003666;0.818449;0.629182;0.474029;0.363348
979.9;0.014822;0.63;0.897884;0.861208;0.825106;0.761384;0.679773;0.577643;0.473851;0.371683;0.282819;0.223049
1552.2;0.025657;0.65;1.845769;1.712266;1.625837;1.465537;1.266926;1.038573;0.792699;0.584226;0.406308;0.280822
492.6;0.049269;0.02;0.297815;0.268069;0.256594;0.232999;0.200793;0.161449;0.117640;0.079550;0.048468;0.029277
846;0.04012;0.85;1.243118;1.129414;1.053923;0.922697;0.765086;0.579436;0.413603;0.272213;0.173518;0.110094
1598.3;0.033295;0.19;1.005471;0.936351;0.909988;0.860587;0.801247;0.714811;0.602618;0.477966;0.352846;0.249552
1584.5;0.024907;0.27;1.139992;1.062512;1.024185;0.954745;0.869780;0.779377;0.676792;0.551549;0.417777;0.307236
1299;0.016659;0.19;0.851539;0.814675;0.799696;0.767599;0.724578;0.661578;0.579410;0.500382;0.408115;0.324955
1165.7;0.02475;0.53;1.230175;1.135063;1.071647;0.971265;0.849424;0.705662;0.570316;0.436203;0.313614;0.220305
780.6;0.018331;0.51;0.751422;0.708459;0.678668;0.628093;0.567523;0.488092;0.404284;0.322979;0.240713;0.178355
1610.4;0.025855;0.69;1.986738;1.839302;1.747208;1.580137;1.369423;1.120025;0.853888;0.618140;0.426503;0.291143
474.7;0.015492;0.77;0.419724;0.400930;0.384834;0.356519;0.319725;0.275783;0.224734;0.176368;0.135432;0.103997
1322.8;0.051604;0.26;0.726905;0.658646;0.636824;0.594386;0.543011;0.471337;0.375430;0.278612;0.183522;0.114611
1227.7;0.05509;0.4;0.733548;0.657440;0.626610;0.573037;0.510884;0.432960;0.341370;0.250777;0.166528;0.103749
694.1;0.014656;0.57;0.594564;0.567884;0.546829;0.512492;0.465919;0.403456;0.334774;0.268227;0.211953;0.166418
622.5;0.025951;0.27;0.628603;0.584513;0.563996;0.524739;0.473780;0.404028;0.320766;0.241846;0.169420;0.114351
1295.6;0.054348;0.6;1.082503;0.967314;0.902254;0.786810;0.658636;0.521898;0.393914;0.285660;0.192849;0.126401
1126.9;0.044226;0.56;1.040982;0.932744;0.870098;0.763261;0.653276;0.520387;0.399822;0.294510;0.202809;0.134252
486.9;0.049113;0.86;0.655113;0.585229;0.536786;0.455450;0.363664;0.271907;0.191328;0.128166;0.079959;0.049676
330.2;0.023228;0.24;0.368693;0.343357;0.328340;0.300176;0.264886;0.224221;0.176329;0.130897;0.090025;0.061309
1083.8;0.025735;0.51;1.109951;1.028402;0.976192;0.882553;0.771406;0.650975;0.528111;0.400139;0.286349;0.202255
721.1;0.01916;0.09;0.673031;0.642498;0.628016;0.597603;0.556505;0.494177;0.412353;0.321635;0.237987;0.174504
1615.2;0.032374;0.63;1.832272;1.697609;1.601996;1.431094;1.223332;0.987014;0.751330;0.532048;0.363185;0.249565
1673.3;0.026334;0.61;1.880287;1.751331;1.661072;1.498188;1.298178;1.069602;0.818571;0.609922;0.425925;0.296273
701.3;0.023991;0.67;0.837914;0.777079;0.732356;0.656608;0.567230;0.469904;0.373015;0.275551;0.193617;0.134813
1421.1;0.056588;0.82;1.607153;1.406237;1.326858;1.178980;0.997572;0.768123;0.543661;0.361196;0.227392;0.143347
1554.6;0.029985;0.76;2.057296;1.891253;1.787887;1.619061;1.405520;1.131806;0.839584;0.596858;0.390400;0.256829
1136.5;0.028971;0.06;0.842642;0.793199;0.782745;0.752488;0.708226;0.632447;0.524124;0.410730;0.296152;0.202764
1537.6;0.039642;0.09;0.875433;0.800680;0.786995;0.750552;0.705920;0.629365;0.532761;0.416364;0.289440;0.193004
1621.2;0.013425;0.54;1.231971;1.186821;1.138076;1.053611;0.947343;0.824679;0.689346;0.554462;0.434069;0.346921
1068.8;0.020262;0.32;0.884111;0.832556;0.805402;0.757607;0.694683;0.616937;0.532423;0.432133;0.326455;0.238442
1319.7;0.046181;0.25;0.791372;0.718585;0.692034;0.639891;0.588154;0.511325;0.417364;0.311893;0.210506;0.135575
1107.5;0.038757;0.03;0.755311;0.691903;0.676498;0.638801;0.596699;0.518565;0.417178;0.304924;0.203870;0.129134
336.2;0.020012;0.18;0.372353;0.349693;0.334940;0.308976;0.275677;0.231571;0.186265;0.139846;0.100088;0.071008
1204.8;0.031186;0.34;0.969110;0.899152;0.865871;0.803733;0.728429;0.628996;0.513290;0.392695;0.283407;0.197788
1029.7;0.037238;0.49;0.946231;0.861610;0.812884;0.727635;0.629921;0.522721;0.407415;0.305186;0.212543;0.143399
821.2;0.036398;0.37;0.689115;0.630779;0.606500;0.558981;0.498618;0.422579;0.336479;0.250778;0.170724;0.110220
1612;0.019255;0.65;1.751739;1.664981;1.587194;1.450303;1.274999;1.057082;0.839744;0.632597;0.453573;0.334782
1461.3;0.014084;0.46;1.067846;1.026192;0.985834;0.921409;0.844412;0.743573;0.627260;0.509221;0.401276;0.327388
821.5;0.011528;0.26;0.531774;0.514553;0.502585;0.479778;0.445740;0.398454;0.343829;0.296395;0.249459;0.212390
1130.5;0.031749;0.67;1.399976;1.287046;1.203486;1.059569;0.894806;0.724565;0.543110;0.388012;0.261738;0.179148
1521.6;0.037893;0.53;1.462593;1.323149;1.248977;1.117858;0.958413;0.769174;0.588326;0.428674;0.302776;0.209080
1606.9;0.041939;0.05;0.860747;0.783699;0.769772;0.736504;0.692900;0.629886;0.528128;0.410402;0.283353;0.183530
1235.8;0.011711;0.67;0.934062;0.899722;0.861086;0.796436;0.710098;0.609131;0.507090;0.405803;0.321191;0.263764
589.5;0.045495;0.3;0.443176;0.403230;0.388275;0.356506;0.314244;0.257827;0.194668;0.134573;0.083833;0.050970
1215.4;0.018466;0.11;0.822838;0.784640;0.770894;0.741839;0.701696;0.655527;0.588760;0.498262;0.393902;0.302849
400.9;0.039669;0.46;0.363699;0.333639;0.317938;0.288509;0.254133;0.207619;0.158179;0.110131;0.071012;0.044074
869.4;0.040403;0.67;0.989085;0.893623;0.829071;0.720918;0.598851;0.474962;0.351505;0.253518;0.170541;0.112434
1233.7;0.048618;0.77;1.477435;1.312645;1.224936;1.065708;0.892263;0.693671;0.489268;0.333528;0.214706;0.138907
1607.2;0.012814;0.81;1.417047;1.378294;1.320612;1.225162;1.095150;0.929181;0.745340;0.587865;0.442836;0.346786
1435.3;0.052736;0.43;0.947828;0.843956;0.794696;0.707522;0.618571;0.515890;0.409705;0.307697;0.209694;0.135556
978.4;0.029214;0.5;0.976988;0.896720;0.848024;0.769432;0.683796;0.575854;0.455274;0.341157;0.242222;0.168383
1359.4;0.029981;0.63;1.597055;1.473789;1.389214;1.240665;1.057887;0.849115;0.655116;0.470943;0.324174;0.223126
883.9;0.026271;0.71;1.160136;1.064274;0.999964;0.891076;0.758129;0.605167;0.468262;0.337906;0.232484;0.158419
1660.5;0.03777;0.41;1.327937;1.219397;1.156640;1.044442;0.911309;0.751525;0.595009;0.449578;0.326118;0.228352
1683.2;0.024771;0.36;1.363750;1.267250;1.209463;1.111089;0.997707;0.854140;0.717230;0.578184;0.434538;0.316049
1509.8;0.028306;0.32;1.165226;1.078867;1.031122;0.951355;0.863419;0.762523;0.636595;0.501580;0.367954;0.266394
844.4;0.027452;0.46;0.811333;0.754430;0.721140;0.667831;0.601427;0.512798;0.411388;0.308419;0.220395;0.153000
936.6;0.041511;0.65;1.026211;0.923953;0.857878;0.745659;0.623960;0.493913;0.366662;0.265938;0.179840;0.118197
645.4;0.043222;0.64;0.632692;0.571630;0.535030;0.471189;0.400107;0.324200;0.248396;0.178145;0.117819;0.075388
1398.2;0.059605;0.34;0.719927;0.645761;0.620299;0.570345;0.517961;0.439484;0.351861;0.254985;0.165878;0.101954
1536;0.057218;0.58;1.191813;1.057690;0.989750;0.865075;0.727986;0.577639;0.435727;0.317614;0.216322;0.143387
1081.6;0.01965;0.18;0.815998;0.774963;0.756758;0.720686;0.677584;0.624569;0.547913;0.450039;0.343852;0.255315
1138.4;0.055979;0.3;0.620173;0.560474;0.541415;0.505269;0.459733;0.387717;0.306018;0.217167;0.137568;0.083748
508.4;0.024435;0.05;0.557754;0.519183;0.499002;0.458717;0.407098;0.344106;0.272748;0.202375;0.137916;0.092913
529.5;0.010925;0.92;0.279015;0.271084;0.260437;0.243497;0.220644;0.192522;0.162735;0.134351;0.110563;0.094500
753.9;0.045075;0.71;0.847068;0.754552;0.694990;0.604820;0.502416;0.388722;0.288950;0.204152;0.135935;0.087786
722.4;0.057605;0.73;0.695252;0.610489;0.561975;0.483125;0.401782;0.311690;0.229476;0.159447;0.103195;0.064231
316.4;0.04745;0.63;0.274809;0.249430;0.236391;0.211888;0.183161;0.149352;0.110498;0.076684;0.048400;0.029275
1055.9;0.047836;0.04;0.636549;0.574320;0.558917;0.526097;0.479842;0.401193;0.309285;0.214628;0.136681;0.083298
433.5;0.037104;0.63;0.437668;0.400086;0.377872;0.337586;0.293199;0.241535;0.186440;0.133395;0.088704;0.057040
505.1;0.024103;0.32;0.537018;0.503715;0.484656;0.448348;0.402848;0.342210;0.270226;0.203253;0.142947;0.097264
1183.6;0.022244;0.11;0.831756;0.786691;0.780418;0.758851;0.729349;0.673310;0.587991;0.478906;0.360052;0.266492
1503;0.024316;0.09;0.897284;0.842856;0.836296;0.819044;0.796427;0.749663;0.667511;0.555819;0.424040;0.317855
1099.2;0.021535;0.26;0.868877;0.820517;0.797549;0.749857;0.698125;0.633115;0.547579;0.441596;0.330972;0.241990
1695.6;0.036866;0.49;1.547525;1.392195;1.320080;1.190824;1.031902;0.838643;0.644890;0.474594;0.338027;0.237190
1075;0.02025;0.39;0.939902;0.885778;0.851912;0.790199;0.719802;0.624892;0.530633;0.429361;0.322960;0.236498
1021.6;0.031702;0.27;0.822651;0.761644;0.737658;0.690063;0.630488;0.548747;0.442297;0.340609;0.241595;0.163803
763;0.017111;0.27;0.664862;0.631388;0.613214;0.578013;0.533294;0.480722;0.412044;0.331116;0.251550;0.187937
902;0.028779;0.69;1.155565;1.065280;0.995032;0.876976;0.740419;0.601286;0.457723;0.328857;0.223693;0.153152
988.5;0.049678;0.07;0.586540;0.531775;0.517695;0.483772;0.435393;0.361028;0.276337;0.190396;0.119061;0.072486
399.5;0.050641;0.78;0.406243;0.363133;0.334653;0.292281;0.244671;0.191487;0.142339;0.097652;0.062283;0.038660
1542.8;0.05519;0.29;0.806112;0.720620;0.693028;0.640654;0.581533;0.503098;0.403772;0.303661;0.203303;0.127571
390.5;0.037019;0.82;0.506958;0.456500;0.420064;0.361081;0.303055;0.235791;0.174276;0.122303;0.080748;0.051815
910.7;0.050893;0.48;0.644079;0.578223;0.548971;0.497957;0.439937;0.368566;0.285661;0.207766;0.136435;0.085196
1457.3;0.045421;0.24;0.858198;0.781502;0.752999;0.696333;0.633636;0.555099;0.455973;0.346599;0.239807;0.156398
852.3;0.01216;0.22;0.573904;0.555148;0.542429;0.517766;0.482022;0.431436;0.374273;0.321501;0.267777;0.224988
1158.9;0.017297;0.31;0.882129;0.841579;0.816885;0.772700;0.715304;0.638764;0.543834;0.455583;0.359865;0.278644
409.3;0.016673;0.51;0.378835;0.358953;0.348002;0.327208;0.300756;0.264487;0.218891;0.170971;0.127986;0.096810
1236.7;0.038224;0.26;0.863470;0.788724;0.760922;0.707947;0.645944;0.554962;0.457451;0.351821;0.244348;0.162961
1000.3;0.037049;0.04;0.736034;0.675202;0.657009;0.617185;0.571763;0.493402;0.394681;0.287816;0.192522;0.121786
605.2;0.013446;0.74;0.480873;0.462879;0.444454;0.412237;0.371433;0.322423;0.265959;0.212699;0.165935;0.134583
1100.3;0.059422;0.54;0.740966;0.656615;0.617462;0.552412;0.478602;0.390745;0.303930;0.218508;0.143711;0.089450
471.1;0.022555;0.87;0.636589;0.592357;0.554300;0.496337;0.424666;0.339547;0.259468;0.186689;0.127160;0.086390
1239.6;0.025774;0.55;1.338619;1.234747;1.165760;1.053194;0.916000;0.752528;0.601219;0.454812;0.324715;0.226876
378.4;0.012102;0.74;0.205736;0.198444;0.192652;0.183560;0.170712;0.153486;0.132198;0.111542;0.092825;0.079275
378.9;0.036395;0.93;0.600256;0.546634;0.502932;0.431374;0.348444;0.263231;0.185751;0.122291;0.075827;0.047378
513.5;0.022801;0.73;0.605391;0.564560;0.531819;0.477633;0.415823;0.349059;0.276150;0.203856;0.143309;0.100714
327.5;0.030436;0.27;0.338898;0.313545;0.299360;0.271613;0.237744;0.196849;0.149682;0.107220;0.069818;0.044558
909.2;0.057376;0.09;0.467974;0.416674;0.404476;0.376203;0.334545;0.270702;0.201863;0.135149;0.083908;0.049694
1465.1;0.055964;0.68;1.366030;1.206121;1.130218;0.991711;0.826734;0.634315;0.465127;0.325000;0.218250;0.145165
1164.3;0.016062;0.8;1.345649;1.265260;1.197061;1.088960;0.960695;0.801739;0.625752;0.471858;0.343233;0.248590
1028.2;0.039597;0.16;0.718417;0.657139;0.637841;0.594872;0.551146;0.477276;0.383766;0.280792;0.188306;0.119924
1509.4;0.027983;0.31;1.149685;1.066006;1.020823;0.943387;0.858544;0.761149;0.638344;0.504625;0.370947;0.269068
436.8;0.045965;0.48;0.357047;0.325208;0.310832;0.282371;0.246476;0.201712;0.151039;0.104764;0.065755;0.039400
1571.3;0.036178;0.69;1.900160;1.710233;1.608127;1.424959;1.225414;0.984133;0.724694;0.506135;0.333638;0.225621
451.2;0.023042;0.59;0.476694;0.447941;0.430296;0.397572;0.357142;0.303627;0.242360;0.180744;0.128824;0.090837
1023.8;0.034654;0.06;0.775013;0.714066;0.696589;0.657007;0.601505;0.527495;0.426091;0.320479;0.216517;0.139940
1289;0.041594;0.22;0.824522;0.749715;0.726338;0.677075;0.617433;0.541762;0.443423;0.338069;0.232828;0.151238
641;0.024771;0.72;0.804631;0.746788;0.701471;0.624817;0.534849;0.439348;0.342578;0.249369;0.173047;0.119528
1399.1;0.041101;0.19;0.861853;0.782873;0.760819;0.713422;0.655994;0.576653;0.477484;0.368729;0.255664;0.167155
403.7;0.012377;0.11;0.285383;0.274814;0.268426;0.254959;0.235421;0.208705;0.178061;0.146981;0.119321;0.098894
851.4;0.05973;0.45;0.500363;0.453882;0.435543;0.398462;0.353824;0.296706;0.224563;0.157904;0.098988;0.058071
304.8;0.020338;0.2;0.334533;0.313767;0.300030;0.276057;0.245621;0.208181;0.166420;0.125131;0.088544;0.062969
608.9;0.040368;0.37;0.501833;0.460152;0.442125;0.406913;0.361698;0.303511;0.232615;0.166878;0.107815;0.066858
301.8;0.027382;0.19;0.323709;0.298614;0.284120;0.258534;0.226579;0.189037;0.145119;0.104340;0.068518;0.045038
564.9;0.045887;0.87;0.821854;0.732644;0.670746;0.569521;0.465352;0.346292;0.241630;0.159544;0.100864;0.062738
499.5;0.0114;0.22;0.325729;0.313891;0.305162;0.289147;0.269822;0.244183;0.212056;0.178598;0.148196;0.125348
675.3;0.013342;0.54;0.525315;0.505692;0.488598;0.459918;0.421090;0.367560;0.308058;0.250946;0.202514;0.164152
544.8;0.056353;0.17;0.300793;0.272030;0.261316;0.237024;0.207419;0.167225;0.120610;0.081569;0.049122;0.028759
494.1;0.014389;0.44;0.417977;0.400562;0.387872;0.364194;0.331927;0.294335;0.250322;0.202654;0.157131;0.123437
1138.4;0.02662;0.81;1.639117;1.523652;1.433752;1.280088;1.095980;0.884935;0.653752;0.464209;0.304721;0.202093
1561.5;0.036309;0.47;1.394792;1.266327;1.200694;1.082367;0.940267;0.768532;0.598198;0.444153;0.317493;0.221949
609.7;0.037145;0.65;0.662524;0.599688;0.559948;0.492533;0.423662;0.339800;0.260928;0.189632;0.127950;0.082953
975.7;0.049043;0.54;0.788301;0.706823;0.661907;0.583719;0.503065;0.413123;0.321150;0.235610;0.156743;0.100158
826.4;0.036094;0.51;0.783247;0.715736;0.676603;0.607490;0.531344;0.439570;0.343421;0.256228;0.175221;0.116381
1033.3;0.056598;0.42;0.616811;0.556193;0.532510;0.487363;0.437815;0.365894;0.287832;0.205477;0.131590;0.079983
670.8;0.017356;0.8;0.775589;0.728415;0.688024;0.621646;0.544987;0.452363;0.357543;0.267238;0.195489;0.142618
395.7;0.030838;0.63;0.428891;0.392741;0.371280;0.336103;0.294403;0.242013;0.189211;0.138733;0.094107;0.062405
910.9;0.024015;0.19;0.771045;0.729331;0.715053;0.681579;0.637415;0.566801;0.472024;0.364059;0.266194;0.188797
804.5;0.022498;0.28;0.717731;0.681183;0.664025;0.629840;0.585869;0.518378;0.429921;0.332075;0.240878;0.171426
564.3;0.057772;0.23;0.318477;0.284825;0.273542;0.248717;0.216890;0.175567;0.126923;0.085772;0.051491;0.029908
301.7;0.017133;0.51;0.281946;0.267663;0.259304;0.243458;0.222487;0.193387;0.158512;0.122791;0.091961;0.069548
743;0.035628;0.26;0.628520;0.576898;0.555348;0.512214;0.461896;0.393691;0.311230;0.226284;0.151701;0.096672
1279.5;0.058596;0.03;0.598144;0.539966;0.525564;0.490826;0.443560;0.373007;0.278784;0.192770;0.119468;0.071351
931.3;0.010567;0.64;0.557049;0.538585;0.518593;0.485129;0.445245;0.392901;0.333935;0.277800;0.231290;0.198035
1065.8;0.036184;0.53;1.038434;0.953859;0.898513;0.801376;0.689161;0.561957;0.433905;0.322619;0.225721;0.153586
714.8;0.042517;0.72;0.841078;0.754125;0.695204;0.597377;0.500454;0.387566;0.287336;0.203500;0.135798;0.087751
1342.6;0.029257;0.14;0.893571;0.845633;0.834002;0.801326;0.758711;0.686023;0.582247;0.457410;0.338964;0.240699
564.5;0.042465;0.88;0.856751;0.771602;0.709729;0.605467;0.487259;0.370394;0.255910;0.170910;0.106797;0.066272
1261.5;0.048143;0.45;0.920857;0.828750;0.782116;0.698283;0.604735;0.503332;0.398955;0.296173;0.203171;0.133331
556.9;0.038784;0.11;0.467134;0.424587;0.407038;0.374465;0.329458;0.267271;0.202726;0.139207;0.088855;0.054445
815.9;0.041596;0.4;0.643362;0.582107;0.555693;0.506033;0.454746;0.384575;0.304621;0.222206;0.146779;0.093613
1175.9;0.02391;0.85;1.705121;1.575841;1.488509;1.345134;1.166147;0.941006;0.717817;0.502538;0.339908;0.221374
413.6;0.031342;0.03;0.407657;0.376326;0.358418;0.325475;0.286039;0.234199;0.176768;0.124574;0.080108;0.049798
1309.7;0.032526;0.08;0.873583;0.811165;0.797952;0.766788;0.724359;0.648996;0.539509;0.425848;0.306282;0.208228
449.5;0.038614;0.11;0.385413;0.350488;0.334466;0.303205;0.262469;0.213114;0.158809;0.109229;0.068043;0.041930
1215.3;0.049601;0.34;0.754219;0.676681;0.646075;0.595895;0.538615;0.460315;0.368369;0.274333;0.182115;0.114856
991.8;0.030987;0.29;0.816763;0.758860;0.734651;0.686227;0.626292;0.543713;0.438158;0.336760;0.239245;0.162357
539.6;0.05533;0.22;0.318314;0.288209;0.276902;0.251518;0.218564;0.176401;0.128390;0.086487;0.051902;0.030534
345.6;0.044002;0.87;0.452466;0.407490;0.374086;0.318863;0.257250;0.196042;0.140866;0.095775;0.060589;0.038040
1085.7;0.035748;0.13;0.785675;0.721601;0.704380;0.665112;0.611224;0.534311;0.436183;0.330662;0.225655;0.146843
1534.6;0.036103;0.53;1.503083;1.356149;1.276502;1.149443;0.992995;0.803035;0.612065;0.446735;0.315324;0.219388
1236.8;0.015146;0.18;0.789800;0.761902;0.748438;0.720916;0.682397;0.624560;0.545208;0.471728;0.391105;0.318172
350.1;0.046593;0.22;0.256926;0.232091;0.220890;0.198950;0.170590;0.136500;0.099683;0.067450;0.040968;0.024644
546.2;0.012025;0.95;0.371501;0.359761;0.345384;0.319510;0.285803;0.243331;0.198504;0.158900;0.124902;0.101524
1310.5;0.031226;0.53;1.349458;1.237397;1.161610;1.036273;0.898178;0.745160;0.579146;0.430233;0.301625;0.211872
962.9;0.037011;0.82;1.408295;1.258567;1.170500;1.037119;0.873367;0.676778;0.479281;0.326023;0.209293;0.133890
513.8;0.057691;0.8;0.544102;0.477929;0.435953;0.374605;0.306298;0.232063;0.169110;0.114961;0.072705;0.044176
777.6;0.020445;0.55;0.797080;0.749288;0.713609;0.655126;0.584435;0.497308;0.410087;0.319362;0.233088;0.166899
1150.3;0.015817;0.43;0.927508;0.885926;0.854435;0.798279;0.728710;0.642602;0.539290;0.433472;0.345478;0.272514
568.4;0.042311;0.29;0.455360;0.415055;0.398105;0.365830;0.324940;0.265875;0.202707;0.139805;0.088871;0.054698
1333.8;0.015421;0.79;1.469774;1.392271;1.322551;1.204800;1.054250;0.891992;0.706819;0.533768;0.389466;0.288653
1330.9;0.037385;0.29;0.948400;0.868274;0.834239;0.769795;0.696505;0.600886;0.489344;0.378387;0.269143;0.183655
1256.8;0.053157;0.77;1.417412;1.235511;1.157025;1.021018;0.855307;0.652920;0.463934;0.313830;0.204146;0.131951
1285.7;0.029035;0.09;0.869483;0.823141;0.814647;0.786623;0.747482;0.676194;0.572339;0.450804;0.330800;0.233273
919.2;0.047448;0.18;0.591374;0.534286;0.517589;0.483233;0.439942;0.368410;0.284959;0.198904;0.127156;0.077514
327.4;0.017835;0.19;0.346722;0.325256;0.314031;0.291849;0.262893;0.222914;0.178893;0.137621;0.101812;0.074579
763.2;0.012906;0.11;0.560417;0.539441;0.526048;0.499705;0.463157;0.420908;0.370183;0.311903;0.254358;0.209142
894;0.026985;0.89;1.390280;1.289427;1.208671;1.072939;0.920993;0.736165;0.534343;0.374578;0.238245;0.154867
678.4;0.050859;0.06;0.402884;0.364750;0.352192;0.324052;0.285415;0.228971;0.169122;0.113515;0.070682;0.041815
575.9;0.028877;0.89;0.905581;0.840062;0.781112;0.683663;0.563830;0.442901;0.322619;0.218667;0.141485;0.091623
1450.4;0.05863;0.13;0.663671;0.599999;0.587613;0.555979;0.511900;0.435736;0.344070;0.242276;0.151419;0.092221
901.9;0.040266;0.35;0.694856;0.630911;0.605126;0.555631;0.498433;0.426235;0.340014;0.250027;0.168710;0.108261
1542.9;0.026912;0.23;1.054328;0.979627;0.946766;0.894689;0.834835;0.757721;0.651596;0.526183;0.392234;0.287894
847.7;0.056399;0.55;0.591981;0.530031;0.502131;0.451108;0.395487;0.323644;0.250709;0.178128;0.114660;0.069692
1376.8;0.054921;0.57;1.087195;0.970191;0.905943;0.791788;0.666939;0.532598;0.405220;0.296493;0.201416;0.132235
855.5;0.052535;0.3;0.526585;0.476006;0.461028;0.427997;0.383566;0.320033;0.245304;0.171381;0.107194;0.064119
1431.9;0.02284;0.76;1.884759;1.751728;1.659137;1.493155;1.302418;1.067081;0.819096;0.590144;0.408392;0.277371
1357.1;0.024275;0.02;0.856303;0.820219;0.818742;0.804728;0.782162;0.731399;0.644248;0.528785;0.399772;0.295649
828.4;0.048997;0.27;0.541289;0.489208;0.472869;0.440976;0.396914;0.329723;0.255127;0.177615;0.112083;0.068183
602.4;0.04507;0.91;0.935033;0.838721;0.774335;0.662528;0.537870;0.408240;0.278493;0.182071;0.110623;0.066740
593.2;0.048478;0.36;0.429629;0.389838;0.374794;0.343236;0.302441;0.249613;0.187200;0.129695;0.080995;0.047891
1073.2;0.050884;0.03;0.602573;0.548651;0.535043;0.500877;0.451327;0.375245;0.286849;0.197578;0.123363;0.075227
1181.8;0.047021;0.66;1.232044;1.097506;1.019906;0.882690;0.744624;0.578443;0.425237;0.303638;0.205336;0.135490
344.8;0.047912;0.67;0.303455;0.274262;0.259811;0.233511;0.201350;0.163374;0.122427;0.085162;0.053898;0.032606
1160.6;0.05806;0.38;0.645382;0.581678;0.558001;0.513433;0.463533;0.389649;0.308688;0.221365;0.141738;0.086142
807.4;0.033321;0.43;0.739132;0.679615;0.648229;0.592547;0.527319;0.445074;0.352345;0.263719;0.182451;0.121936
369.3;0.04935;0.53;0.296672;0.268124;0.254951;0.229598;0.201218;0.162250;0.120233;0.081678;0.051032;0.030474
985.4;0.031128;0.06;0.791306;0.737205;0.720647;0.682668;0.629828;0.546017;0.448049;0.338739;0.235384;0.156951
569.5;0.057187;0.23;0.325778;0.292169;0.280671;0.255334;0.221792;0.180026;0.130616;0.088166;0.052868;0.030877
472.3;0.010066;0.42;0.215030;0.208606;0.203556;0.194853;0.182703;0.168089;0.151549;0.133365;0.115794;0.103240
587.7;0.059063;0.15;0.299910;0.267166;0.256862;0.234117;0.206850;0.166098;0.120441;0.080993;0.048912;0.028683
955.9;0.041537;0.34;0.708820;0.642651;0.616370;0.565366;0.509888;0.436506;0.349372;0.256187;0.172768;0.110890
1577;0.014899;0.15;0.836648;0.810547;0.799028;0.775028;0.744211;0.694315;0.622155;0.538075;0.462857;0.391523
445.6;0.022284;0.1;0.501701;0.467846;0.448870;0.413962;0.368347;0.308918;0.247555;0.184380;0.128914;0.088476
1343.8;0.040786;0.01;0.804401;0.736087;0.723044;0.686905;0.651085;0.579063;0.472922;0.353585;0.238238;0.151706
1330.8;0.025248;0.78;1.828835;1.688276;1.602027;1.444822;1.247170;1.009868;0.765733;0.541943;0.367498;0.245486
1086.6;0.048348;0.29;0.670911;0.608073;0.587972;0.547614;0.497887;0.428433;0.337470;0.248143;0.162107;0.100754
557.9;0.023361;0.7;0.655975;0.610298;0.574708;0.515943;0.449363;0.378103;0.298956;0.221397;0.154795;0.108756
1136.1;0.011975;0.44;0.734450;0.709003;0.686612;0.652264;0.603467;0.537750;0.460886;0.381133;0.310633;0.263810
719.9;0.024828;0.3;0.686243;0.643543;0.624019;0.585853;0.535816;0.464050;0.376108;0.284607;0.202552;0.140723
487.8;0.037818;0.26;0.435777;0.397337;0.379870;0.346564;0.306388;0.250958;0.190559;0.132907;0.085387;0.052642
597.6;0.058454;0.28;0.344218;0.307950;0.295797;0.270202;0.234877;0.190699;0.139205;0.093903;0.056195;0.032701
1552.9;0.044456;0.08;0.830452;0.751292;0.734390;0.696364;0.658774;0.589939;0.490339;0.371209;0.254114;0.163252
400;0.045894;0.78;0.436963;0.391635;0.361006;0.312221;0.261669;0.206878;0.152680;0.107207;0.069175;0.043351
639.5;0.037951;0.3;0.538601;0.491812;0.474936;0.439195;0.392800;0.329333;0.255378;0.183517;0.118718;0.074475
375.3;0.036668;0.06;0.331911;0.300791;0.285383;0.256709;0.221710;0.180463;0.133187;0.091945;0.057310;0.035414
918.4;0.053786;0.34;0.552161;0.499418;0.481807;0.448846;0.403550;0.336797;0.261871;0.184306;0.116059;0.069899
318.6;0.029655;0.85;0.403097;0.370759;0.345788;0.305406;0.258097;0.206440;0.156090;0.110511;0.074897;0.050128
1556.1;0.032903;0.16;0.967401;0.900735;0.879319;0.837400;0.785983;0.706428;0.597432;0.475191;0.350388;0.246468
575.3;0.020412;0.31;0.575484;0.544143;0.528611;0.498209;0.456765;0.397386;0.324070;0.246615;0.178764;0.128332
430.7;0.047864;0.52;0.347152;0.315235;0.301010;0.272754;0.237690;0.194832;0.145146;0.100677;0.063249;0.037768
730.3;0.037335;0.53;0.693977;0.629335;0.594071;0.535100;0.467989;0.384655;0.301793;0.222735;0.151472;0.098312
938.5;0.027869;0.78;1.347277;1.232012;1.154002;1.028186;0.870391;0.684372;0.514641;0.361181;0.241395;0.159828
442.3;0.04505;0.07;0.308432;0.280587;0.268281;0.243406;0.210708;0.167232;0.123660;0.082689;0.051516;0.030857
1693.5;0.015461;0.83;1.816364;1.732977;1.654196;1.520712;1.346599;1.130352;0.913918;0.691843;0.506497;0.374046
764.9;0.010331;0.91;0.433411;0.419235;0.400818;0.370567;0.331518;0.289937;0.244540;0.199701;0.164538;0.139961
716.3;0.039865;0.75;0.916865;0.828308;0.765056;0.660140;0.540426;0.422509;0.306425;0.215965;0.142625;0.092886
386.9;0.042959;0.12;0.293629;0.265690;0.254033;0.229913;0.199412;0.158400;0.117028;0.078509;0.049190;0.029418
717.5;0.039;0.13;0.568325;0.523404;0.505771;0.467811;0.417850;0.350973;0.267102;0.190616;0.122120;0.074738
364.9;0.055498;0.3;0.223463;0.202716;0.193307;0.175523;0.152737;0.120736;0.087747;0.057920;0.035153;0.021724
1007.6;0.0418;0.38;0.759589;0.688735;0.658395;0.601122;0.533206;0.454841;0.364054;0.270756;0.184403;0.119267
1366;0.036278;0.65;1.593158;1.428436;1.336697;1.190703;1.018688;0.809435;0.594636;0.423363;0.287835;0.194926
1183.5;0.022981;0.83;1.678377;1.559303;1.472530;1.321538;1.148620;0.931982;0.711248;0.503686;0.343182;0.227488
425.8;0.012559;0.77;0.260548;0.251290;0.243779;0.230356;0.211421;0.187581;0.159809;0.131181;0.107533;0.090026
413.2;0.046598;0.69;0.381757;0.344342;0.323712;0.289235;0.249382;0.201241;0.152307;0.106267;0.068467;0.042463
1388.1;0.018215;0.47;1.234669;1.165043;1.113043;1.026003;0.919121;0.793840;0.653753;0.515297;0.400423;0.305243
1567.2;0.02402;0.39;1.337515;1.246111;1.187123;1.084752;0.972748;0.829868;0.690565;0.554759;0.414865;0.300197
1047.3;0.022971;0.54;1.106796;1.030334;0.973103;0.879888;0.776050;0.649138;0.526715;0.407138;0.294166;0.208207
452.8;0.037355;0.59;0.444305;0.405759;0.383958;0.343890;0.301364;0.249059;0.192789;0.138301;0.091256;0.058432
1456.1;0.037063;0.07;0.869524;0.802372;0.790100;0.758379;0.716172;0.637192;0.539607;0.420855;0.296322;0.199214
1137.1;0.043048;0.83;1.539459;1.406424;1.321037;1.165333;0.978385;0.750175;0.539591;0.355615;0.226071;0.143103
1405.1;0.029733;0.7;1.788240;1.637522;1.549332;1.393091;1.194879;0.950830;0.719792;0.511936;0.344872;0.230609
588.4;0.052396;0.2;0.364913;0.331847;0.319607;0.292821;0.256824;0.205031;0.152120;0.101851;0.062658;0.037016
421.3;0.057253;0.08;0.205157;0.185294;0.178801;0.163080;0.142051;0.112422;0.082643;0.054235;0.033357;0.021074
1380.7;0.02885;0.09;0.884700;0.840428;0.833135;0.807335;0.771524;0.704111;0.603039;0.476712;0.356129;0.253884
587.9;0.013364;0.94;0.506307;0.487662;0.464673;0.427252;0.377894;0.317563;0.254351;0.197091;0.150179;0.115053
1095;0.02905;0.32;0.891170;0.832240;0.807032;0.756397;0.692780;0.603805;0.495698;0.378656;0.274161;0.191981
406.2;0.013821;0.77;0.287366;0.277186;0.267787;0.251017;0.229361;0.202076;0.168792;0.136780;0.108969;0.087937
375.5;0.030542;0.07;0.380061;0.349763;0.332643;0.301425;0.265193;0.217499;0.164392;0.116286;0.074984;0.047010
1043.1;0.01715;0.61;1.062081;1.004345;0.954562;0.873014;0.770016;0.655187;0.527431;0.406620;0.307884;0.232492
1390.8;0.049946;0.63;1.326727;1.168967;1.088185;0.957809;0.807432;0.627175;0.464799;0.332348;0.227067;0.151446
1607.6;0.056512;0.09;0.723941;0.653031;0.638504;0.605513;0.568046;0.492428;0.393762;0.280663;0.181429;0.111169
481.9;0.010236;0.83;0.191297;0.186408;0.181578;0.173373;0.162105;0.147219;0.129421;0.112534;0.096860;0.086414
1096.4;0.042502;0.85;1.533695;1.397455;1.313053;1.160321;0.975371;0.749276;0.536525;0.353325;0.222228;0.138901
957.1;0.043927;0.75;1.192141;1.071011;0.994438;0.859846;0.704885;0.547481;0.390716;0.271648;0.177975;0.115810
316.7;0.022681;0.92;0.397344;0.372515;0.349815;0.311966;0.264698;0.215004;0.164129;0.116053;0.079858;0.053891
772;0.052159;0.64;0.678368;0.602359;0.558210;0.489044;0.416912;0.335403;0.253106;0.181439;0.119097;0.074794
1412;0.011343;0.72;1.056691;1.017395;0.974421;0.906389;0.809569;0.691449;0.568398;0.455525;0.360396;0.294313
735.7;0.014665;0.07;0.595456;0.572809;0.556394;0.530604;0.500884;0.455514;0.393515;0.323600;0.254443;0.199643
1039.9;0.049894;0.02;0.600997;0.545605;0.531630;0.496933;0.447506;0.370841;0.283311;0.194708;0.121861;0.074294
531.9;0.04557;0.82;0.695103;0.617421;0.565072;0.486299;0.394828;0.296844;0.214751;0.146374;0.094144;0.059608
1142.8;0.04917;0.33;0.710413;0.638785;0.614812;0.568483;0.515594;0.441847;0.350957;0.259655;0.171275;0.107274
668.2;0.041196;0.27;0.524364;0.480677;0.463433;0.426888;0.381994;0.320024;0.244362;0.173673;0.111445;0.068717
1215.7;0.051271;0.12;0.661424;0.598855;0.583505;0.549156;0.508244;0.432623;0.338930;0.239356;0.153441;0.094030
1264.9;0.011751;0.19;0.675330;0.656371;0.645376;0.623955;0.592374;0.545518;0.483467;0.415015;0.361832;0.316803
1347.4;0.030274;0.38;1.133276;1.041127;0.991564;0.907462;0.819271;0.704496;0.571304;0.439434;0.318699;0.226576
930.8;0.022483;0.82;1.325696;1.227070;1.152741;1.035451;0.888508;0.714089;0.544568;0.386444;0.265784;0.179286
417.3;0.034045;0.75;0.495926;0.452417;0.420982;0.369449;0.315631;0.253251;0.191234;0.137925;0.092382;0.060652
1168.9;0.052131;0.02;0.622880;0.567962;0.555753;0.522302;0.473344;0.394685;0.303856;0.209500;0.131110;0.080174
516.1;0.01156;0.58;0.315747;0.305195;0.296674;0.281173;0.259427;0.231462;0.198257;0.168214;0.140476;0.119575
833.9;0.019364;0.4;0.762388;0.716161;0.691169;0.646451;0.587331;0.517088;0.438743;0.348896;0.259580;0.189254
525.6;0.05718;0.04;0.247330;0.224973;0.217901;0.200021;0.175929;0.140326;0.102478;0.068545;0.041858;0.024982
1361.4;0.057396;0.43;0.816762;0.725477;0.687852;0.621940;0.548542;0.460667;0.362299;0.269240;0.180438;0.113650
1519.6;0.032649;0.41;1.292172;1.184677;1.120654;1.018346;0.904556;0.763190;0.606625;0.462311;0.334997;0.237798
791.1;0.050542;0.87;1.101416;0.970096;0.896254;0.777889;0.643426;0.482889;0.333905;0.218026;0.135785;0.083802
1259.7;0.056444;0.23;0.644237;0.581423;0.564146;0.530547;0.485866;0.411840;0.326322;0.231154;0.146431;0.089196
1042.9;0.028617;0.5;1.048786;0.962597;0.908237;0.819875;0.725948;0.614114;0.487662;0.367149;0.259931;0.182303
1033.3;0.047243;0.64;1.032582;0.915691;0.848051;0.743927;0.623168;0.486645;0.365359;0.262383;0.177848;0.116585
1115.2;0.054613;0.49;0.761900;0.675682;0.637751;0.571103;0.501392;0.416439;0.323161;0.237921;0.158550;0.099617
414.3;0.02213;0.13;0.467524;0.436480;0.418354;0.384994;0.342398;0.287344;0.229606;0.170930;0.119245;0.082152
1122;0.01648;0.19;0.796099;0.759550;0.744943;0.712672;0.670494;0.605846;0.534256;0.454524;0.364160;0.286133
869.1;0.021253;0.16;0.739471;0.704221;0.691158;0.663210;0.623135;0.558912;0.471590;0.370777;0.272227;0.196847
387.8;0.027501;0.59;0.421435;0.389646;0.371573;0.338384;0.299143;0.248851;0.194895;0.144080;0.099835;0.067744
550.6;0.024354;0.29;0.575962;0.539410;0.519934;0.482253;0.434554;0.370466;0.292872;0.221090;0.155598;0.105686
792.2;0.056374;0.21;0.447975;0.400283;0.385479;0.358356;0.319249;0.259404;0.193520;0.130019;0.080484;0.047452
1161.8;0.012566;0.52;0.835597;0.803997;0.774320;0.724662;0.663566;0.582699;0.490484;0.398511;0.317255;0.262283
1168.4;0.039633;0.84;1.668100;1.485351;1.400099;1.249188;1.062155;0.828934;0.585755;0.397146;0.249254;0.156061
441.9;0.018145;0.59;0.428295;0.405063;0.388192;0.361854;0.328720;0.288144;0.237377;0.183364;0.135224;0.100001
1173.5;0.05192;0.65;1.113731;0.985371;0.919362;0.802370;0.666297;0.516883;0.386339;0.274926;0.185008;0.121618
1161.5;0.018378;0.29;0.889892;0.847237;0.821521;0.776581;0.719809;0.641477;0.553527;0.462205;0.359998;0.274204
736.8;0.03511;0.27;0.630946;0.580002;0.558283;0.514789;0.462394;0.394835;0.312178;0.228204;0.153298;0.097975
1020.3;0.059966;0.13;0.498992;0.447014;0.432929;0.404692;0.363653;0.297024;0.222518;0.149480;0.092730;0.054656
427.7;0.02777;0.63;0.470485;0.435870;0.414642;0.376456;0.330131;0.275291;0.213650;0.158433;0.110146;0.074645
679.6;0.012354;0.51;0.488066;0.470103;0.454452;0.429277;0.394392;0.347214;0.293422;0.242378;0.198962;0.165520
1124.2;0.020683;0.49;1.080262;1.022926;0.976207;0.893577;0.793274;0.679273;0.553287;0.440433;0.327805;0.239383
1013;0.029892;0.79;1.454202;1.341672;1.260282;1.118947;0.944155;0.736101;0.551973;0.380649;0.251515;0.165473
890.2;0.02148;0.71;1.109702;1.036474;0.976940;0.876926;0.755387;0.621850;0.480937;0.360263;0.254884;0.179640
332.1;0.056806;0.3;0.196154;0.177972;0.170634;0.154501;0.133502;0.104631;0.076514;0.049944;0.030230;0.019279
1064.2;0.044159;0.64;1.114420;0.999658;0.929147;0.806099;0.678166;0.532402;0.395388;0.286019;0.194119;0.127988
1140.6;0.058106;0.71;1.090647;0.964003;0.896031;0.773308;0.636893;0.492799;0.357191;0.251621;0.166001;0.107563
910.9;0.031899;0.57;0.969499;0.886270;0.835617;0.752611;0.652894;0.534644;0.415121;0.304050;0.212835;0.144674
982;0.057017;0.76;1.039310;0.923683;0.856238;0.736679;0.601454;0.459186;0.328178;0.226615;0.147051;0.094199
968.8;0.010292;0.84;0.597779;0.579086;0.553838;0.512030;0.458054;0.393016;0.332414;0.271560;0.222123;0.188514
653;0.040515;0.61;0.644532;0.578135;0.543817;0.484740;0.414339;0.336858;0.260601;0.188692;0.126683;0.081684
889.9;0.050054;0.12;0.543859;0.493371;0.478076;0.443624;0.395987;0.328914;0.248548;0.171478;0.106090;0.064185
454.1;0.021649;0.25;0.498504;0.467234;0.450111;0.417705;0.375195;0.318992;0.251959;0.191246;0.135714;0.094056
935.4;0.056623;0.12;0.496919;0.443735;0.428402;0.398133;0.357299;0.292719;0.217782;0.147804;0.091587;0.053989
328.6;0.048163;0.85;0.388860;0.346889;0.316554;0.269038;0.221861;0.170833;0.123161;0.084316;0.053689;0.033401
549.2;0.051322;0.49;0.401036;0.363686;0.348179;0.317391;0.278698;0.230040;0.172202;0.119868;0.075016;0.044434
341.6;0.038673;0.74;0.365334;0.331165;0.309749;0.273152;0.233706;0.189966;0.144535;0.102888;0.067454;0.043422
387.4;0.049629;0.47;0.300356;0.271872;0.258495;0.234382;0.205153;0.164392;0.121946;0.082106;0.051045;0.030400
1041.1;0.026452;0.5;1.052137;0.974951;0.924234;0.832885;0.733883;0.625308;0.504115;0.382227;0.271701;0.191371
925.3;0.021173;0.44;0.867161;0.815286;0.781994;0.723794;0.651440;0.565775;0.475741;0.374738;0.275886;0.198620
585.4;0.025619;0.81;0.815408;0.757234;0.709103;0.625856;0.527390;0.420853;0.320273;0.225946;0.153999;0.103888
1155.2;0.039226;0.8;1.590442;1.418846;1.334828;1.187335;1.003729;0.779197;0.556021;0.376479;0.242055;0.155549
331;0.051496;0.61;0.267162;0.241520;0.229080;0.206035;0.179854;0.144074;0.106995;0.072462;0.045017;0.026791
694.9;0.024523;0.33;0.670114;0.629212;0.609667;0.571365;0.521821;0.451415;0.365618;0.275771;0.196591;0.136936
643.4;0.030128;0.33;0.618518;0.572282;0.550867;0.508996;0.456571;0.383493;0.306410;0.227598;0.154799;0.102830
989;0.053103;0.3;0.582274;0.526675;0.508617;0.474863;0.430274;0.360478;0.282233;0.198743;0.125409;0.076598
1015.7;0.040737;0.66;1.144683;1.035397;0.963507;0.840714;0.699709;0.551712;0.407087;0.291868;0.197630;0.131829
468.2;0.059559;0.72;0.378165;0.339338;0.318205;0.280486;0.238539;0.191271;0.140527;0.096750;0.060679;0.035898
740.8;0.020185;0.76;0.921685;0.865639;0.817095;0.735012;0.634851;0.523056;0.406012;0.302628;0.215443;0.152434
701;0.05136;0.74;0.750601;0.671291;0.618220;0.528441;0.432829;0.336828;0.246322;0.173430;0.112647;0.071117
881.7;0.043793;0.3;0.623357;0.563284;0.545084;0.506795;0.459276;0.391518;0.306747;0.223149;0.145145;0.089909
938.4;0.022447;0.74;1.235426;1.148118;1.081098;0.967574;0.828655;0.675728;0.516342;0.380160;0.264829;0.183489
979.2;0.033789;0.6;1.072451;0.977243;0.920920;0.822386;0.704769;0.567031;0.434227;0.314732;0.219387;0.148272
548.4;0.029954;0.29;0.547911;0.507289;0.487502;0.447368;0.395868;0.334738;0.262611;0.192981;0.130253;0.083968
911.7;0.039972;0.4;0.729512;0.660756;0.631866;0.577942;0.511505;0.433617;0.345094;0.256934;0.174824;0.113063
889.6;0.050026;0.46;0.623594;0.561901;0.535057;0.487951;0.432842;0.364033;0.282417;0.205152;0.134297;0.083642
446.4;0.015253;0.5;0.390729;0.371981;0.359793;0.337184;0.309071;0.272852;0.229975;0.183464;0.140846;0.108355
407.1;0.051072;0.53;0.314792;0.284594;0.270874;0.244505;0.214840;0.173704;0.128824;0.087526;0.054531;0.032319
748.5;0.052054;0.38;0.490560;0.443484;0.428052;0.395491;0.352049;0.292695;0.223698;0.156373;0.098069;0.058327
1163.8;0.027725;0.33;0.947335;0.883279;0.852424;0.795891;0.732451;0.642333;0.530276;0.411045;0.299197;0.212368
606.3;0.031503;0.66;0.694928;0.641447;0.602824;0.537673;0.461364;0.374499;0.287541;0.209172;0.143909;0.096609
826.7;0.038612;0.85;1.236946;1.113802;1.040579;0.914241;0.759472;0.578524;0.411545;0.272961;0.174211;0.110281
501.4;0.045041;0.58;0.431265;0.390107;0.370241;0.335175;0.293771;0.241581;0.184300;0.129910;0.083961;0.052025
976.1;0.047123;0.57;0.854995;0.766214;0.718039;0.632793;0.535968;0.434463;0.335742;0.244071;0.164473;0.106889
529.6;0.047894;0.69;0.505254;0.451766;0.420361;0.369154;0.315841;0.254181;0.190704;0.135429;0.087787;0.054848
755.4;0.029456;0.4;0.710347;0.661094;0.636064;0.587938;0.528097;0.450240;0.356810;0.269503;0.189261;0.127849
929.2;0.031465;0.46;0.866970;0.805277;0.767992;0.701327;0.621613;0.522065;0.415461;0.311107;0.220472;0.149909
1101.8;0.057817;0.51;0.725726;0.646232;0.609014;0.548415;0.478485;0.394712;0.308038;0.222237;0.146658;0.091236
1163.4;0.038649;0.84;1.679654;1.494623;1.399682;1.253163;1.067174;0.836745;0.594622;0.402305;0.252225;0.159130
792.5;0.052486;0.46;0.533130;0.483632;0.462314;0.423039;0.377826;0.313250;0.243461;0.171699;0.109061;0.066709
424.8;0.023817;0.61;0.455378;0.427272;0.409063;0.376417;0.336072;0.283802;0.225854;0.167653;0.118837;0.083225
434.4;0.041116;0.47;0.383492;0.350484;0.334110;0.303534;0.268072;0.219344;0.167103;0.116411;0.074843;0.046438
531.8;0.039418;0.54;0.490721;0.445110;0.421631;0.380961;0.335257;0.278025;0.215611;0.155240;0.101114;0.064344
1056.6;0.058173;0.13;0.537871;0.480757;0.465561;0.431624;0.390798;0.324003;0.242158;0.165940;0.102863;0.060412
528.9;0.014295;0.74;0.435518;0.415952;0.400450;0.373856;0.338032;0.290941;0.241103;0.190758;0.149751;0.118546
1032.9;0.035025;0.64;1.196159;1.080022;1.014098;0.901067;0.765784;0.607292;0.457204;0.326578;0.225277;0.151783
519.2;0.036079;0.26;0.473085;0.433030;0.414797;0.380288;0.335105;0.279423;0.212263;0.151463;0.097451;0.060228
1136.3;0.014508;0.11;0.728927;0.705573;0.692747;0.667811;0.633449;0.580023;0.515621;0.449004;0.371704;0.305500
615;0.055233;0.71;0.560256;0.497455;0.459731;0.402328;0.338556;0.266786;0.200017;0.138961;0.088944;0.054894
476.9;0.054219;0.55;0.349712;0.314517;0.299355;0.271518;0.238604;0.194224;0.144471;0.098556;0.061403;0.036205
526;0.031949;0.62;0.571199;0.524378;0.494449;0.443406;0.385423;0.318143;0.245598;0.180131;0.122970;0.082076
854.4;0.049086;0.61;0.760565;0.682056;0.635172;0.554661;0.470331;0.380242;0.290680;0.210805;0.139319;0.088836
863.3;0.015502;0.78;0.924256;0.879829;0.836545;0.763709;0.670473;0.557610;0.444341;0.337980;0.248214;0.187726
424.1;0.039852;0.48;0.383109;0.350670;0.334867;0.303922;0.267897;0.220081;0.167632;0.117881;0.076163;0.047373
496;0.03153;0.8;0.667703;0.611677;0.570014;0.500783;0.419875;0.328925;0.245839;0.171814;0.115767;0.076433
463.9;0.046536;0.41;0.366211;0.333021;0.318262;0.288893;0.251732;0.206750;0.153301;0.106067;0.066299;0.039519
337.6;0.023059;0.14;0.377543;0.351065;0.334651;0.305468;0.271887;0.229262;0.179789;0.132712;0.091209;0.061579
396.2;0.01474;0.35;0.346867;0.333317;0.323737;0.306027;0.282541;0.248737;0.207087;0.164851;0.125724;0.098545
854.8;0.032548;0.36;0.750743;0.691428;0.663945;0.612871;0.551441;0.470204;0.375557;0.282553;0.196632;0.131892
1145.7;0.042004;0.47;0.958556;0.864271;0.812583;0.724900;0.633128;0.517836;0.409287;0.307523;0.213086;0.140848
619;0.016602;0.49;0.571206;0.541951;0.521736;0.488474;0.444059;0.386520;0.325327;0.259815;0.196230;0.148361
669.6;0.032641;0.67;0.781033;0.721609;0.676235;0.599770;0.510670;0.409259;0.312834;0.225664;0.155004;0.103834
1185.9;0.04261;0.39;0.881703;0.796097;0.756635;0.688440;0.608669;0.511700;0.410142;0.310361;0.215121;0.141276
909;0.025404;0.31;0.791616;0.739966;0.718261;0.679615;0.627630;0.551222;0.454018;0.348158;0.252060;0.177581
1189.5;0.030118;0.7;1.531038;1.413959;1.329477;1.181804;1.000888;0.794621;0.603376;0.425061;0.287446;0.194526
990.1;0.054212;0.83;1.226744;1.074175;1.003555;0.877701;0.725699;0.545264;0.383379;0.251585;0.160205;0.100997
603;0.045029;0.57;0.517661;0.465651;0.440466;0.396508;0.347926;0.287700;0.220040;0.158381;0.103186;0.064367
896.1;0.022094;0.83;1.276795;1.185215;1.111184;0.998144;0.857197;0.688344;0.526417;0.372750;0.257215;0.173419
519.7;0.047992;0.15;0.354246;0.318358;0.305864;0.279646;0.244051;0.194745;0.143881;0.096306;0.059992;0.035719
566;0.024546;0.55;0.596023;0.554122;0.530357;0.490764;0.440325;0.373951;0.298032;0.221901;0.157583;0.109895
912.2;0.023872;0.1;0.777832;0.738206;0.725267;0.692520;0.648585;0.577054;0.480270;0.369752;0.271451;0.192410
775.1;0.010305;0.22;0.437456;0.425167;0.414288;0.394845;0.367225;0.330008;0.292901;0.256658;0.221140;0.194536
670.4;0.028736;0.43;0.657094;0.611185;0.587605;0.541742;0.484577;0.411328;0.324258;0.243912;0.170734;0.115180
842.4;0.031847;0.29;0.728999;0.673600;0.650478;0.604509;0.548772;0.469023;0.377290;0.283663;0.196286;0.131210
975.5;0.025215;0.53;1.021766;0.948868;0.899362;0.812614;0.711380;0.602028;0.486948;0.367752;0.261997;0.184790
825.2;0.024543;0.35;0.751486;0.704115;0.680500;0.641471;0.590442;0.516719;0.423286;0.323556;0.233157;0.164444
796.6;0.022126;0.67;0.949107;0.886335;0.833246;0.745273;0.651347;0.536302;0.423612;0.321033;0.227190;0.159254
825.2;0.056834;0.57;0.587578;0.525819;0.497217;0.445215;0.388598;0.316616;0.244508;0.173553;0.111643;0.067642
760.6;0.05301;0.29;0.476284;0.430303;0.414869;0.382089;0.339096;0.282585;0.210933;0.146343;0.091019;0.053477
374.3;0.029861;0.15;0.387395;0.357770;0.341326;0.310294;0.271442;0.225346;0.171236;0.122341;0.079138;0.050665
947.6;0.033971;0.1;0.749236;0.691088;0.672481;0.631293;0.575113;0.500499;0.402788;0.302069;0.204114;0.131952
1196.5;0.03825;0.25;0.836684;0.764260;0.738388;0.689553;0.629174;0.542156;0.445887;0.341755;0.236402;0.155926
619.1;0.034481;0.49;0.593409;0.542993;0.516046;0.471287;0.415006;0.345545;0.271770;0.200196;0.135618;0.087744
1174.1;0.023491;0.59;1.320971;1.230481;1.161710;1.043731;0.907041;0.750930;0.588071;0.451104;0.321243;0.226211
611.8;0.059487;0.2;0.324204;0.288545;0.277341;0.252865;0.221846;0.179192;0.129465;0.087551;0.052648;0.030517
1097.9;0.019184;0.21;0.828488;0.787755;0.768758;0.731839;0.681706;0.622771;0.547904;0.452468;0.347814;0.259635
709.2;0.053083;0.35;0.458351;0.414164;0.398579;0.366221;0.324025;0.270127;0.201802;0.140220;0.087354;0.051408
672.1;0.011632;0.17;0.460953;0.443978;0.432594;0.410667;0.378170;0.340708;0.299575;0.253861;0.211245;0.178003
496;0.026598;0.43;0.524526;0.485898;0.465791;0.429020;0.382592;0.321849;0.253623;0.188743;0.131285;0.088761
413.1;0.047437;0.33;0.314870;0.283722;0.269741;0.246049;0.214439;0.171226;0.126706;0.085068;0.053064;0.031623
578;0.042218;0.6;0.538631;0.487033;0.457853;0.407227;0.353881;0.291051;0.224570;0.161940;0.105776;0.066892
953.5;0.018462;0.28;0.782436;0.743235;0.721211;0.682551;0.630257;0.565662;0.490459;0.399610;0.304109;0.226659
1004.6;0.05761;0.62;0.808562;0.710343;0.661398;0.576878;0.491122;0.392472;0.295879;0.213200;0.141393;0.089228
924.4;0.037164;0.25;0.710042;0.652356;0.631804;0.587199;0.529248;0.458054;0.366608;0.273194;0.185282;0.118925
308.8;0.022571;0.18;0.341547;0.318948;0.304194;0.277524;0.247859;0.209272;0.164409;0.121907;0.084216;0.057411
1058.9;0.038929;0.83;1.526293;1.357906;1.276726;1.134784;0.957466;0.741660;0.525909;0.354466;0.225203;0.142791
1130.1;0.055774;0.55;0.838284;0.740660;0.691771;0.610846;0.526255;0.428231;0.328664;0.241310;0.161586;0.102622
993.9;0.05478;0.43;0.620012;0.558115;0.534008;0.487880;0.437624;0.365964;0.287350;0.204782;0.132554;0.081318
338.4;0.034125;0.19;0.325460;0.298405;0.284177;0.257558;0.223684;0.181009;0.137244;0.094683;0.060848;0.038024
640.4;0.032137;0.54;0.654884;0.601504;0.570139;0.515504;0.451537;0.376772;0.293630;0.217124;0.149366;0.099913
933.9;0.025588;0.19;0.787695;0.739796;0.723245;0.688868;0.640922;0.567005;0.469197;0.360189;0.261258;0.183435
956.6;0.012766;0.29;0.649547;0.627334;0.611049;0.583361;0.544475;0.488990;0.419667;0.354418;0.294387;0.245946
501.8;0.04769;0.21;0.356667;0.320966;0.306050;0.280213;0.245392;0.196489;0.145078;0.097627;0.060775;0.036135
542.1;0.016597;0.36;0.507001;0.480163;0.464279;0.437561;0.404181;0.358267;0.299183;0.235058;0.176370;0.132806
905.7;0.027796;0.38;0.809447;0.755591;0.731388;0.682584;0.620593;0.534847;0.434048;0.327818;0.235042;0.163284
729.7;0.029794;0.84;1.109693;1.027199;0.957016;0.838786;0.695549;0.547088;0.401029;0.274174;0.178865;0.117132
861.3;0.054276;0.81;1.036826;0.917801;0.851330;0.734621;0.597398;0.447298;0.317450;0.212425;0.135340;0.085724
512.8;0.011062;0.73;0.265262;0.257014;0.250042;0.237779;0.220888;0.197847;0.171861;0.145124;0.121378;0.105550
459.4;0.052204;0.16;0.281834;0.253982;0.242915;0.219877;0.189900;0.152964;0.110709;0.074849;0.045081;0.026768
1046.7;0.024404;0.44;0.988824;0.921302;0.877616;0.801851;0.716456;0.621835;0.514615;0.397252;0.287240;0.205229
990.2;0.022517;0.42;0.914449;0.857540;0.821487;0.756578;0.679674;0.594369;0.499842;0.391560;0.286153;0.205592
1141;0.034419;0.43;0.992002;0.918160;0.872933;0.792872;0.698615;0.585453;0.464481;0.351947;0.250609;0.171233
397.1;0.046452;0.88;0.547596;0.489842;0.449429;0.381411;0.304677;0.227710;0.160763;0.107420;0.067056;0.041617
464;0.020131;0.29;0.494200;0.466939;0.450579;0.420707;0.381293;0.327161;0.262999;0.198769;0.142928;0.102813
389.2;0.020814;0.19;0.433501;0.408934;0.392062;0.362263;0.324089;0.273089;0.217764;0.163296;0.116213;0.081203
740.8;0.058817;0.74;0.720295;0.630673;0.580499;0.498157;0.412557;0.318114;0.233112;0.161291;0.104230;0.064887
473.9;0.039662;0.14;0.398044;0.362794;0.346906;0.315071;0.273674;0.222376;0.165939;0.114171;0.071070;0.043719
389.2;0.058385;0.74;0.321385;0.289149;0.270616;0.238308;0.203548;0.162679;0.119544;0.081398;0.050892;0.030191
339.7;0.054798;0.87;0.402491;0.356297;0.322266;0.274219;0.221241;0.164884;0.118142;0.078449;0.048731;0.029780
801.6;0.019501;0.71;0.946033;0.885784;0.836393;0.757892;0.660504;0.547336;0.430934;0.325131;0.236234;0.169281
995.2;0.01009;0.59;0.542473;0.527877;0.510416;0.479960;0.442806;0.394237;0.338977;0.285613;0.241959;0.211098
580.7;0.045588;0.89;0.876076;0.782729;0.719286;0.610645;0.499281;0.373994;0.256587;0.168967;0.104944;0.064338
461.1;0.053386;0.55;0.343812;0.309424;0.294455;0.266935;0.234301;0.190785;0.141704;0.096819;0.060327;0.035616
605.1;0.015915;0.5;0.546135;0.519018;0.501141;0.468729;0.427407;0.370286;0.311906;0.251269;0.191692;0.146795
489.1;0.011951;0.3;0.344388;0.330480;0.321249;0.303390;0.280016;0.251939;0.217730;0.181529;0.148685;0.123766
759.1;0.03991;0.26;0.587280;0.536671;0.519581;0.483279;0.436207;0.368584;0.287633;0.207532;0.134087;0.084012
1115.7;0.040216;0.49;0.989078;0.893239;0.839030;0.746405;0.647066;0.530705;0.413806;0.311100;0.215345;0.143798
866;0.035822;0.67;1.022984;0.935450;0.874818;0.769712;0.647584;0.508323;0.383227;0.273582;0.187034;0.125358
391.4;0.010375;0.89;0.141040;0.137819;0.134008;0.127695;0.119166;0.108029;0.095492;0.083174;0.071596;0.063932
651.8;0.044447;0.37;0.498371;0.452734;0.435186;0.399345;0.357851;0.297599;0.228623;0.160439;0.103076;0.063430
349.2;0.057301;0.28;0.199957;0.182043;0.174709;0.158362;0.137065;0.107582;0.078700;0.051348;0.031094;0.019791
751.2;0.053677;0.38;0.480206;0.434195;0.418230;0.385334;0.342249;0.285367;0.215684;0.150760;0.094294;0.055617
688.5;0.015664;0.17;0.597103;0.568791;0.551954;0.522615;0.490238;0.442105;0.377074;0.304422;0.233893;0.178490
1197.8;0.027728;0.61;1.398058;1.282724;1.209191;1.082989;0.926885;0.749671;0.588707;0.431614;0.301114;0.208662
1030.4;0.022097;0.4;0.927048;0.869849;0.835632;0.772954;0.696808;0.610196;0.516296;0.408060;0.300581;0.216741
737.1;0.038017;0.81;1.048281;0.953041;0.885281;0.770194;0.633379;0.479746;0.347420;0.235147;0.153648;0.099759
1105;0.040636;0.44;0.908347;0.820015;0.773976;0.696450;0.613325;0.506712;0.404094;0.305017;0.211038;0.139098
423.8;0.02504;0.81;0.537019;0.495623;0.464084;0.412083;0.356524;0.292049;0.223072;0.162165;0.110867;0.076280
651;0.049907;0.28;0.442453;0.400602;0.385245;0.352782;0.311273;0.257382;0.190868;0.131886;0.081971;0.048137
1134.6;0.049782;0.74;1.292118;1.140140;1.058006;0.920569;0.770380;0.588743;0.421914;0.290989;0.192023;0.124890
1125.7;0.049055;0.79;1.389821;1.232678;1.147525;0.993970;0.833309;0.642446;0.449701;0.305816;0.196016;0.125130
942.2;0.027555;0.44;0.881298;0.819096;0.782947;0.721414;0.652167;0.559238;0.450042;0.341229;0.244420;0.170884
856.5;0.012715;0.57;0.642148;0.620513;0.599477;0.562446;0.511009;0.445949;0.373466;0.302569;0.241527;0.200048
609;0.045435;0.17;0.442739;0.402340;0.386290;0.352811;0.308424;0.253693;0.187963;0.129282;0.080275;0.048283
1142.4;0.059646;0.3;0.586384;0.531467;0.515183;0.478626;0.432538;0.366861;0.283606;0.200457;0.125924;0.073803
412.3;0.018124;0.58;0.396356;0.374956;0.361309;0.337942;0.308674;0.270119;0.221711;0.171355;0.125803;0.093465
957.5;0.015678;0.52;0.843526;0.804410;0.772439;0.716407;0.648347;0.563772;0.466348;0.369568;0.289817;0.225727
881.8;0.055644;0.83;1.078024;0.954134;0.886288;0.766750;0.624896;0.466331;0.328617;0.217474;0.136886;0.086200
1049.8;0.034083;0.63;1.207837;1.097475;1.023144;0.912717;0.779754;0.622651;0.469281;0.336908;0.232573;0.157752
658.5;0.05259;0.5;0.465794;0.418921;0.400276;0.367275;0.323821;0.267152;0.204477;0.143407;0.090483;0.053840
974.8;0.050496;0.61;0.862732;0.773346;0.719771;0.627376;0.527737;0.423203;0.322253;0.233590;0.155518;0.099796
1051.7;0.019338;0.17;0.799373;0.760384;0.742546;0.707148;0.666967;0.614843;0.538723;0.441805;0.337511;0.251261
590.2;0.02236;0.13;0.620612;0.582995;0.564638;0.528116;0.478375;0.410431;0.327659;0.249766;0.177703;0.122862
797;0.012709;0.7;0.622586;0.602129;0.579706;0.539628;0.485908;0.416668;0.345360;0.276561;0.216961;0.175593
1181.2;0.040448;0.36;0.885128;0.799271;0.760705;0.696355;0.621740;0.524316;0.424331;0.323334;0.224238;0.147475
794.4;0.048862;0.15;0.512652;0.465050;0.449654;0.415140;0.368504;0.305203;0.229322;0.158068;0.097984;0.058943
597.4;0.035553;0.84;0.888342;0.804452;0.746949;0.649376;0.534287;0.405687;0.293519;0.197469;0.129363;0.083552
857.5;0.011388;0.14;0.535123;0.517979;0.506512;0.484721;0.451952;0.405746;0.360269;0.313031;0.265985;0.228219
624.6;0.059519;0.15;0.316986;0.281938;0.271185;0.247327;0.218119;0.175786;0.127219;0.085887;0.051787;0.030197
980.9;0.035047;0.56;0.999055;0.922408;0.868628;0.774652;0.665092;0.538830;0.416066;0.306500;0.214064;0.145080
672.5;0.0266;0.45;0.665726;0.622586;0.599840;0.556561;0.500254;0.424949;0.340016;0.254526;0.179921;0.123336
743.1;0.018694;0.12;0.670100;0.640606;0.626799;0.598810;0.560437;0.500802;0.420976;0.331421;0.245059;0.182434
925.3;0.041282;0.14;0.647312;0.594280;0.579316;0.542731;0.495118;0.422740;0.331235;0.239046;0.153670;0.096226
1175.5;0.038757;0.29;0.845222;0.768961;0.739360;0.685822;0.621345;0.531885;0.435166;0.332709;0.230313;0.151659
595;0.047549;0.2;0.418170;0.378507;0.362821;0.330620;0.291229;0.237607;0.174419;0.119976;0.074533;0.044030
1054;0.017676;0.6;1.083971;1.020967;0.969998;0.885548;0.782741;0.664131;0.535418;0.411939;0.311807;0.233244
965.2;0.027839;0.48;0.947633;0.872040;0.828529;0.753294;0.675323;0.575124;0.459615;0.347343;0.247028;0.172957
1158.8;0.017198;0.19;0.820955;0.782908;0.765923;0.732193;0.689186;0.622848;0.551922;0.468396;0.372946;0.290627
328.7;0.05253;0.45;0.240594;0.218835;0.208104;0.187085;0.160455;0.128781;0.093347;0.063136;0.038194;0.022813
621.2;0.026893;0.82;0.897424;0.832719;0.776212;0.682405;0.570850;0.453258;0.340327;0.237457;0.159312;0.106775
896.4;0.02376;0.55;0.958283;0.887642;0.841822;0.763141;0.668059;0.564318;0.460183;0.349440;0.249892;0.176285
553.4;0.010301;0.68;0.255932;0.249185;0.243440;0.232573;0.217226;0.196508;0.173015;0.148688;0.127421;0.112755
507.3;0.050096;0.88;0.712234;0.631972;0.580952;0.494262;0.394600;0.291199;0.202942;0.133425;0.082399;0.050754
940;0.03487;0.57;0.970768;0.896012;0.843316;0.751489;0.644648;0.522302;0.402449;0.296129;0.206266;0.139473
862.1;0.036892;0.5;0.801527;0.729743;0.689672;0.618814;0.542308;0.448002;0.351453;0.262458;0.179779;0.118865
831.5;0.053546;0.53;0.592885;0.532105;0.503996;0.455717;0.400275;0.330183;0.256157;0.181465;0.118027;0.072921
894.4;0.046142;0.59;0.813028;0.729310;0.683351;0.601879;0.508891;0.411580;0.317034;0.229328;0.154137;0.099882
342.8;0.043404;0.71;0.331369;0.300151;0.281733;0.252447;0.217535;0.176299;0.133229;0.093579;0.060610;0.038115
613.9;0.018941;0.58;0.620743;0.581611;0.557256;0.516059;0.461972;0.396836;0.328495;0.255976;0.187808;0.136352
706.2;0.037525;0.68;0.823099;0.744540;0.691814;0.604074;0.504473;0.404071;0.301976;0.218124;0.146804;0.096711
516.8;0.057994;0.45;0.331729;0.299366;0.287455;0.263034;0.229523;0.184499;0.136759;0.092421;0.055421;0.032117
943.5;0.039801;0.62;1.007434;0.911065;0.848378;0.742849;0.622100;0.499568;0.375254;0.273774;0.186201;0.123960
1070.6;0.050429;0.24;0.631717;0.572158;0.554842;0.517242;0.474093;0.403379;0.316304;0.225332;0.145337;0.089230
553.4;0.059227;0.8;0.584498;0.512295;0.467567;0.401041;0.327111;0.246550;0.179220;0.121695;0.076970;0.046793
957.9;0.054296;0.3;0.555882;0.503539;0.488331;0.455226;0.409593;0.343220;0.265422;0.186430;0.117060;0.070170
424;0.020692;0.39;0.452281;0.425438;0.410391;0.382229;0.345214;0.295220;0.237019;0.178550;0.128148;0.091660
1053.1;0.011732;0.34;0.648386;0.628568;0.613309;0.585412;0.545974;0.492436;0.425033;0.354880;0.300493;0.257784
424.7;0.032556;0.87;0.617580;0.567271;0.525727;0.457383;0.377676;0.289479;0.212276;0.144281;0.094973;0.061554
829.4;0.01069;0.25;0.488390;0.473489;0.462472;0.442235;0.411371;0.369666;0.321955;0.281303;0.240947;0.209731
629.5;0.033686;0.18;0.577643;0.525577;0.503019;0.466085;0.418200;0.350200;0.274363;0.196203;0.129516;0.082328
1026.1;0.05756;0.66;0.898786;0.790878;0.731962;0.634035;0.530381;0.417320;0.309943;0.222419;0.147617;0.094186
753.4;0.022448;0.18;0.700748;0.665032;0.650429;0.616639;0.570552;0.501004;0.412642;0.314028;0.229443;0.162328
740.6;0.029321;0.26;0.682472;0.635249;0.615746;0.573447;0.519873;0.442747;0.354658;0.265610;0.184672;0.123461
1089.3;0.031572;0.59;1.215366;1.109591;1.038670;0.918785;0.796606;0.650846;0.496979;0.364420;0.253449;0.174500
617.8;0.051544;0.67;0.550655;0.491279;0.457500;0.402772;0.343805;0.276399;0.208513;0.146759;0.095131;0.059206
704.5;0.051232;0.81;0.874944;0.776413;0.717200;0.614938;0.497213;0.372924;0.266036;0.179847;0.114685;0.072239
1167.2;0.03265;0.58;1.271255;1.161821;1.087271;0.964424;0.835659;0.680252;0.517020;0.378952;0.264414;0.181873
338.1;0.029028;0.79;0.400955;0.370164;0.347385;0.309800;0.265409;0.217017;0.165741;0.120132;0.082434;0.055801
1175.7;0.056293;0.64;1.020431;0.905117;0.840937;0.728714;0.606560;0.478185;0.356300;0.257418;0.172393;0.111855
470.3;0.047042;0.73;0.477047;0.426904;0.395057;0.344956;0.292638;0.233584;0.174036;0.122963;0.079598;0.049780
900.4;0.046882;0.53;0.734533;0.663284;0.623725;0.553028;0.479606;0.396207;0.308973;0.226165;0.150047;0.095589
827.8;0.057346;0.1;0.429820;0.385063;0.372746;0.344708;0.304158;0.243944;0.182141;0.122110;0.075041;0.044581
907.6;0.035505;0.26;0.724238;0.663308;0.642229;0.598722;0.540791;0.464581;0.373592;0.280307;0.190970;0.123009
624.9;0.049594;0.45;0.453581;0.409823;0.392780;0.361597;0.320157;0.263688;0.201967;0.141021;0.088628;0.053229
858.3;0.032609;0.55;0.876700;0.811917;0.767182;0.690288;0.599585;0.491928;0.384406;0.283618;0.198606;0.134333
1030;0.05246;0.41;0.653016;0.589529;0.563007;0.517205;0.461739;0.390892;0.306466;0.221808;0.145353;0.090318
317.3;0.029522;0.62;0.339654;0.313844;0.298712;0.271033;0.236868;0.197204;0.154274;0.113085;0.077251;0.051118
375.5;0.046919;0.57;0.316970;0.288163;0.274357;0.247612;0.215106;0.175663;0.130858;0.090868;0.057207;0.034442
1177.3;0.058822;0.71;1.113405;0.983200;0.914585;0.790363;0.651058;0.504156;0.364922;0.256918;0.169546;0.110054
886.2;0.036165;0.24;0.702088;0.643834;0.623232;0.579963;0.522055;0.451168;0.360381;0.268067;0.181799;0.116452
508.1;0.031496;0.5;0.519497;0.475728;0.452649;0.413350;0.364738;0.303226;0.238597;0.175484;0.118854;0.077699
663.1;0.020358;0.41;0.638713;0.600344;0.577626;0.542218;0.497687;0.439316;0.363556;0.281269;0.202721;0.147545
409.8;0.02617;0.88;0.580391;0.536101;0.498960;0.436454;0.367183;0.294817;0.219046;0.154224;0.102476;0.068641
541.6;0.015544;0.85;0.537987;0.512626;0.486530;0.443251;0.392319;0.330824;0.264470;0.202428;0.149666;0.113712
532.1;0.028761;0.81;0.749462;0.684370;0.632920;0.551210;0.468643;0.373371;0.275746;0.196014;0.130822;0.087709
598.5;0.026495;0.45;0.609530;0.567938;0.546278;0.505691;0.452911;0.384014;0.304654;0.228168;0.160682;0.108834
437;0.027105;0.7;0.497304;0.463354;0.439841;0.397937;0.347307;0.285279;0.222725;0.162523;0.113366;0.077222
613.2;0.050856;0.83;0.786019;0.699405;0.643862;0.548986;0.441409;0.330744;0.234297;0.157968;0.099581;0.062220
409.5;0.036584;0.4;0.387760;0.354535;0.338444;0.307984;0.270474;0.223465;0.169467;0.120253;0.077777;0.048489
1095.7;0.036056;0.19;0.792378;0.728130;0.708671;0.667541;0.612058;0.530434;0.435140;0.331195;0.227385;0.149289
384.9;0.048715;0.52;0.310338;0.280817;0.267065;0.241132;0.210730;0.170914;0.126397;0.086561;0.054154;0.032370
1137;0.016013;0.37;0.880595;0.840082;0.813352;0.765128;0.707425;0.627313;0.531534;0.434846;0.348636;0.274368
659.1;0.041273;0.78;0.867937;0.780834;0.718666;0.615357;0.504671;0.389296;0.279358;0.195549;0.128227;0.082144
342.7;0.027332;0.25;0.371486;0.340720;0.324914;0.297562;0.262957;0.218092;0.170178;0.121915;0.081987;0.053604
608.1;0.026731;0.27;0.616606;0.571337;0.550471;0.510868;0.460245;0.389608;0.309990;0.231457;0.161099;0.108345
962.4;0.038731;0.52;0.903011;0.815783;0.766447;0.682080;0.590227;0.483914;0.376006;0.280792;0.192838;0.128122
1015.2;0.053197;0.17;0.571477;0.518247;0.504406;0.470662;0.424303;0.355226;0.272063;0.189240;0.117679;0.071034
790.4;0.019928;0.29;0.707540;0.666260;0.644499;0.609922;0.568298;0.509554;0.429584;0.338013;0.247774;0.181769
917.6;0.043623;0.61;0.908400;0.813393;0.755765;0.663294;0.563184;0.446830;0.340884;0.247665;0.168656;0.110252
1104.3;0.055092;0.19;0.588478;0.535111;0.521332;0.488193;0.442002;0.372478;0.287123;0.200812;0.125361;0.075498
349.3;0.019958;0.59;0.352188;0.332388;0.320668;0.299129;0.270902;0.232936;0.188335;0.143474;0.103953;0.075649
573.3;0.024914;0.81;0.788188;0.732248;0.686624;0.608545;0.514331;0.410286;0.314463;0.223551;0.152945;0.103214
341.6;0.034826;0.49;0.340620;0.311609;0.296177;0.269206;0.235522;0.195406;0.148940;0.106638;0.069463;0.043851
475.9;0.054495;0.35;0.311568;0.282496;0.271006;0.246261;0.214078;0.171608;0.125914;0.084788;0.050889;0.029792
948.1;0.035071;0.71;1.214049;1.093555;1.017346;0.901180;0.760480;0.595595;0.439041;0.307698;0.207894;0.138527
949.6;0.02385;0.86;1.406579;1.303505;1.231960;1.106093;0.947075;0.760777;0.573368;0.401112;0.269221;0.177361
1090;0.036698;0.62;1.207995;1.096983;1.029282;0.911581;0.771772;0.610208;0.461614;0.330550;0.229415;0.155196
824.2;0.038712;0.49;0.738560;0.666661;0.630175;0.570912;0.500173;0.414270;0.326570;0.242280;0.165233;0.107467
363.6;0.03064;0.45;0.381483;0.350533;0.333128;0.302135;0.267466;0.222774;0.173608;0.124336;0.083660;0.054299
1130.5;0.010738;0.25;0.597545;0.582040;0.570792;0.549369;0.517134;0.472507;0.415565;0.356448;0.311436;0.275134
1020.3;0.045138;0.45;0.775927;0.704367;0.667745;0.599930;0.526381;0.441934;0.350200;0.258106;0.174451;0.112824
557.4;0.035337;0.49;0.529716;0.486740;0.464070;0.421377;0.369500;0.309810;0.242275;0.176017;0.118330;0.076131
789.3;0.029063;0.79;1.135867;1.050636;0.979901;0.861050;0.717993;0.569090;0.423548;0.294527;0.195735;0.130604
1186.3;0.013247;0.67;1.031590;0.990962;0.944650;0.866104;0.767548;0.661085;0.538523;0.425138;0.327485;0.257927
944.1;0.027929;0.6;1.080206;0.995311;0.933041;0.829691;0.713744;0.595166;0.464691;0.343194;0.238618;0.165864
1055.1;0.021713;0.17;0.811418;0.764514;0.749485;0.722801;0.686951;0.627228;0.540698;0.434452;0.322784;0.237141
689.9;0.020175;0.19;0.654289;0.621454;0.606319;0.576192;0.533746;0.470898;0.389441;0.300573;0.219573;0.158315
723.6;0.050689;0.56;0.558438;0.503120;0.474832;0.428516;0.374115;0.308614;0.237394;0.168841;0.109755;0.068087
804.6;0.029672;0.47;0.776014;0.722003;0.690850;0.633956;0.564585;0.475808;0.379041;0.283083;0.199963;0.135517
542.2;0.012679;0.54;0.393513;0.379097;0.367057;0.346458;0.316934;0.279891;0.236675;0.197380;0.159823;0.131645
974.1;0.028753;0.13;0.794097;0.744097;0.730065;0.693661;0.642943;0.563733;0.457855;0.354526;0.252675;0.170271
753.5;0.04875;0.56;0.608984;0.545477;0.513309;0.459551;0.401650;0.331458;0.254389;0.184164;0.120569;0.075548
882.1;0.018265;0.6;0.914186;0.856824;0.813499;0.748468;0.664522;0.562302;0.453673;0.353492;0.265395;0.195744
577;0.055611;0.49;0.392172;0.352618;0.336933;0.307397;0.271818;0.222553;0.166233;0.113671;0.070696;0.041602
424.9;0.02596;0.23;0.466743;0.431841;0.412119;0.376176;0.331420;0.280214;0.219366;0.161601;0.109576;0.072420
728;0.026489;0.7;0.920722;0.851712;0.797987;0.705952;0.601652;0.493395;0.380857;0.276555;0.190079;0.130681
626.2;0.020212;0.73;0.730472;0.687719;0.649344;0.584459;0.512736;0.426077;0.334760;0.255880;0.181971;0.130205
1009.3;0.048361;0.33;0.646678;0.586245;0.565249;0.524290;0.473673;0.405572;0.317561;0.232630;0.151768;0.094283
1002.3;0.013499;0.51;0.767758;0.743664;0.718768;0.673341;0.614050;0.536925;0.450699;0.364186;0.288613;0.236805
901.7;0.057502;0.29;0.502695;0.454953;0.439040;0.406096;0.364195;0.304261;0.228504;0.158196;0.098356;0.057703
420.2;0.01791;0.25;0.440270;0.416858;0.403267;0.377267;0.342640;0.294651;0.238228;0.181377;0.134225;0.099207
319.4;0.024322;0.75;0.347149;0.324237;0.308598;0.281641;0.248674;0.207378;0.164116;0.121194;0.085621;0.059932
803.9;0.044356;0.15;0.565033;0.512294;0.494776;0.459699;0.414773;0.344543;0.263922;0.183342;0.116890;0.071563
570.7;0.017057;0.26;0.537182;0.511880;0.499558;0.473283;0.438951;0.387486;0.322023;0.251966;0.186652;0.140912
1182.8;0.046066;0.56;1.064149;0.949038;0.884674;0.780515;0.663931;0.528266;0.405123;0.297622;0.205111;0.135826
558;0.056442;0.57;0.393924;0.355712;0.338622;0.306417;0.268101;0.220456;0.164432;0.113757;0.071150;0.042021
1020.7;0.046605;0.86;1.418618;1.274867;1.191566;1.040116;0.864124;0.668422;0.471127;0.309184;0.190202;0.119370
1106.5;0.047492;0.18;0.663074;0.603820;0.587962;0.552545;0.505421;0.436406;0.340769;0.248111;0.160333;0.098620
837.8;0.030366;0.8;1.220599;1.130105;1.054189;0.924662;0.769504;0.608784;0.448267;0.309419;0.203164;0.134515
1095.6;0.021975;0.81;1.526289;1.420822;1.338047;1.195895;1.037321;0.842021;0.644159;0.460029;0.317576;0.214302
1149.4;0.036043;0.27;0.848698;0.778964;0.752389;0.699575;0.638800;0.550079;0.449109;0.344260;0.240574;0.161566
794.2;0.020954;0.23;0.702672;0.668581;0.653941;0.623380;0.582596;0.519012;0.434378;0.339151;0.247229;0.178618
955.5;0.052119;0.62;0.838075;0.747587;0.694448;0.602909;0.507683;0.407103;0.308433;0.223800;0.148766;0.094987
819.1;0.043147;0.24;0.588923;0.535966;0.518860;0.482210;0.434696;0.369375;0.284129;0.204452;0.131630;0.081008
323.3;0.050812;0.19;0.206191;0.184303;0.175097;0.159144;0.137518;0.108728;0.079133;0.052860;0.032242;0.019851
701.9;0.049694;0.39;0.486571;0.439898;0.422986;0.391408;0.348723;0.287949;0.221897;0.154908;0.097206;0.058750
881.7;0.033455;0.42;0.789055;0.727897;0.694461;0.635201;0.563913;0.478659;0.379008;0.285256;0.198925;0.133821
769.1;0.025476;0.17;0.720384;0.674635;0.655817;0.617945;0.566696;0.492447;0.396949;0.303686;0.215539;0.147017
635.1;0.044379;0.65;0.618145;0.559608;0.522695;0.458418;0.389257;0.314896;0.240135;0.172422;0.112797;0.071873
1143.4;0.059343;0.54;0.776672;0.686716;0.644471;0.575376;0.496787;0.405898;0.314754;0.227350;0.150665;0.094311
1064.2;0.051479;0.27;0.622982;0.565800;0.547482;0.509522;0.466122;0.395512;0.310546;0.220407;0.142307;0.087407
635.3;0.045304;0.84;0.890785;0.794823;0.729771;0.618923;0.508562;0.381736;0.268427;0.180407;0.115460;0.072665
833.9;0.039767;0.63;0.894817;0.806142;0.749652;0.655429;0.554308;0.442960;0.334656;0.244487;0.165647;0.108533
1085.3;0.047644;0.69;1.175629;1.044394;0.967831;0.838846;0.702841;0.540992;0.396443;0.279805;0.187931;0.123079
1140.2;0.034836;0.4;0.957091;0.883109;0.841690;0.767349;0.679943;0.575443;0.456475;0.348968;0.248040;0.169190
901.6;0.053257;0.48;0.608965;0.547832;0.521647;0.474780;0.420682;0.350338;0.273296;0.194606;0.126781;0.078399
486.1;0.013401;0.19;0.399561;0.383652;0.374098;0.354928;0.329080;0.292329;0.247010;0.200338;0.157349;0.125993
888.5;0.058427;0.81;1.012579;0.897460;0.831335;0.713092;0.578556;0.438038;0.306706;0.207522;0.131878;0.083310
364.8;0.014938;0.46;0.309923;0.296670;0.288281;0.272242;0.251694;0.222290;0.185649;0.147902;0.113395;0.088336
666.1;0.037349;0.63;0.712337;0.644572;0.602214;0.530581;0.456014;0.367212;0.281836;0.205714;0.139124;0.090339
900.2;0.030149;0.68;1.137029;1.041587;0.970209;0.853514;0.724739;0.587567;0.443272;0.319576;0.217067;0.148333
1140.4;0.015352;0.33;0.836735;0.800369;0.778434;0.737396;0.686693;0.613017;0.523837;0.433425;0.351977;0.280769
1029.9;0.046208;0.57;0.924946;0.823965;0.771765;0.682264;0.578136;0.463458;0.357282;0.261337;0.177881;0.116502
736.1;0.040684;0.4;0.598382;0.541149;0.516653;0.473411;0.424378;0.357437;0.281593;0.204545;0.133826;0.084983
981.1;0.049148;0.74;1.129303;0.996931;0.920762;0.800830;0.664106;0.505366;0.365238;0.252182;0.167077;0.108151
675.3;0.038331;0.16;0.550428;0.507246;0.489737;0.452393;0.402717;0.337669;0.257334;0.183636;0.117862;0.072360
1189.2;0.038839;0.72;1.483587;1.334570;1.252812;1.109738;0.933786;0.725363;0.529041;0.364410;0.243331;0.161215
1077.7;0.057201;0.11;0.554444;0.495192;0.479918;0.445976;0.402242;0.335359;0.249837;0.172629;0.107022;0.062922
650;0.053573;0.81;0.775089;0.694216;0.636926;0.540228;0.434439;0.329827;0.233151;0.159645;0.101743;0.063651
709.3;0.03538;0.79;0.998309;0.899641;0.838569;0.733529;0.608862;0.467559;0.341167;0.233563;0.155179;0.101528
522;0.049441;0.66;0.457492;0.410881;0.384931;0.344274;0.296640;0.239847;0.182294;0.127420;0.081985;0.050769
1006;0.033652;0.81;1.472102;1.344038;1.257852;1.101613;0.921997;0.731205;0.529317;0.360896;0.231532;0.151344
1094.6;0.05144;0.47;0.771271;0.686959;0.646282;0.581357;0.511343;0.426399;0.334423;0.247168;0.164812;0.104457
1122.3;0.026124;0.4;1.006154;0.932765;0.889767;0.817295;0.736001;0.644106;0.530469;0.410590;0.296370;0.210645
802.5;0.058807;0.17;0.420375;0.377132;0.364674;0.336977;0.296978;0.239352;0.178380;0.119882;0.072886;0.043095
839;0.023911;0.9;1.270477;1.182406;1.116260;1.000276;0.854636;0.687353;0.515769;0.358359;0.237414;0.154540
434;0.013642;0.8;0.308101;0.297932;0.287580;0.269258;0.244822;0.213770;0.179039;0.143170;0.113835;0.092221
1109.7;0.047561;0.1;0.661520;0.599942;0.584844;0.549301;0.505094;0.431715;0.335081;0.239050;0.153205;0.093652
705.4;0.051559;0.64;0.613181;0.545060;0.507927;0.446300;0.383226;0.309675;0.233823;0.166915;0.108979;0.068118
485.1;0.056117;0.62;0.361940;0.325989;0.309065;0.278168;0.242063;0.197595;0.146847;0.101135;0.063244;0.037437
1109.7;0.026351;0.43;1.030049;0.954319;0.908543;0.828743;0.740820;0.642786;0.525920;0.404614;0.290817;0.206152
986.3;0.050203;0.48;0.714736;0.638033;0.601043;0.542429;0.478326;0.399207;0.311806;0.229188;0.151688;0.095708
1094.2;0.036913;0.41;0.914080;0.835020;0.793969;0.720049;0.636235;0.536410;0.426076;0.322741;0.226095;0.152702
556.5;0.033165;0.46;0.541391;0.497577;0.475352;0.434196;0.381937;0.320451;0.251210;0.184354;0.124620;0.080559
905.9;0.051038;0.12;0.540885;0.490554;0.475223;0.440661;0.393112;0.327341;0.246379;0.170116;0.105323;0.063305
897.9;0.057595;0.44;0.541265;0.488014;0.468758;0.431390;0.383651;0.320638;0.247266;0.175023;0.110736;0.065431
410.5;0.013814;0.18;0.350805;0.337336;0.327858;0.309424;0.284370;0.249856;0.208703;0.167200;0.130500;0.104535
666.6;0.045434;0.13;0.472723;0.430273;0.414178;0.379712;0.333489;0.274059;0.204310;0.140397;0.086925;0.052854
547.8;0.021746;0.54;0.560808;0.527659;0.506853;0.468705;0.426429;0.368302;0.298027;0.226288;0.161336;0.114920
945;0.029945;0.59;1.058729;0.966782;0.906155;0.805441;0.702228;0.578659;0.446411;0.329078;0.229473;0.158173
555;0.023406;0.69;0.646232;0.600437;0.565583;0.508879;0.444086;0.375320;0.296922;0.220486;0.154267;0.108362
1106.6;0.051626;0.31;0.651881;0.591133;0.570990;0.530290;0.481156;0.411605;0.324135;0.234115;0.152600;0.094393
1043.9;0.059769;0.68;0.920270;0.804460;0.745619;0.643712;0.538202;0.420025;0.309349;0.220109;0.145730;0.092889
651;0.042488;0.67;0.684022;0.611981;0.569895;0.501365;0.422019;0.335421;0.255652;0.183128;0.122051;0.078574
748.1;0.045198;0.5;0.601063;0.540984;0.511667;0.463835;0.410170;0.341855;0.265833;0.193410;0.126805;0.079391
925.3;0.056615;0.81;1.075587;0.955513;0.887218;0.765947;0.624243;0.469618;0.331274;0.222073;0.140825;0.089072
1050.9;0.044383;0.72;1.243343;1.116294;1.038241;0.899686;0.741190;0.578430;0.415624;0.291548;0.192755;0.126462
848.7;0.038418;0.5;0.773827;0.699112;0.659787;0.593565;0.520062;0.428189;0.337753;0.251053;0.171611;0.111970
817.3;0.029042;0.71;1.069415;0.982591;0.915193;0.804252;0.676885;0.550561;0.415772;0.298292;0.201656;0.137823
593.4;0.041729;0.63;0.578313;0.524702;0.492082;0.436019;0.373073;0.304591;0.234243;0.168147;0.111172;0.071118
710.8;0.028161;0.88;1.118608;1.029235;0.963568;0.853865;0.717125;0.554942;0.411215;0.279955;0.182153;0.116742
942.4;0.030381;0.19;0.774163;0.722999;0.704717;0.663391;0.610664;0.530808;0.429746;0.327928;0.231221;0.155637
1096;0.028435;0.8;1.584470;1.456642;1.365821;1.223489;1.046402;0.828835;0.613823;0.430717;0.283010;0.184867
948.8;0.03342;0.55;0.967912;0.892547;0.842489;0.756289;0.654308;0.534171;0.415696;0.305744;0.214858;0.145590
316.8;0.035171;0.2;0.300183;0.274167;0.260290;0.234529;0.202535;0.165058;0.123474;0.085655;0.054019;0.033813
907.3;0.055527;0.88;1.191992;1.049246;0.980897;0.859027;0.711161;0.533109;0.371449;0.238052;0.147120;0.089976
694.7;0.020322;0.77;0.864360;0.815467;0.768659;0.689992;0.594893;0.491304;0.380256;0.284097;0.201072;0.142237
694;0.02693;0.15;0.679339;0.630833;0.610170;0.569782;0.516279;0.439143;0.352457;0.263960;0.183980;0.123412
405.3;0.038706;0.32;0.366149;0.333397;0.318594;0.290511;0.253536;0.204859;0.155771;0.107469;0.068380;0.042295
1033.2;0.034347;0.43;0.908584;0.838244;0.797590;0.725548;0.640643;0.540021;0.425452;0.323436;0.228216;0.154869
592.4;0.023111;0.6;0.641331;0.596404;0.564637;0.516129;0.461085;0.395010;0.316495;0.238315;0.168168;0.118758
521.6;0.03898;0.84;0.752959;0.679350;0.623906;0.533534;0.430675;0.332290;0.235889;0.162009;0.104423;0.066686
608.4;0.053916;0.43;0.410743;0.369908;0.354344;0.324039;0.286754;0.236133;0.175806;0.121045;0.075322;0.044368
638.1;0.013048;0.67;0.485409;0.468505;0.451660;0.421374;0.382878;0.333783;0.278261;0.224058;0.178820;0.146427
791.9;0.032044;0.88;1.252299;1.156445;1.080219;0.947361;0.786378;0.618301;0.446500;0.298817;0.189699;0.120802
805.7;0.014213;0.45;0.645373;0.620038;0.600029;0.565448;0.519671;0.455953;0.382566;0.312719;0.250475;0.199597
656.2;0.038162;0.61;0.673729;0.607448;0.568469;0.505869;0.435976;0.352862;0.272736;0.198870;0.134545;0.087225
658.3;0.036966;0.82;0.951639;0.864283;0.801485;0.696017;0.571405;0.432688;0.314202;0.213035;0.139268;0.090396
891.8;0.021655;0.21;0.749695;0.711747;0.698330;0.667338;0.627843;0.563273;0.475670;0.373990;0.273819;0.197910
1155.8;0.039368;0.26;0.809623;0.735659;0.711455;0.662710;0.601724;0.520643;0.423873;0.322920;0.222235;0.144512
950.1;0.032949;0.6;1.048075;0.956052;0.896814;0.803405;0.690653;0.558594;0.428346;0.311002;0.216650;0.146634
660.1;0.053049;0.72;0.653002;0.579822;0.532945;0.459169;0.383628;0.301497;0.222427;0.156482;0.101687;0.063535
1048.7;0.043042;0.3;0.725505;0.657052;0.631569;0.580858;0.529646;0.455727;0.366576;0.270117;0.181015;0.115836
420.9;0.027694;0.4;0.450600;0.416545;0.398713;0.365189;0.321739;0.269334;0.211674;0.156055;0.105899;0.070137
354.4;0.027359;0.37;0.385932;0.355931;0.338598;0.307820;0.272501;0.228268;0.178217;0.129875;0.088227;0.057722
375.8;0.022686;0.47;0.406916;0.381361;0.366348;0.337881;0.302302;0.256837;0.202904;0.152854;0.108549;0.075254
447.5;0.057626;0.24;0.249021;0.225218;0.215591;0.196820;0.172420;0.137019;0.099610;0.065959;0.039934;0.024349
591.8;0.02491;0.7;0.716565;0.662083;0.621834;0.555798;0.480495;0.401239;0.313093;0.230442;0.159865;0.110692
571.6;0.01792;0.18;0.562457;0.536661;0.522671;0.494297;0.455567;0.398977;0.328380;0.253701;0.187987;0.138823
310.5;0.028065;0.81;0.363987;0.336787;0.316744;0.283335;0.243774;0.199274;0.153183;0.110779;0.076516;0.051825
785.9;0.047081;0.17;0.527155;0.477674;0.463281;0.430087;0.383609;0.316060;0.241183;0.166381;0.104160;0.063306
385.8;0.045295;0.73;0.380764;0.342721;0.320212;0.283131;0.242404;0.195165;0.146130;0.102924;0.066583;0.041606
431.9;0.045045;0.78;0.486861;0.438574;0.404627;0.347805;0.288180;0.227498;0.167849;0.118083;0.076134;0.047878
868;0.010311;0.46;0.479449;0.467013;0.455138;0.433008;0.400875;0.359526;0.311076;0.263204;0.225735;0.197914
1073.4;0.028717;0.58;1.199638;1.105157;1.037047;0.922411;0.792074;0.658836;0.514405;0.380150;0.264687;0.184603
1176.8;0.055075;0.38;0.689426;0.618667;0.593217;0.545065;0.489662;0.415136;0.328294;0.237648;0.156422;0.096617
813.8;0.025917;0.71;1.056374;0.972194;0.915034;0.813851;0.692175;0.555151;0.431754;0.312080;0.215423;0.147362
1197.2;0.039854;0.57;1.195942;1.086095;1.016509;0.896867;0.758080;0.608072;0.458955;0.337271;0.233554;0.158882
798.2;0.02489;0.59;0.888887;0.823454;0.777648;0.699100;0.611158;0.516119;0.411981;0.308229;0.216803;0.151816
763.9;0.016251;0.77;0.834706;0.791333;0.748953;0.681895;0.595198;0.499690;0.395037;0.301476;0.221244;0.166759
597.6;0.029418;0.47;0.604041;0.559151;0.535215;0.490209;0.435460;0.367077;0.288465;0.214523;0.148723;0.100049
687;0.050884;0.81;0.855570;0.759003;0.700842;0.600482;0.485273;0.364310;0.260142;0.176113;0.112262;0.070695
742.6;0.059059;0.49;0.460881;0.417665;0.399803;0.364403;0.322008;0.268304;0.202047;0.140725;0.087987;0.051618
363.9;0.053099;0.6;0.284097;0.255915;0.243053;0.219265;0.191717;0.153584;0.114168;0.077342;0.047726;0.028209
1099;0.014191;0.55;0.907756;0.870956;0.837473;0.780780;0.705592;0.609642;0.507328;0.404688;0.314379;0.253015
358.2;0.026886;0.68;0.396116;0.367078;0.349201;0.317222;0.277784;0.231791;0.180079;0.133597;0.093302;0.063671
692.6;0.021806;0.54;0.712574;0.670222;0.638984;0.583603;0.523085;0.452352;0.370685;0.282722;0.203056;0.145098
1044;0.02589;0.73;1.403116;1.297783;1.218643;1.080109;0.929230;0.744164;0.560954;0.407712;0.277168;0.187398
655.1;0.059222;0.46;0.403292;0.363432;0.348313;0.319168;0.284386;0.231604;0.174362;0.118251;0.072563;0.042298
852.1;0.037413;0.83;1.261968;1.124872;1.052695;0.927784;0.773885;0.593069;0.422500;0.283767;0.182667;0.116790
1036.8;0.047463;0.17;0.637904;0.579200;0.563278;0.527129;0.482479;0.411972;0.320296;0.229053;0.147212;0.090162
1138;0.018344;0.68;1.294167;1.222796;1.158014;1.050424;0.915227;0.762784;0.600344;0.454433;0.331163;0.243578
471.7;0.055155;0.55;0.340898;0.305999;0.291559;0.264174;0.232891;0.188429;0.140436;0.095167;0.058988;0.034697
532.7;0.015256;0.21;0.482185;0.462459;0.450443;0.427626;0.396362;0.351485;0.294099;0.233809;0.177069;0.137070
1108.1;0.047255;0.77;1.361702;1.213901;1.129938;0.979437;0.812912;0.629864;0.444208;0.304290;0.196752;0.127056
834;0.046469;0.68;0.880931;0.782309;0.724552;0.632821;0.526016;0.409526;0.307069;0.218504;0.145792;0.094459
753.5;0.045873;0.43;0.558843;0.507840;0.486807;0.447213;0.398331;0.335809;0.258855;0.187297;0.121841;0.075407
851.5;0.016672;0.32;0.715283;0.680156;0.660100;0.622958;0.575024;0.506454;0.437607;0.358564;0.276345;0.210919
1037.5;0.032289;0.35;0.865973;0.801760;0.770297;0.712519;0.642253;0.552193;0.443026;0.339136;0.241245;0.164177
778.7;0.035439;0.57;0.795656;0.728804;0.685721;0.610925;0.525016;0.432382;0.332784;0.245599;0.168789;0.112452
481.9;0.036525;0.65;0.503841;0.458497;0.432697;0.387200;0.332882;0.271271;0.209145;0.151012;0.101635;0.065686
708.5;0.052986;0.79;0.821407;0.737357;0.678416;0.578242;0.467326;0.355757;0.253881;0.174679;0.112030;0.070558
685.1;0.043886;0.27;0.513701;0.466274;0.448592;0.413337;0.371495;0.307857;0.235893;0.164060;0.104806;0.064346
1169.4;0.050292;0.51;0.897256;0.804040;0.753776;0.665584;0.572061;0.469778;0.366965;0.270901;0.182442;0.117962
858;0.036562;0.44;0.752209;0.687044;0.653786;0.594189;0.527984;0.439085;0.350509;0.262300;0.179584;0.117518
925.9;0.057795;0.29;0.509693;0.462498;0.446555;0.413252;0.370661;0.310588;0.233499;0.162143;0.100858;0.059148
948.1;0.013334;0.71;0.833180;0.798827;0.760325;0.698961;0.626182;0.534328;0.433742;0.341367;0.263363;0.207227
612.2;0.037076;0.73;0.759091;0.686578;0.636020;0.552283;0.457659;0.363889;0.269102;0.192322;0.128393;0.084124
765.3;0.024083;0.41;0.727664;0.680597;0.655319;0.612155;0.560841;0.488349;0.397850;0.303354;0.217259;0.153420
801;0.034045;0.35;0.696613;0.639374;0.613494;0.567306;0.509414;0.430043;0.345321;0.258269;0.175975;0.115196
440.8;0.044243;0.48;0.371068;0.336762;0.321500;0.293281;0.257137;0.209418;0.159037;0.110349;0.069345;0.042573
805.9;0.020413;0.32;0.724587;0.682158;0.659675;0.620140;0.575776;0.515308;0.433879;0.340811;0.249440;0.181960
925.3;0.040408;0.23;0.672246;0.611066;0.589859;0.549900;0.503527;0.430643;0.343900;0.250432;0.165236;0.104912
683.8;0.026309;0.42;0.669694;0.626390;0.604210;0.562271;0.507158;0.432891;0.347222;0.260633;0.184307;0.126688
1052.6;0.054042;0.33;0.609964;0.552944;0.532743;0.493831;0.449076;0.378263;0.297858;0.211022;0.135041;0.082656
958.2;0.01667;0.29;0.764584;0.728129;0.708444;0.670535;0.622075;0.552966;0.477110;0.396472;0.309527;0.238392
624;0.01512;0.61;0.549206;0.524730;0.506428;0.472448;0.427339;0.369907;0.304104;0.244149;0.190142;0.147408
708.8;0.057956;0.87;0.908677;0.807235;0.745679;0.637181;0.512177;0.382630;0.262254;0.172299;0.106075;0.065275
647.8;0.017645;0.25;0.599082;0.566920;0.551256;0.524179;0.488253;0.434504;0.363856;0.285920;0.211751;0.158704
998;0.017627;0.83;1.247535;1.179208;1.117883;1.015496;0.883907;0.722783;0.565022;0.417966;0.294493;0.211338
960.8;0.017778;0.55;0.940048;0.884372;0.842105;0.776567;0.695781;0.592613;0.484246;0.380033;0.289914;0.216489
687.3;0.014478;0.25;0.569103;0.546763;0.531137;0.501863;0.461960;0.413148;0.356720;0.292731;0.229066;0.180157
924.4;0.032721;0.66;1.113945;1.016902;0.946039;0.838409;0.716443;0.573096;0.430283;0.308101;0.211827;0.143119
1150.7;0.043445;0.62;1.183206;1.064336;0.991870;0.864230;0.725062;0.574317;0.425878;0.309940;0.211010;0.140227
1005.8;0.051565;0.37;0.626880;0.567629;0.545988;0.504011;0.453830;0.384798;0.301908;0.216926;0.141311;0.087387
935;0.049512;0.52;0.723148;0.646896;0.606878;0.541629;0.472451;0.390677;0.304006;0.223062;0.147636;0.093526
398.4;0.045636;0.12;0.282029;0.255715;0.243866;0.220430;0.189866;0.151258;0.111225;0.074839;0.046040;0.027674
650.9;0.03363;0.12;0.590641;0.538128;0.517264;0.480397;0.430693;0.360244;0.281695;0.201249;0.132206;0.083838
831.8;0.045429;0.74;0.997550;0.888979;0.820159;0.702788;0.585048;0.447171;0.325476;0.227214;0.150622;0.097364
713.4;0.057903;0.19;0.389519;0.348752;0.336415;0.309326;0.271039;0.218920;0.161706;0.108845;0.065670;0.038847
345.3;0.035289;0.65;0.355845;0.326267;0.307664;0.275598;0.240427;0.198428;0.153346;0.109886;0.072915;0.047293
505.8;0.025253;0.72;0.604540;0.557446;0.524743;0.470077;0.412901;0.342167;0.265060;0.195313;0.135103;0.093752
1050.8;0.049491;0.73;1.185286;1.045072;0.966858;0.842432;0.700801;0.534513;0.386647;0.267685;0.177766;0.115553
314.1;0.021819;0.67;0.322742;0.304320;0.292276;0.269984;0.242322;0.205899;0.165502;0.124090;0.089495;0.064090
1077.3;0.021715;0.86;1.536664;1.435232;1.354178;1.214513;1.049677;0.857632;0.652873;0.469031;0.317238;0.213085
370.3;0.033235;0.34;0.371067;0.340451;0.324283;0.294464;0.258011;0.214134;0.162402;0.115877;0.075150;0.047173
750.2;0.040766;0.54;0.682991;0.614702;0.581343;0.522133;0.451331;0.372719;0.291386;0.212960;0.143723;0.092755
496.2;0.016131;0.62;0.451142;0.428398;0.411821;0.384957;0.349030;0.301766;0.251258;0.200366;0.151676;0.116048
814.5;0.01619;0.86;0.954271;0.904294;0.858080;0.782042;0.681483;0.560096;0.439985;0.328227;0.236419;0.172019
410;0.024223;0.28;0.454525;0.423044;0.405316;0.372113;0.330281;0.276362;0.219774;0.162805;0.112147;0.076272
839.6;0.030565;0.24;0.729068;0.677714;0.657311;0.613915;0.560120;0.480636;0.387106;0.291452;0.203085;0.136039
350.4;0.051449;0.85;0.409956;0.363989;0.331375;0.281341;0.230422;0.175362;0.126353;0.085115;0.053788;0.033324
350.7;0.056756;0.87;0.412549;0.362756;0.328940;0.279662;0.224720;0.167367;0.118968;0.079068;0.049085;0.029628
437.3;0.029953;0.24;0.449820;0.414826;0.395915;0.363501;0.322276;0.266860;0.207874;0.148211;0.098717;0.063447
317.7;0.012611;0.14;0.198289;0.190158;0.185871;0.176865;0.163815;0.145603;0.124622;0.103648;0.085244;0.070800
691.7;0.038559;0.31;0.568560;0.518236;0.498088;0.461987;0.415475;0.348912;0.273447;0.197094;0.127986;0.080962
1049;0.047384;0.54;0.878167;0.787788;0.739561;0.653840;0.556649;0.454111;0.353163;0.258134;0.174893;0.114022
855.7;0.026012;0.72;1.132777;1.040270;0.976584;0.870268;0.740726;0.590752;0.456462;0.329313;0.226417;0.153959
768.1;0.034647;0.58;0.799114;0.734608;0.691099;0.615862;0.529637;0.434948;0.334081;0.246344;0.169642;0.113469
1077.5;0.021083;0.35;0.914452;0.861191;0.830781;0.776267;0.707785;0.624368;0.535015;0.430202;0.322355;0.234224
387.9;0.056964;0.45;0.261094;0.234796;0.223965;0.201672;0.174405;0.140181;0.101105;0.068018;0.040977;0.024689
1117.2;0.034115;0.77;1.550648;1.411606;1.321801;1.159640;0.977458;0.776892;0.564998;0.389267;0.252241;0.167237
397.2;0.037;0.6;0.392611;0.358503;0.338792;0.305837;0.267778;0.220658;0.170079;0.122121;0.079830;0.051015
765.3;0.021053;0.32;0.699133;0.656858;0.638188;0.604111;0.560827;0.498037;0.415328;0.322997;0.234103;0.169274
428.8;0.014797;0.51;0.363271;0.346760;0.335471;0.314591;0.288552;0.255257;0.215864;0.173203;0.133898;0.104225
803.4;0.013008;0.81;0.700507;0.671612;0.638654;0.586309;0.523321;0.444429;0.357822;0.281552;0.216850;0.170327
304.1;0.050975;0.24;0.199947;0.178851;0.169689;0.154045;0.132863;0.104909;0.076423;0.050914;0.031066;0.019284
990;0.048574;0.76;1.186911;1.050283;0.971769;0.839146;0.699118;0.532052;0.380284;0.261302;0.171461;0.110591
1063.8;0.019785;0.24;0.833770;0.788854;0.768334;0.728015;0.674403;0.614306;0.536308;0.438150;0.333303;0.245787
1125.1;0.054756;0.18;0.598241;0.543172;0.529732;0.497156;0.451038;0.379914;0.294192;0.205786;0.128480;0.077838
1188.3;0.044215;0.13;0.725490;0.653843;0.640371;0.608115;0.562885;0.487893;0.392990;0.288117;0.188143;0.118910
754.6;0.042842;0.11;0.548466;0.500798;0.483082;0.447485;0.401808;0.331688;0.252868;0.174688;0.111022;0.068119
544.3;0.059519;0.87;0.689503;0.603494;0.550608;0.461803;0.371853;0.274232;0.188560;0.123550;0.076712;0.046945
390.7;0.011685;0.81;0.193630;0.187313;0.181821;0.172624;0.159710;0.144368;0.125345;0.105005;0.087579;0.075973
757.1;0.031213;0.14;0.680126;0.631303;0.610942;0.567951;0.510705;0.437902;0.348563;0.258969;0.174711;0.113384
827;0.034499;0.64;0.936262;0.862213;0.808368;0.715565;0.607464;0.483665;0.368892;0.266601;0.183672;0.123263
374.7;0.014163;0.28;0.320283;0.308168;0.299423;0.282840;0.260039;0.228392;0.190233;0.152051;0.117540;0.093621
895.4;0.043008;0.17;0.622541;0.567130;0.550803;0.514324;0.465657;0.397603;0.306920;0.220930;0.141984;0.087157
765.3;0.012615;0.39;0.556523;0.536125;0.519876;0.493581;0.455318;0.403439;0.340820;0.286341;0.234167;0.193834
453.9;0.037842;0.69;0.485898;0.439828;0.413662;0.367403;0.312651;0.253345;0.194271;0.139098;0.092855;0.059975
1144.7;0.045601;0.58;1.069351;0.954872;0.889268;0.780413;0.662932;0.524765;0.400192;0.292819;0.201171;0.133106
831.4;0.034396;0.46;0.764983;0.703198;0.668639;0.607109;0.536624;0.450064;0.354816;0.265443;0.183354;0.122373
696.6;0.04088;0.83;1.000448;0.905782;0.837253;0.720992;0.586816;0.447254;0.316228;0.214055;0.136887;0.087846
1147.7;0.020689;0.1;0.819113;0.774621;0.759194;0.738848;0.711017;0.659708;0.580043;0.477390;0.363968;0.270939
890.3;0.042283;0.51;0.768775;0.691066;0.653719;0.586799;0.508227;0.419395;0.329262;0.242842;0.165024;0.107046
706.8;0.029032;0.22;0.665288;0.618348;0.599517;0.558385;0.504369;0.426913;0.342787;0.255644;0.176087;0.117109
1055.7;0.015186;0.5;0.888083;0.849901;0.818474;0.761645;0.689263;0.601667;0.499388;0.398016;0.314060;0.248673
779.4;0.028876;0.55;0.818018;0.752330;0.711867;0.650038;0.573559;0.478792;0.377088;0.278302;0.195802;0.134528
798.5;0.023143;0.61;0.900683;0.834503;0.789108;0.714047;0.622424;0.519512;0.419997;0.316827;0.225415;0.158001
912.1;0.022064;0.27;0.775363;0.729683;0.709710;0.674684;0.631663;0.566376;0.477756;0.375516;0.273532;0.198089
630.5;0.041146;0.37;0.510247;0.466732;0.448373;0.413034;0.367673;0.308781;0.236749;0.169910;0.109613;0.068014
515.4;0.036146;0.36;0.470446;0.431171;0.413831;0.380052;0.336705;0.280755;0.216315;0.154994;0.100318;0.063161
821;0.030662;0.59;0.899223;0.822475;0.773113;0.698138;0.607198;0.498233;0.386989;0.282997;0.197472;0.134534
1080.2;0.02089;0.57;1.145123;1.076738;1.022453;0.928662;0.815382;0.686063;0.546920;0.425598;0.312335;0.225804
666.1;0.052928;0.65;0.566391;0.505295;0.471109;0.416993;0.356745;0.287560;0.218235;0.153314;0.099400;0.061699
401.4;0.05305;0.23;0.251806;0.226906;0.216479;0.195120;0.169811;0.135587;0.097777;0.065861;0.039882;0.023705
699.5;0.024197;0.62;0.791215;0.734725;0.693244;0.623079;0.545858;0.461812;0.367975;0.274764;0.192923;0.135214
570.2;0.04077;0.71;0.642612;0.575253;0.531179;0.467083;0.392266;0.309516;0.233768;0.166436;0.111082;0.071533
661.2;0.048974;0.42;0.474876;0.429267;0.411831;0.379764;0.337913;0.278339;0.214521;0.149796;0.094114;0.057126
1050;0.057742;0.42;0.614140;0.553309;0.529464;0.486037;0.435637;0.363656;0.286258;0.204571;0.130764;0.078721
663.3;0.05598;0.65;0.533019;0.475025;0.446168;0.395148;0.339584;0.272358;0.207099;0.145388;0.093113;0.056199
651.2;0.029241;0.29;0.627146;0.582629;0.562616;0.521373;0.468640;0.394712;0.315455;0.234643;0.160816;0.106960
624.4;0.018132;0.86;0.776133;0.729697;0.685996;0.615901;0.536767;0.440351;0.343755;0.252197;0.179716;0.127382
426.2;0.049838;0.21;0.288141;0.259854;0.248208;0.224781;0.193360;0.154841;0.113091;0.076325;0.046080;0.027575
534.1;0.015691;0.51;0.478542;0.454311;0.440230;0.412551;0.375432;0.327620;0.276267;0.221438;0.168878;0.129499
378.1;0.017941;0.13;0.408749;0.383608;0.370636;0.344699;0.310431;0.263729;0.210514;0.162438;0.119609;0.087514
686.5;0.027791;0.35;0.661453;0.616178;0.595554;0.553755;0.499099;0.425816;0.337217;0.255250;0.179354;0.120654
531.6;0.052388;0.36;0.362593;0.327356;0.312924;0.286697;0.253101;0.204001;0.151446;0.101670;0.062992;0.037065
567.8;0.039139;0.86;0.852586;0.773476;0.712881;0.612298;0.495458;0.376588;0.265905;0.179136;0.113697;0.072648
682.4;0.039309;0.27;0.547399;0.503934;0.486741;0.450474;0.403390;0.339591;0.262046;0.188192;0.121416;0.075278
407.3;0.056292;0.49;0.283140;0.254849;0.243669;0.220767;0.191023;0.153339;0.112127;0.075725;0.045617;0.026844
745.6;0.038754;0.46;0.648273;0.588381;0.561438;0.510441;0.447814;0.377304;0.297355;0.218213;0.147249;0.094882
935.8;0.010499;0.76;0.579022;0.559281;0.536044;0.497267;0.446445;0.391242;0.329068;0.271387;0.222493;0.189282
519.2;0.050469;0.11;0.324035;0.292352;0.280332;0.255108;0.220905;0.176635;0.129733;0.087169;0.053236;0.031854
1006.6;0.04044;0.73;1.251848;1.140743;1.063071;0.928900;0.770822;0.592974;0.432538;0.300192;0.199127;0.132229
366.7;0.033996;0.53;0.371972;0.339206;0.320748;0.292100;0.257000;0.212832;0.164824;0.118314;0.077769;0.050195
654.5;0.023422;0.14;0.660689;0.621570;0.603903;0.565907;0.515715;0.444164;0.355832;0.271312;0.193075;0.132625
303.1;0.022905;0.51;0.326637;0.305306;0.292514;0.268803;0.240642;0.203161;0.161352;0.121001;0.085863;0.059804
498.6;0.03405;0.46;0.485679;0.446304;0.424583;0.385448;0.340479;0.285300;0.222766;0.160468;0.107428;0.069179
301.2;0.021367;0.49;0.320530;0.300559;0.288772;0.266905;0.239376;0.203785;0.161794;0.122948;0.088076;0.062186
470.3;0.01243;0.63;0.311495;0.300122;0.290812;0.274849;0.252708;0.224580;0.190812;0.159561;0.130487;0.108838
428.2;0.018462;0.5;0.419981;0.399291;0.385130;0.361551;0.331131;0.288576;0.235573;0.181468;0.132194;0.097919
541.3;0.022922;0.69;0.622593;0.579880;0.546899;0.492903;0.431647;0.365645;0.290497;0.216148;0.151598;0.107105
457.4;0.019895;0.86;0.551142;0.520287;0.489840;0.439196;0.383800;0.316190;0.242411;0.181552;0.126593;0.089894
424.8;0.040285;0.74;0.467768;0.423044;0.394339;0.345976;0.291013;0.233404;0.176553;0.124766;0.082043;0.052738
839;0.051185;0.45;0.570545;0.515799;0.494064;0.451938;0.403519;0.336947;0.262600;0.186141;0.120662;0.074362
1111;0.050531;0.17;0.636251;0.576351;0.559994;0.524895;0.482998;0.409551;0.320482;0.225981;0.144951;0.088695
499.1;0.045406;0.4;0.395657;0.360093;0.345399;0.315456;0.276611;0.226625;0.170479;0.118110;0.073903;0.044639
734.4;0.052969;0.71;0.727888;0.647546;0.596290;0.512449;0.425348;0.334200;0.246767;0.174766;0.114130;0.071822
638.4;0.049054;0.74;0.691494;0.621416;0.572893;0.491378;0.403625;0.315501;0.232310;0.163647;0.106157;0.067123
771.4;0.02019;0.74;0.946146;0.888313;0.839098;0.755636;0.653771;0.539704;0.420089;0.314642;0.224893;0.159620
538.4;0.059667;0.58;0.363021;0.327087;0.311767;0.282045;0.249168;0.201446;0.151104;0.102792;0.062923;0.036660
361.5;0.014681;0.36;0.312163;0.300267;0.292016;0.275860;0.254216;0.223221;0.185579;0.147849;0.112906;0.089008
692.7;0.042531;0.7;0.780622;0.698762;0.644647;0.560545;0.470033;0.367107;0.275037;0.195684;0.131049;0.084648
456.5;0.020759;0.48;0.469944;0.443233;0.428658;0.400817;0.363466;0.313016;0.252711;0.191136;0.137780;0.098833
323.5;0.022194;0.51;0.347206;0.325199;0.312424;0.288003;0.257785;0.219044;0.173300;0.131140;0.093547;0.065384
1159.2;0.026984;0.48;1.138046;1.056141;1.001048;0.902061;0.793879;0.675857;0.546324;0.415431;0.296196;0.209774
687.5;0.019893;0.44;0.662829;0.623448;0.599832;0.556597;0.508316;0.448111;0.373462;0.290398;0.212032;0.153929
1165.4;0.035342;0.24;0.847724;0.780480;0.755953;0.707150;0.648752;0.562506;0.460694;0.353584;0.248725;0.167291
986.2;0.057538;0.32;0.542877;0.494283;0.478110;0.443312;0.397870;0.335621;0.256512;0.180263;0.112871;0.066291
306.6;0.02973;0.8;0.358077;0.329320;0.308769;0.274740;0.235823;0.193508;0.147496;0.107154;0.073011;0.049603
912;0.039223;0.8;1.268543;1.149197;1.072745;0.940738;0.780892;0.595311;0.428962;0.287816;0.188005;0.121860
935.4;0.040327;0.49;0.820509;0.738724;0.695352;0.625928;0.546593;0.450023;0.354955;0.264379;0.181334;0.118476
880.6;0.045732;0.59;0.804082;0.721382;0.676346;0.596143;0.504330;0.408168;0.314595;0.227427;0.153031;0.099153
797.1;0.030077;0.67;0.980458;0.894836;0.834011;0.734151;0.633859;0.513578;0.388454;0.281918;0.193719;0.131654
496.3;0.052935;0.21;0.307310;0.279893;0.268267;0.243490;0.210992;0.169581;0.123733;0.083315;0.050053;0.029728
995.1;0.056024;0.57;0.746165;0.659815;0.617539;0.546609;0.471260;0.383621;0.293882;0.212579;0.140890;0.088300
505.2;0.047542;0.26;0.368182;0.332958;0.317954;0.288617;0.254237;0.205103;0.151221;0.102713;0.063919;0.037952
633.8;0.02428;0.15;0.644624;0.606953;0.587773;0.548117;0.497447;0.425672;0.339195;0.257251;0.181616;0.122954
1101.8;0.049841;0.15;0.636223;0.577738;0.561680;0.526993;0.484659;0.410951;0.320855;0.226206;0.144879;0.088612
1070.7;0.017138;0.85;1.331566;1.243074;1.180369;1.079798;0.946185;0.780405;0.607621;0.448994;0.321012;0.227017
662.2;0.035228;0.52;0.638842;0.584557;0.553892;0.501391;0.440888;0.363865;0.286264;0.211232;0.143521;0.092961
586.2;0.040534;0.22;0.476128;0.436693;0.418572;0.384476;0.342215;0.280667;0.213549;0.148107;0.094564;0.058032
847.8;0.04519;0.62;0.819466;0.731099;0.683818;0.601476;0.506843;0.403993;0.309460;0.223328;0.150191;0.097399
1119.2;0.029167;0.57;1.234079;1.134931;1.065334;0.947789;0.814259;0.677669;0.528768;0.391079;0.272585;0.190430
1118.2;0.046434;0.35;0.744539;0.674567;0.644537;0.589718;0.531810;0.454138;0.364675;0.270658;0.179641;0.114888
832.4;0.054364;0.64;0.713255;0.631419;0.586016;0.511280;0.435478;0.348918;0.262313;0.188093;0.123754;0.077597
599.3;0.012792;0.42;0.454298;0.437252;0.423482;0.399625;0.366691;0.322753;0.275327;0.229934;0.185120;0.151547
1067.8;0.016911;0.28;0.817229;0.779020;0.758334;0.719177;0.668228;0.597818;0.515090;0.431548;0.340012;0.263310
698.2;0.053153;0.29;0.443358;0.398952;0.383883;0.351926;0.313847;0.258016;0.191403;0.131322;0.081487;0.047894
1113.9;0.031087;0.41;0.978439;0.900753;0.862900;0.794061;0.710449;0.604244;0.486172;0.367252;0.263136;0.182584
624.4;0.018132;0.86;0.776133;0.729697;0.685996;0.615901;0.536767;0.440351;0.343755;0.252197;0.179716;0.127382
426.2;0.049838;0.21;0.288141;0.259854;0.248208;0.224781;0.193360;0.154841;0.113091;0.076325;0.046080;0.027575
534.1;0.015691;0.51;0.478542;0.454311;0.440230;0.412551;0.375432;0.327620;0.276267;0.221438;0.168878;0.129499
378.1;0.017941;0.13;0.408749;0.383608;0.370636;0.344699;0.310431;0.263729;0.210514;0.162438;0.119609;0.087514
686.5;0.027791;0.35;0.661453;0.616178;0.595554;0.553755;0.499099;0.425816;0.337217;0.255250;0.179354;0.120654
531.6;0.052388;0.36;0.362593;0.327356;0.312924;0.286697;0.253101;0.204001;0.151446;0.101670;0.062992;0.037065
567.8;0.039139;0.86;0.852586;0.773476;0.712881;0.612298;0.495458;0.376588;0.265905;0.179136;0.113697;0.072648
682.4;0.039309;0.27;0.547399;0.503934;0.486741;0.450474;0.403390;0.339591;0.262046;0.188192;0.121416;0.075278
407.3;0.056292;0.49;0.283140;0.254849;0.243669;0.220767;0.191023;0.153339;0.112127;0.075725;0.045617;0.026844
745.6;0.038754;0.46;0.648273;0.588381;0.561438;0.510441;0.447814;0.377304;0.297355;0.218213;0.147249;0.094882
935.8;0.010499;0.76;0.579022;0.559281;0.536044;0.497267;0.446445;0.391242;0.329068;0.271387;0.222493;0.189282
519.2;0.050469;0.11;0.324035;0.292352;0.280332;0.255108;0.220905;0.176635;0.129733;0.087169;0.053236;0.031854
1006.6;0.04044;0.73;1.251848;1.140743;1.063071;0.928900;0.770822;0.592974;0.432538;0.300192;0.199127;0.132229
366.7;0.033996;0.53;0.371972;0.339206;0.320748;0.292100;0.257000;0.212832;0.164824;0.118314;0.077769;0.050195
654.5;0.023422;0.14;0.660689;0.621570;0.603903;0.565907;0.515715;0.444164;0.355832;0.271312;0.193075;0.132625
303.1;0.022905;0.51;0.326637;0.305306;0.292514;0.268803;0.240642;0.203161;0.161352;0.121001;0.085863;0.059804
498.6;0.03405;0.46;0.485679;0.446304;0.424583;0.385448;0.340479;0.285300;0.222766;0.160468;0.107428;0.069179
301.2;0.021367;0.49;0.320530;0.300559;0.288772;0.266905;0.239376;0.203785;0.161794;0.122948;0.088076;0.062186
470.3;0.01243;0.63;0.311495;0.300122;0.290812;0.274849;0.252708;0.224580;0.190812;0.159561;0.130487;0.108838
428.2;0.018462;0.5;0.419981;0.399291;0.385130;0.361551;0.331131;0.288576;0.235573;0.181468;0.132194;0.097919
541.3;0.022922;0.69;0.622593;0.579880;0.546899;0.492903;0.431647;0.365645;0.290497;0.216148;0.151598;0.107105
457.4;0.019895;0.86;0.551142;0.520287;0.489840;0.439196;0.383800;0.316190;0.242411;0.181552;0.126593;0.089894
424.8;0.040285;0.74;0.467768;0.423044;0.394339;0.345976;0.291013;0.233404;0.176553;0.124766;0.082043;0.052738
839;0.051185;0.45;0.570545;0.515799;0.494064;0.451938;0.403519;0.336947;0.262600;0.186141;0.120662;0.074362
1111;0.050531;0.17;0.636251;0.576351;0.559994;0.524895;0.482998;0.409551;0.320482;0.225981;0.144951;0.088695
499.1;0.045406;0.4;0.395657;0.360093;0.345399;0.315456;0.276611;0.226625;0.170479;0.118110;0.073903;0.044639
734.4;0.052969;0.71;0.727888;0.647546;0.596290;0.512449;0.425348;0.334200;0.246767;0.174766;0.114130;0.071822
638.4;0.049054;0.74;0.691494;0.621416;0.572893;0.491378;0.403625;0.315501;0.232310;0.163647;0.106157;0.067123
771.4;0.02019;0.74;0.946146;0.888313;0.839098;0.755636;0.653771;0.539704;0.420089;0.314642;0.224893;0.159620
538.4;0.059667;0.58;0.363021;0.327087;0.311767;0.282045;0.249168;0.201446;0.151104;0.102792;0.062923;0.036660
361.5;0.014681;0.36;0.312163;0.300267;0.292016;0.275860;0.254216;0.223221;0.185579;0.147849;0.112906;0.089008
692.7;0.042531;0.7;0.780622;0.698762;0.644647;0.560545;0.470033;0.367107;0.275037;0.195684;0.131049;0.084648
456.5;0.020759;0.48;0.469944;0.443233;0.428658;0.400817;0.363466;0.313016;0.252711;0.191136;0.137780;0.098833
323.5;0.022194;0.51;0.347206;0.325199;0.312424;0.288003;0.257785;0.219044;0.173300;0.131140;0.093547;0.065384
1159.2;0.026984;0.48;1.138046;1.056141;1.001048;0.902061;0.793879;0.675857;0.546324;0.415431;0.296196;0.209774
687.5;0.019893;0.44;0.662829;0.623448;0.599832;0.556597;0.508316;0.448111;0.373462;0.290398;0.212032;0.153929
1165.4;0.035342;0.24;0.847724;0.780480;0.755953;0.707150;0.648752;0.562506;0.460694;0.353584;0.248725;0.167291
986.2;0.057538;0.32;0.542877;0.494283;0.478110;0.443312;0.397870;0.335621;0.256512;0.180263;0.112871;0.066291
306.6;0.02973;0.8;0.358077;0.329320;0.308769;0.274740;0.235823;0.193508;0.147496;0.107154;0.073011;0.049603
912;0.039223;0.8;1.268543;1.149197;1.072745;0.940738;0.780892;0.595311;0.428962;0.287816;0.188005;0.121860
935.4;0.040327;0.49;0.820509;0.738724;0.695352;0.625928;0.546593;0.450023;0.354955;0.264379;0.181334;0.118476
880.6;0.045732;0.59;0.804082;0.721382;0.676346;0.596143;0.504330;0.408168;0.314595;0.227427;0.153031;0.099153
797.1;0.030077;0.67;0.980458;0.894836;0.834011;0.734151;0.633859;0.513578;0.388454;0.281918;0.193719;0.131654
496.3;0.052935;0.21;0.307310;0.279893;0.268267;0.243490;0.210992;0.169581;0.123733;0.083315;0.050053;0.029728
995.1;0.056024;0.57;0.746165;0.659815;0.617539;0.546609;0.471260;0.383621;0.293882;0.212579;0.140890;0.088300
505.2;0.047542;0.26;0.368182;0.332958;0.317954;0.288617;0.254237;0.205103;0.151221;0.102713;0.063919;0.037952
633.8;0.02428;0.15;0.644624;0.606953;0.587773;0.548117;0.497447;0.425672;0.339195;0.257251;0.181616;0.122954
1101.8;0.049841;0.15;0.636223;0.577738;0.561680;0.526993;0.484659;0.410951;0.320855;0.226206;0.144879;0.088612
1070.7;0.017138;0.85;1.331566;1.243074;1.180369;1.079798;0.946185;0.780405;0.607621;0.448994;0.321012;0.227017
662.2;0.035228;0.52;0.638842;0.584557;0.553892;0.501391;0.440888;0.363865;0.286264;0.211232;0.143521;0.092961
586.2;0.040534;0.22;0.476128;0.436693;0.418572;0.384476;0.342215;0.280667;0.213549;0.148107;0.094564;0.058032
847.8;0.04519;0.62;0.819466;0.731099;0.683818;0.601476;0.506843;0.403993;0.309460;0.223328;0.150191;0.097399
1119.2;0.029167;0.57;1.234079;1.134931;1.065334;0.947789;0.814259;0.677669;0.528768;0.391079;0.272585;0.190430
1118.2;0.046434;0.35;0.744539;0.674567;0.644537;0.589718;0.531810;0.454138;0.364675;0.270658;0.179641;0.114888
832.4;0.054364;0.64;0.713255;0.631419;0.586016;0.511280;0.435478;0.348918;0.262313;0.188093;0.123754;0.077597
599.3;0.012792;0.42;0.454298;0.437252;0.423482;0.399625;0.366691;0.322753;0.275327;0.229934;0.185120;0.151547
1067.8;0.016911;0.28;0.817229;0.779020;0.758334;0.719177;0.668228;0.597818;0.515090;0.431548;0.340012;0.263310
698.2;0.053153;0.29;0.443358;0.398952;0.383883;0.351926;0.313847;0.258016;0.191403;0.131322;0.081487;0.047894
1113.9;0.031087;0.41;0.978439;0.900753;0.862900;0.794061;0.710449;0.604244;0.486172;0.367252;0.263136;0.182584
329.9;0.030566;0.13;0.336238;0.308165;0.292857;0.265967;0.233361;0.190618;0.144746;0.101879;0.066021;0.041587
779.2;0.057957;0.38;0.459243;0.415245;0.399241;0.367210;0.328576;0.272039;0.204622;0.140376;0.087230;0.051119
944.8;0.047512;0.54;0.777503;0.701602;0.658387;0.582054;0.500907;0.411809;0.320430;0.234549;0.155944;0.100147
461.4;0.05905;0.55;0.310692;0.279686;0.268051;0.244587;0.212943;0.170782;0.126739;0.085855;0.051709;0.030227
602.9;0.021676;0.15;0.624794;0.588103;0.570204;0.535070;0.487305;0.420764;0.339090;0.258034;0.184303;0.130026
468.9;0.014811;0.57;0.394546;0.376258;0.364424;0.342636;0.312373;0.272705;0.230259;0.186229;0.144186;0.112951
589.7;0.029229;0.48;0.599756;0.555541;0.531625;0.486748;0.431638;0.364090;0.285711;0.212657;0.147559;0.099345
663.5;0.035014;0.63;0.724012;0.663036;0.621321;0.549954;0.469250;0.383048;0.292038;0.213485;0.145347;0.096341
793.7;0.038513;0.73;1.003279;0.911153;0.845534;0.735092;0.606794;0.472571;0.345417;0.243684;0.162330;0.107362
343.9;0.058832;0.25;0.184930;0.168009;0.161196;0.145925;0.125971;0.100206;0.072449;0.047639;0.028433;0.018500
797.5;0.034643;0.87;1.258020;1.138371;1.058052;0.918788;0.774803;0.603020;0.426714;0.288003;0.180878;0.114710
547.3;0.030044;0.53;0.569524;0.525302;0.500226;0.455054;0.401736;0.335846;0.262731;0.194307;0.133894;0.089864
517.4;0.05975;0.83;0.581844;0.509172;0.463396;0.394478;0.318883;0.237261;0.169940;0.113871;0.071452;0.043363
518.8;0.02305;0.62;0.559997;0.521809;0.496786;0.453878;0.408654;0.348309;0.277593;0.208693;0.147173;0.103970
438.7;0.043266;0.22;0.348121;0.317400;0.302192;0.272311;0.238317;0.192932;0.141302;0.097218;0.060579;0.036029
1160.8;0.058213;0.14;0.573897;0.521199;0.506281;0.472203;0.425551;0.359766;0.271041;0.188415;0.116980;0.068988
1142.1;0.043558;0.11;0.713709;0.646221;0.632863;0.600368;0.554653;0.479702;0.383255;0.279533;0.181286;0.114440
1036.8;0.024959;0.26;0.837345;0.786528;0.765790;0.728147;0.680792;0.607490;0.508945;0.397873;0.290180;0.206895
955.4;0.036556;0.52;0.917140;0.836979;0.788690;0.704270;0.607640;0.501804;0.388697;0.289581;0.201027;0.135309
458.2;0.010073;0.22;0.199285;0.194880;0.191680;0.183621;0.173246;0.159864;0.143251;0.125761;0.109163;0.097586
624.3;0.054189;0.16;0.362907;0.329121;0.317424;0.290165;0.254164;0.203332;0.150234;0.100787;0.061397;0.036411
469.9;0.030219;0.54;0.494781;0.454965;0.432664;0.393602;0.347696;0.287757;0.226388;0.166840;0.113178;0.075468
301.1;0.02506;0.89;0.373137;0.343490;0.321187;0.288476;0.249132;0.201540;0.151639;0.109871;0.073940;0.050788
584.8;0.057529;0.23;0.332313;0.297391;0.285785;0.260302;0.226243;0.183689;0.133461;0.090078;0.053975;0.031548
929.7;0.033032;0.23;0.755846;0.697187;0.675084;0.632438;0.576976;0.494508;0.402226;0.303972;0.208721;0.139108
862.7;0.024382;0.23;0.754411;0.711191;0.694916;0.659309;0.612532;0.540670;0.446616;0.341241;0.248220;0.175138
788.8;0.014231;0.16;0.614697;0.591862;0.576262;0.548046;0.507998;0.458890;0.401695;0.334623;0.266323;0.212396
695.1;0.039109;0.67;0.781543;0.702986;0.652268;0.568517;0.481036;0.381865;0.288524;0.208615;0.140471;0.091239
558.7;0.017653;0.46;0.533623;0.505669;0.486304;0.452825;0.414751;0.365927;0.305233;0.238455;0.177066;0.131398
751.5;0.013655;0.51;0.594141;0.572709;0.553528;0.519112;0.476296;0.416544;0.348883;0.283340;0.227701;0.183676
985.4;0.039028;0.58;1.005373;0.908835;0.849346;0.748417;0.632576;0.512825;0.389714;0.286678;0.196947;0.131982
986.2;0.024351;0.81;1.413709;1.315007;1.240574;1.108401;0.944341;0.761786;0.569483;0.406350;0.273087;0.183027
818.5;0.028096;0.2;0.732169;0.683366;0.665705;0.626549;0.572199;0.494484;0.396830;0.302836;0.213759;0.143611
972.9;0.046241;0.33;0.652711;0.589151;0.568962;0.527566;0.477628;0.407937;0.321404;0.235698;0.154167;0.095885
881;0.052916;0.15;0.514990;0.464867;0.449837;0.415434;0.370329;0.308163;0.229295;0.158417;0.098213;0.057994
410.9;0.027396;0.21;0.444265;0.409245;0.389124;0.354539;0.315620;0.263431;0.205604;0.148281;0.100024;0.064905
754;0.058087;0.15;0.399156;0.357026;0.344725;0.317302;0.278303;0.224807;0.166158;0.111785;0.067695;0.040154
612.5;0.057678;0.25;0.351490;0.314730;0.302635;0.276684;0.240992;0.195184;0.142860;0.096307;0.057550;0.033809
382.9;0.020302;0.71;0.391383;0.367702;0.351834;0.323872;0.291489;0.250807;0.202540;0.153742;0.110631;0.080140
433.1;0.048412;0.82;0.517612;0.464405;0.424737;0.360280;0.292759;0.226238;0.162721;0.112773;0.071937;0.044934
478.4;0.040777;0.51;0.424447;0.387010;0.368909;0.336301;0.295652;0.245344;0.186469;0.133247;0.086324;0.053867
905;0.055946;0.78;1.005488;0.896606;0.829833;0.713288;0.580057;0.440303;0.313239;0.214337;0.137935;0.087891
688.4;0.040127;0.28;0.544484;0.500878;0.483203;0.447271;0.400176;0.337346;0.259537;0.186361;0.120163;0.074175
925;0.045107;0.44;0.699514;0.631775;0.599898;0.541107;0.481338;0.405133;0.320618;0.235787;0.155961;0.099405
531.1;0.047184;0.39;0.403449;0.366926;0.352205;0.321618;0.282140;0.232037;0.173721;0.120272;0.075249;0.044760
308.8;0.029255;0.66;0.332940;0.306559;0.291622;0.264958;0.231955;0.192127;0.150568;0.110541;0.075570;0.050645
779.1;0.022575;0.86;1.139553;1.056658;0.995218;0.889300;0.757997;0.610391;0.460201;0.325859;0.220336;0.147724
551.5;0.011838;0.27;0.389554;0.374745;0.364521;0.344648;0.315295;0.283887;0.246806;0.206691;0.169842;0.141876
1151.6;0.033606;0.7;1.470211;1.339382;1.251956;1.098728;0.933299;0.744625;0.548367;0.387126;0.258688;0.174560
1115.8;0.042254;0.52;0.999381;0.899792;0.842288;0.742565;0.642496;0.519263;0.403819;0.300837;0.207693;0.137447
653.4;0.023949;0.71;0.808562;0.749190;0.705082;0.630607;0.542016;0.445035;0.350859;0.257274;0.179925;0.124572
322.4;0.035893;0.8;0.374762;0.340225;0.317800;0.280733;0.237539;0.189099;0.143257;0.101521;0.068094;0.044164
904.3;0.022283;0.29;0.778030;0.731577;0.709346;0.672502;0.627928;0.561848;0.472436;0.370298;0.269144;0.194367
1053.5;0.024875;0.85;1.556440;1.441334;1.363516;1.223194;1.048870;0.845252;0.635050;0.444136;0.295606;0.194382
1174.3;0.042524;0.12;0.741425;0.669863;0.651532;0.618629;0.575037;0.499651;0.404303;0.296269;0.196266;0.124551
351.2;0.05457;0.55;0.260307;0.235833;0.224950;0.203409;0.175829;0.140364;0.103287;0.069884;0.042263;0.024863
705.3;0.053055;0.81;0.853315;0.762553;0.702435;0.599567;0.483300;0.364715;0.258319;0.175539;0.111641;0.070180
824.2;0.020496;0.23;0.718866;0.676661;0.662539;0.632796;0.593135;0.531823;0.448252;0.352909;0.257456;0.188686
918;0.029955;0.44;0.853432;0.789380;0.756620;0.696230;0.622761;0.527920;0.422970;0.317498;0.225422;0.154448
947.5;0.054394;0.36;0.565759;0.512293;0.493264;0.458349;0.412652;0.343981;0.269306;0.190103;0.120255;0.072627
885;0.022826;0.55;0.938657;0.872951;0.826802;0.752827;0.662359;0.559372;0.457568;0.350494;0.252039;0.178102
954.2;0.05834;0.76;0.997190;0.879307;0.813912;0.698089;0.568402;0.435854;0.310540;0.215721;0.140110;0.089386
636.5;0.040958;0.41;0.524813;0.475470;0.456622;0.419775;0.374598;0.314151;0.242873;0.175126;0.113459;0.070645
823.4;0.018267;0.6;0.847273;0.794744;0.758414;0.697472;0.619285;0.526594;0.424372;0.333132;0.248816;0.183742
404.5;0.05131;0.87;0.527806;0.470528;0.427338;0.357958;0.285973;0.215408;0.150435;0.101089;0.063306;0.039002
351.9;0.042785;0.76;0.371353;0.333683;0.309595;0.272322;0.232248;0.186356;0.139564;0.098874;0.064110;0.040488
1181.8;0.037323;0.75;1.564490;1.396762;1.303515;1.161095;0.984242;0.770117;0.552948;0.382514;0.251272;0.164984
556.3;0.022566;0.86;0.780082;0.725633;0.678142;0.600223;0.515736;0.414009;0.310915;0.225122;0.151674;0.103345
835.5;0.012008;0.25;0.560826;0.542640;0.529952;0.505581;0.470054;0.420019;0.362294;0.310956;0.259313;0.218272
1165.9;0.021669;0.64;1.364266;1.271519;1.197607;1.083718;0.942650;0.776201;0.608483;0.457322;0.330639;0.234851
467.2;0.028056;0.69;0.534913;0.497255;0.470432;0.424215;0.369007;0.302176;0.235321;0.171202;0.119129;0.080673
473.7;0.041673;0.76;0.550438;0.491427;0.456601;0.398064;0.330248;0.259537;0.194474;0.136554;0.089772;0.057457
607.5;0.059305;0.64;0.445439;0.399763;0.377888;0.337842;0.291240;0.237173;0.177045;0.123830;0.078008;0.046176
1139.6;0.020358;0.36;0.959536;0.904778;0.871857;0.811151;0.741806;0.647212;0.553287;0.450809;0.341180;0.250914
651.6;0.047854;0.13;0.439170;0.397019;0.381097;0.347780;0.307021;0.250478;0.183571;0.126228;0.078371;0.046382
545.9;0.054316;0.2;0.325081;0.295161;0.283714;0.257977;0.224401;0.180500;0.131901;0.088773;0.053318;0.031613
436.8;0.033611;0.33;0.426765;0.391629;0.374281;0.342063;0.301153;0.250644;0.192225;0.137349;0.088837;0.056482
657.4;0.017946;0.77;0.753589;0.705406;0.665491;0.606925;0.531702;0.440715;0.350272;0.262181;0.193255;0.139731
637.3;0.050546;0.82;0.807780;0.717053;0.660924;0.564793;0.455097;0.341505;0.243183;0.164442;0.104289;0.065417
418;0.033825;0.46;0.417389;0.380526;0.360598;0.329272;0.290817;0.241429;0.187419;0.134372;0.088363;0.056813
691.5;0.015814;0.89;0.780487;0.744427;0.705298;0.642430;0.559156;0.459945;0.363065;0.272359;0.196089;0.143531
382.4;0.053786;0.13;0.213780;0.192500;0.184989;0.168691;0.146419;0.115640;0.084546;0.055991;0.034299;0.021137
853.2;0.041759;0.79;1.147537;1.040105;0.965500;0.836221;0.685639;0.525642;0.374349;0.256055;0.165714;0.107615
309.9;0.014864;0.52;0.248348;0.237817;0.231477;0.219376;0.202868;0.179382;0.150212;0.120317;0.092790;0.072994
815.9;0.055422;0.88;1.084940;0.957502;0.891687;0.775526;0.635812;0.471710;0.328722;0.211097;0.129982;0.079757
1010.8;0.011751;0.8;0.810237;0.775372;0.740835;0.681073;0.602090;0.511722;0.420725;0.331807;0.261074;0.211324
511.8;0.011987;0.23;0.367089;0.351972;0.341963;0.322657;0.299934;0.269727;0.232547;0.193580;0.158489;0.131474
703.2;0.059428;0.38;0.410189;0.368141;0.353807;0.327627;0.291252;0.236205;0.177753;0.120052;0.073083;0.042625
812.4;0.044309;0.15;0.570018;0.516935;0.499479;0.463697;0.419098;0.348743;0.267239;0.186084;0.118695;0.072676
355.3;0.028834;0.46;0.380306;0.350860;0.334850;0.304127;0.267718;0.223877;0.174751;0.127315;0.086512;0.056503
746.7;0.035216;0.45;0.679254;0.622359;0.592968;0.541300;0.480277;0.400265;0.317958;0.236400;0.161094;0.104688
878.1;0.048175;0.36;0.589570;0.534484;0.515042;0.476347;0.428421;0.362988;0.282608;0.203094;0.131529;0.081145
499.1;0.012444;0.83;0.324541;0.313587;0.302258;0.282386;0.256670;0.224696;0.187646;0.153867;0.122209;0.100970
1053.4;0.046296;0.5;0.843375;0.760381;0.716963;0.638383;0.549664;0.454298;0.356754;0.261883;0.178014;0.115975
1174;0.045066;0.67;1.276217;1.143623;1.065331;0.925300;0.771245;0.604264;0.439354;0.313582;0.210809;0.139301
1061.7;0.032945;0.63;1.234132;1.126868;1.051267;0.929597;0.798796;0.642657;0.482480;0.348886;0.240794;0.163831
755.4;0.039115;0.77;1.006330;0.914523;0.847180;0.733909;0.601949;0.464116;0.335012;0.232852;0.152959;0.100334
551;0.026954;0.31;0.571185;0.528544;0.507883;0.469253;0.420386;0.353089;0.280508;0.208329;0.143842;0.096572
972;0.018531;0.72;1.153418;1.087717;1.026608;0.926408;0.803591;0.668741;0.524436;0.392655;0.285612;0.206959
513.2;0.02996;0.43;0.523151;0.482950;0.461774;0.423871;0.375658;0.313398;0.247761;0.182685;0.123780;0.081533
400.1;0.030387;0.35;0.415601;0.382374;0.364037;0.332263;0.294453;0.244550;0.190513;0.136023;0.091034;0.058709
1002.2;0.015402;0.58;0.913397;0.872880;0.836185;0.772146;0.690824;0.594191;0.486586;0.382915;0.294723;0.231118
650.8;0.032994;0.64;0.728930;0.671353;0.629864;0.560211;0.479390;0.390650;0.297703;0.217877;0.149332;0.100068
517.5;0.032544;0.89;0.818954;0.744022;0.684607;0.596343;0.496149;0.380709;0.270063;0.183454;0.117374;0.074216
663.5;0.037557;0.89;1.051868;0.946214;0.881581;0.771238;0.636936;0.481802;0.340891;0.223958;0.141224;0.087932
386.8;0.05027;0.71;0.344223;0.310868;0.291872;0.260080;0.222996;0.178635;0.134655;0.093580;0.059242;0.035829
418.8;0.045042;0.32;0.334977;0.303109;0.288399;0.259982;0.227946;0.184226;0.135482;0.092800;0.057929;0.034560
1160.5;0.01261;0.43;0.778773;0.751250;0.730073;0.692733;0.639523;0.568031;0.486220;0.400194;0.324134;0.272747
817.7;0.020984;0.27;0.721570;0.678927;0.662499;0.630400;0.588654;0.526099;0.441750;0.346074;0.251823;0.183071
353.8;0.032982;0.6;0.370446;0.338823;0.320611;0.288344;0.252677;0.210118;0.163179;0.117416;0.078960;0.051439
511.3;0.057927;0.11;0.252018;0.227704;0.220337;0.201995;0.177539;0.141367;0.103179;0.068689;0.041812;0.025216
617.8;0.049502;0.13;0.397716;0.359852;0.344603;0.316943;0.279322;0.224694;0.165773;0.111781;0.069523;0.041083
1039.1;0.032594;0.24;0.815879;0.753239;0.730190;0.684928;0.627838;0.545939;0.443148;0.338936;0.239203;0.161556
313.9;0.026671;0.26;0.340124;0.313603;0.299493;0.273979;0.241925;0.201057;0.157117;0.112879;0.076067;0.050067
338.7;0.012955;0.68;0.207739;0.200215;0.194611;0.184732;0.170717;0.152711;0.132244;0.110621;0.089701;0.074404
452.1;0.047045;0.45;0.359146;0.326398;0.311869;0.282925;0.246696;0.202462;0.150379;0.104097;0.065171;0.038886
884.2;0.03534;0.78;1.248296;1.121137;1.039886;0.915751;0.769185;0.596969;0.429644;0.295596;0.194819;0.127406
958.6;0.019996;0.41;0.866994;0.815500;0.783757;0.729266;0.662093;0.575653;0.487950;0.390946;0.291948;0.212215
883;0.03136;0.77;1.243442;1.145292;1.066947;0.932209;0.777188;0.620116;0.455287;0.317660;0.208558;0.139490
705.8;0.018435;0.7;0.781401;0.732353;0.695652;0.634835;0.557673;0.468461;0.372150;0.285899;0.210299;0.153185
792.3;0.047585;0.57;0.668683;0.601429;0.563459;0.499078;0.431632;0.354384;0.273223;0.199106;0.131140;0.082903
566.7;0.028418;0.23;0.575827;0.532747;0.513102;0.473275;0.420438;0.354443;0.280207;0.207109;0.139862;0.092048
970.2;0.057091;0.52;0.648020;0.578648;0.549331;0.494621;0.434215;0.357222;0.278608;0.199262;0.128889;0.079447
470.1;0.010859;0.47;0.257027;0.248631;0.242987;0.231658;0.215091;0.193476;0.171321;0.147676;0.125368;0.108635
918.1;0.051453;0.4;0.591976;0.536654;0.515637;0.474120;0.426347;0.358402;0.280446;0.199358;0.129341;0.079701
465.2;0.04133;0.17;0.380780;0.345997;0.330216;0.298705;0.258873;0.211619;0.156391;0.107743;0.067032;0.040518
631.6;0.036937;0.31;0.545239;0.498339;0.477660;0.442621;0.396184;0.331544;0.259112;0.186264;0.121477;0.076832
863.1;0.042525;0.37;0.651574;0.588587;0.562991;0.516609;0.465729;0.394857;0.313411;0.229113;0.150381;0.095582
1002.2;0.046331;0.4;0.707644;0.639653;0.608921;0.555017;0.496845;0.420474;0.334106;0.246781;0.163281;0.103133
373;0.014724;0.22;0.338007;0.324716;0.314697;0.296139;0.271113;0.236483;0.195435;0.154107;0.118968;0.093108
1136.4;0.053879;0.35;0.662675;0.597304;0.574962;0.530779;0.480201;0.407951;0.322452;0.232004;0.151820;0.093576
998.1;0.010718;0.32;0.561166;0.546303;0.534196;0.511167;0.477213;0.431578;0.375207;0.319584;0.275959;0.241585
738.1;0.024715;0.76;1.001836;0.923771;0.863112;0.770798;0.657121;0.524099;0.403171;0.291462;0.200278;0.135069
692.3;0.018996;0.37;0.647097;0.611341;0.589286;0.550304;0.508718;0.452524;0.379148;0.297090;0.218444;0.160475
702.1;0.056315;0.8;0.805382;0.712131;0.653000;0.554399;0.447172;0.339998;0.240150;0.164851;0.105582;0.066075
575.7;0.013409;0.31;0.465629;0.447667;0.433690;0.408913;0.373901;0.333348;0.286683;0.235235;0.186081;0.149668
757.7;0.039055;0.72;0.937087;0.846963;0.784444;0.680287;0.560783;0.440887;0.323208;0.229467;0.153228;0.100683
759.7;0.041858;0.59;0.728032;0.653141;0.611984;0.544962;0.465794;0.377643;0.292068;0.212833;0.143550;0.092851
1035.9;0.042563;0.11;0.682054;0.622391;0.608261;0.573638;0.525906;0.452669;0.356896;0.258551;0.166549;0.104267
1015.3;0.053231;0.66;0.944065;0.845398;0.784303;0.678196;0.562549;0.442465;0.329527;0.236166;0.156902;0.101110
879.9;0.012798;0.11;0.603866;0.582911;0.570101;0.544655;0.509344;0.457161;0.408298;0.349946;0.289589;0.241115
640.7;0.050843;0.65;0.561384;0.500932;0.467704;0.412793;0.354092;0.286493;0.216581;0.153532;0.099801;0.062196
1030.4;0.036446;0.8;1.474141;1.320670;1.230119;1.084937;0.918302;0.716435;0.510114;0.349518;0.225508;0.145387
779.5;0.044718;0.45;0.602077;0.542681;0.516293;0.472216;0.421211;0.353724;0.276000;0.200973;0.131584;0.082157
615.7;0.02062;0.61;0.648859;0.611759;0.584007;0.534434;0.473591;0.403884;0.331907;0.253864;0.183521;0.130978
1145.1;0.037164;0.57;1.171789;1.072059;1.006790;0.893557;0.760538;0.607489;0.465236;0.339937;0.237254;0.161563
1088.3;0.045126;0.28;0.710089;0.641246;0.616672;0.575090;0.525170;0.450792;0.362000;0.267202;0.175815;0.111433
795.1;0.057822;0.73;0.777618;0.682061;0.627754;0.537695;0.446106;0.344965;0.251242;0.175845;0.114584;0.071905
860.2;0.032227;0.33;0.746641;0.688629;0.663025;0.614337;0.555227;0.474632;0.380283;0.286363;0.199248;0.133622
828.3;0.01427;0.84;0.841739;0.800282;0.758472;0.694049;0.612811;0.513344;0.406616;0.311824;0.233415;0.175517
487;0.012867;0.34;0.377455;0.362245;0.350683;0.329753;0.303278;0.271659;0.232825;0.191113;0.152622;0.124237
571.1;0.041473;0.53;0.505453;0.455802;0.431036;0.391926;0.345749;0.286770;0.221500;0.159840;0.104078;0.065210
723.8;0.049809;0.37;0.493998;0.446908;0.430181;0.398668;0.355626;0.294046;0.226610;0.158144;0.099143;0.059930
507.4;0.04456;0.29;0.398012;0.362057;0.346317;0.315071;0.274958;0.225689;0.167580;0.115675;0.072082;0.043261
1059.9;0.027265;0.54;1.124770;1.041753;0.982373;0.879319;0.765199;0.643649;0.512077;0.383707;0.270425;0.189703
475.3;0.057341;0.19;0.255738;0.231533;0.221978;0.202767;0.178002;0.141773;0.102998;0.068517;0.041537;0.025070
503.3;0.03601;0.21;0.461641;0.421080;0.402543;0.367269;0.324246;0.268174;0.202801;0.143466;0.092041;0.056844
453.6;0.057691;0.18;0.237386;0.215612;0.208020;0.190088;0.166298;0.131851;0.096252;0.063580;0.038654;0.023728
504.9;0.01368;0.35;0.416067;0.399911;0.386829;0.363730;0.333427;0.297555;0.253717;0.206348;0.162009;0.129047
692.1;0.020352;0.75;0.842464;0.796057;0.750520;0.674034;0.581944;0.483212;0.375309;0.282920;0.200661;0.142591
580;0.048751;0.51;0.443892;0.402076;0.383550;0.350138;0.309642;0.254052;0.195075;0.136327;0.086031;0.052380
1131;0.055709;0.79;1.277102;1.125361;1.051749;0.919496;0.760538;0.573141;0.408241;0.273293;0.176288;0.113210
687.2;0.049128;0.88;0.988959;0.876343;0.806560;0.693515;0.571039;0.426163;0.293986;0.191553;0.119136;0.073228
466.3;0.024777;0.36;0.502146;0.468551;0.449380;0.413705;0.370549;0.312437;0.247190;0.183968;0.128595;0.087546
1114.4;0.017592;0.28;0.849758;0.810500;0.787280;0.745607;0.692897;0.619295;0.534953;0.447664;0.350862;0.269913
1181.8;0.052396;0.51;0.876451;0.780510;0.730868;0.645577;0.556245;0.457809;0.356782;0.264287;0.177905;0.114117
695;0.049243;0.38;0.485258;0.438308;0.421529;0.390201;0.347621;0.286914;0.220837;0.154059;0.096576;0.058429
400;0.023542;0.79;0.472622;0.438272;0.412488;0.370113;0.324770;0.270602;0.210498;0.155189;0.107707;0.075364
532.3;0.021391;0.31;0.553279;0.521632;0.505393;0.472981;0.429722;0.369943;0.298433;0.224610;0.161366;0.114502
667.8;0.026051;0.77;0.910640;0.842471;0.789185;0.697327;0.588804;0.472002;0.360967;0.256306;0.175258;0.119057
835.4;0.051478;0.57;0.662957;0.589735;0.553022;0.491514;0.427199;0.350477;0.268376;0.194183;0.127730;0.080140
536;0.051109;0.68;0.473363;0.424945;0.396196;0.352452;0.301699;0.241989;0.183414;0.127616;0.082052;0.050777
842.6;0.038534;0.37;0.681087;0.621703;0.597076;0.547946;0.486974;0.415961;0.330739;0.244544;0.165501;0.106586
940.1;0.038591;0.11;0.688598;0.629437;0.610227;0.575493;0.528467;0.451452;0.359661;0.259723;0.171748;0.108618
499.6;0.024301;0.25;0.538338;0.503320;0.483931;0.446627;0.400606;0.337604;0.268346;0.199688;0.139664;0.094773
405.7;0.044957;0.51;0.343160;0.312093;0.298049;0.270538;0.235975;0.192605;0.144811;0.100541;0.063263;0.038323
567;0.049813;0.12;0.359321;0.326316;0.313771;0.287109;0.250625;0.199637;0.147819;0.098675;0.061259;0.036447
586.9;0.032079;0.54;0.600812;0.552074;0.523666;0.473635;0.417151;0.346558;0.270704;0.200142;0.136425;0.090823
681.8;0.032311;0.32;0.628447;0.577995;0.556221;0.513741;0.458853;0.388778;0.308721;0.228707;0.154884;0.100427
1161.6;0.055989;0.14;0.595975;0.541579;0.527178;0.493788;0.446604;0.377202;0.288523;0.201154;0.125137;0.075133
858.2;0.021302;0.8;1.168978;1.090506;1.021214;0.917525;0.788931;0.637264;0.490423;0.352930;0.247127;0.169971
840.2;0.02805;0.88;1.315039;1.210751;1.130777;1.011401;0.859645;0.675296;0.495064;0.341015;0.219592;0.140021
455.3;0.026228;0.19;0.495611;0.458972;0.438315;0.400511;0.353244;0.299021;0.233994;0.172322;0.116623;0.076809
381.3;0.014179;0.51;0.302560;0.289959;0.280572;0.264561;0.244533;0.217608;0.184252;0.149015;0.116439;0.092102
529.7;0.035633;0.7;0.610950;0.556398;0.518591;0.454810;0.387772;0.310850;0.235290;0.170269;0.114326;0.074653
1072.7;0.051643;0.19;0.613504;0.553712;0.537714;0.505239;0.461784;0.388326;0.303528;0.212366;0.135083;0.082544
1120;0.055231;0.13;0.591151;0.533264;0.518894;0.485102;0.437584;0.368971;0.280913;0.195352;0.121347;0.072903
929.7;0.04618;0.45;0.694789;0.627953;0.595376;0.537721;0.476845;0.400528;0.316073;0.232627;0.153848;0.097089
952.7;0.02915;0.2;0.785359;0.734886;0.718496;0.678649;0.625996;0.546860;0.443057;0.341164;0.242887;0.164264
506.9;0.024901;0.88;0.740260;0.687229;0.644503;0.570785;0.481222;0.375594;0.284207;0.198399;0.133065;0.087398
818.4;0.044586;0.85;1.168828;1.053331;0.978278;0.845083;0.690524;0.528840;0.368834;0.245355;0.153704;0.096563
1029.6;0.054023;0.85;1.309047;1.141094;1.069671;0.941693;0.785263;0.594789;0.415340;0.271939;0.170274;0.105957
663.5;0.056227;0.89;0.893653;0.797939;0.737426;0.632380;0.509181;0.376907;0.258796;0.167138;0.101356;0.061672
1189.6;0.014063;0.65;1.079726;1.031315;0.981878;0.899206;0.803750;0.687269;0.556058;0.437787;0.334955;0.260391
381;0.034134;0.66;0.401667;0.369609;0.349159;0.313553;0.270198;0.222992;0.172562;0.124665;0.084079;0.054707
588.8;0.016413;0.4;0.540289;0.513083;0.496637;0.465036;0.424846;0.376751;0.318222;0.252701;0.191130;0.143363
760.3;0.022646;0.15;0.709403;0.672569;0.657905;0.623642;0.576779;0.506053;0.416153;0.317121;0.231138;0.163210
354.5;0.054198;0.45;0.250468;0.227817;0.216935;0.195245;0.167789;0.134918;0.097618;0.065907;0.039834;0.023786
953.1;0.019814;0.53;0.951285;0.897827;0.856620;0.784880;0.696724;0.595847;0.484478;0.383740;0.284465;0.207602
800.9;0.016068;0.53;0.724954;0.688511;0.661733;0.617365;0.559328;0.484551;0.399077;0.319716;0.247790;0.189776
776.4;0.037185;0.73;0.988012;0.900339;0.836728;0.729805;0.604896;0.469862;0.346353;0.243963;0.163216;0.108258
1047;0.025731;0.58;1.172326;1.079654;1.022896;0.920387;0.795068;0.653393;0.523258;0.391181;0.277089;0.193381
1072.9;0.029102;0.86;1.622505;1.495327;1.404743;1.262228;1.083459;0.860066;0.629815;0.437556;0.280222;0.179487
1010.1;0.049577;0.6;0.897688;0.802970;0.748863;0.654838;0.550294;0.441208;0.337095;0.244265;0.163031;0.105661
586;0.051959;0.8;0.689297;0.615947;0.564235;0.477696;0.385563;0.295625;0.210932;0.145865;0.093278;0.058291
707;0.044012;0.2;0.518693;0.470578;0.453334;0.420186;0.375644;0.309552;0.236696;0.162941;0.103638;0.063543
977;0.030846;0.75;1.340996;1.239749;1.158767;1.018681;0.852874;0.679675;0.504622;0.352340;0.233762;0.156695
398.9;0.042144;0.88;0.575123;0.513370;0.466935;0.397551;0.323810;0.242148;0.172297;0.115146;0.073691;0.046190
398.8;0.020704;0.28;0.438665;0.412753;0.396668;0.367673;0.330416;0.280730;0.221854;0.168631;0.120351;0.084659
542.9;0.040864;0.83;0.765349;0.687034;0.629803;0.536256;0.437369;0.333946;0.237048;0.163363;0.105581;0.066908
772.2;0.04376;0.64;0.779369;0.697309;0.648610;0.571318;0.481676;0.382824;0.291877;0.210434;0.141307;0.091457
1175.4;0.040051;0.68;1.361693;1.242277;1.162192;1.022768;0.856578;0.662567;0.490691;0.343590;0.232489;0.156235
939.4;0.027315;0.65;1.144896;1.058082;0.992654;0.881845;0.751726;0.613552;0.477046;0.346942;0.239892;0.165795
580.7;0.02822;0.74;0.750017;0.684957;0.637222;0.562228;0.484863;0.392502;0.296080;0.214169;0.146271;0.099295
562.3;0.018574;0.52;0.551168;0.520512;0.499640;0.463729;0.420681;0.368286;0.305745;0.237528;0.174705;0.128046
1065.3;0.049768;0.7;1.138275;1.002447;0.927578;0.812167;0.674647;0.517094;0.378708;0.265285;0.177649;0.115994
1120.5;0.034633;0.5;1.060207;0.979091;0.926407;0.833101;0.723610;0.593144;0.464826;0.345478;0.244921;0.167276
875.3;0.027731;0.83;1.320330;1.210990;1.130016;1.008649;0.854942;0.670776;0.497705;0.346111;0.227604;0.147678
529.8;0.048753;0.2;0.362970;0.327334;0.313329;0.287240;0.251610;0.201453;0.148867;0.099942;0.062145;0.036920
379.8;0.02184;0.78;0.418411;0.392730;0.371728;0.336717;0.297895;0.252138;0.199681;0.148744;0.104949;0.074754
1054.4;0.052242;0.24;0.608810;0.549059;0.531479;0.497973;0.454635;0.382755;0.299879;0.210742;0.134224;0.082080
826.2;0.050826;0.71;0.860126;0.767881;0.710576;0.612313;0.503302;0.391582;0.289143;0.204101;0.133656;0.085294
1153.3;0.052311;0.47;0.802528;0.714176;0.671362;0.602468;0.528454;0.439888;0.345106;0.255758;0.171213;0.108629
354.9;0.028509;0.58;0.382861;0.352830;0.336172;0.306831;0.269982;0.223705;0.175982;0.129551;0.088407;0.059266
826.2;0.029161;0.39;0.757190;0.706695;0.681064;0.631354;0.569411;0.486699;0.390155;0.294428;0.208588;0.141395
556.6;0.053067;0.42;0.384736;0.345909;0.331250;0.301630;0.267669;0.218431;0.162283;0.110579;0.068673;0.040395
1045;0.033195;0.68;1.303419;1.187251;1.106651;0.968818;0.829166;0.660980;0.488837;0.349091;0.236782;0.159740
471.9;0.038527;0.86;0.695153;0.627451;0.575613;0.491399;0.395545;0.304926;0.215707;0.147412;0.094547;0.060088
698.3;0.044765;0.8;0.923933;0.825665;0.759280;0.646270;0.533034;0.403514;0.287939;0.197127;0.128265;0.081741
654.1;0.058046;0.59;0.458395;0.412629;0.392240;0.353937;0.308052;0.252906;0.190330;0.133576;0.084294;0.049931
909.2;0.041829;0.61;0.924955;0.832202;0.773826;0.674948;0.575587;0.457184;0.348519;0.254610;0.173344;0.113514
486.8;0.038545;0.72;0.552802;0.496190;0.459865;0.406589;0.343654;0.273270;0.207284;0.147729;0.098868;0.063813
586.3;0.056356;0.82;0.688583;0.607784;0.553992;0.467666;0.378880;0.285742;0.201707;0.136663;0.086901;0.053801
420.4;0.053188;0.28;0.271339;0.246752;0.235648;0.212781;0.183489;0.147743;0.106773;0.072077;0.043466;0.025326
904.3;0.018492;0.18;0.739845;0.702511;0.683437;0.647579;0.612628;0.559700;0.483350;0.391162;0.296041;0.221156
813.9;0.018935;0.76;0.999263;0.939314;0.883812;0.792886;0.692132;0.569519;0.446706;0.330283;0.239414;0.170467
452.8;0.022175;0.44;0.479259;0.451253;0.435425;0.404132;0.364595;0.310757;0.249216;0.186679;0.133141;0.093694
432.9;0.047589;0.68;0.391101;0.352323;0.332238;0.296700;0.256225;0.206581;0.156751;0.108945;0.070054;0.043297
728.5;0.019957;0.85;0.985577;0.925705;0.868086;0.776427;0.670916;0.543670;0.419657;0.301219;0.211333;0.145091
1117.3;0.059147;0.34;0.594914;0.536161;0.518654;0.481492;0.434108;0.366795;0.286030;0.203085;0.128272;0.075687
797;0.045482;0.35;0.568498;0.516609;0.497857;0.460833;0.413554;0.350245;0.270496;0.194685;0.126102;0.077668
329.6;0.018772;0.54;0.325040;0.309341;0.298415;0.279110;0.253537;0.219008;0.177976;0.135902;0.099756;0.073647
348.5;0.052915;0.54;0.263287;0.238990;0.228191;0.206754;0.179078;0.142376;0.105543;0.071393;0.043176;0.025450
1024.6;0.055471;0.61;0.842225;0.745283;0.691235;0.603881;0.512203;0.410238;0.310236;0.225246;0.150090;0.095437
706.2;0.058083;0.58;0.491312;0.441375;0.418423;0.378256;0.329018;0.270222;0.205064;0.144521;0.091570;0.054392
644.4;0.03853;0.23;0.531853;0.489247;0.471850;0.435714;0.387654;0.325350;0.248592;0.177747;0.114393;0.070286
1010.7;0.038144;0.43;0.854544;0.774864;0.735275;0.664665;0.589016;0.491110;0.391334;0.295252;0.203644;0.134902
627.9;0.018833;0.4;0.599599;0.566367;0.544908;0.510246;0.469925;0.416259;0.346465;0.269754;0.197535;0.145410
779.1;0.035684;0.16;0.643785;0.590916;0.569415;0.529016;0.480653;0.408398;0.322948;0.232198;0.154806;0.098180
940.5;0.037424;0.29;0.725672;0.665023;0.643023;0.596418;0.537051;0.461879;0.370531;0.277623;0.189140;0.121995
1084.3;0.018264;0.9;1.402183;1.326921;1.260479;1.149808;1.007377;0.830158;0.645616;0.472800;0.332989;0.228902
595.8;0.034695;0.83;0.873134;0.790655;0.735751;0.641022;0.529636;0.404426;0.293665;0.199211;0.131174;0.085040
885.1;0.036756;0.73;1.145986;1.034261;0.965588;0.848115;0.707276;0.546983;0.403181;0.279491;0.188602;0.124957
1177.4;0.01994;0.21;0.868325;0.821171;0.802023;0.763517;0.711863;0.650752;0.574033;0.475375;0.366083;0.271806
368.4;0.041158;0.54;0.336620;0.306977;0.291591;0.264198;0.231853;0.188720;0.143713;0.099706;0.064220;0.040003
828.3;0.011316;0.14;0.520012;0.502941;0.491413;0.469630;0.437241;0.391634;0.349012;0.302558;0.256637;0.220159
672.5;0.02594;0.64;0.778695;0.717700;0.675389;0.606752;0.531138;0.443858;0.347303;0.257170;0.179033;0.124317
578.2;0.03665;0.76;0.747756;0.677737;0.627087;0.543062;0.448228;0.353467;0.259479;0.183682;0.122167;0.080025
537.5;0.026339;0.83;0.764058;0.707371;0.659316;0.579052;0.484740;0.388938;0.292264;0.205688;0.138236;0.093026
982.9;0.04011;0.22;0.703048;0.639897;0.618808;0.574042;0.528513;0.455634;0.365563;0.266960;0.179064;0.114099
1195.7;0.028097;0.34;0.978978;0.909403;0.875446;0.813845;0.746827;0.653495;0.538365;0.417063;0.303214;0.215500
467.9;0.016746;0.72;0.441096;0.418362;0.399677;0.370223;0.333924;0.286203;0.233014;0.184401;0.137860;0.104374
1003;0.055691;0.49;0.660693;0.591313;0.560905;0.508167;0.447841;0.371623;0.290535;0.207945;0.136458;0.084288
476.2;0.042028;0.54;0.420004;0.382069;0.363367;0.330751;0.290206;0.240185;0.182814;0.130059;0.084034;0.052477
1193.1;0.042939;0.8;1.555299;1.420340;1.333795;1.176296;0.987067;0.757022;0.546655;0.363039;0.234145;0.150521
681.8;0.047228;0.12;0.463322;0.419198;0.402988;0.368946;0.324131;0.266499;0.196689;0.135311;0.083869;0.050205
956;0.052109;0.38;0.598659;0.542783;0.521871;0.480543;0.433926;0.365084;0.286171;0.202966;0.131531;0.080960
748.5;0.035833;0.53;0.725100;0.662621;0.626167;0.561550;0.492053;0.405129;0.316907;0.235046;0.160227;0.105362
1028.1;0.017593;0.7;1.163891;1.097075;1.039876;0.944914;0.823775;0.686758;0.542171;0.411186;0.300378;0.222808
620.9;0.029033;0.88;0.972536;0.902659;0.840227;0.736635;0.609153;0.477406;0.348704;0.236125;0.153320;0.099375
365.9;0.051051;0.66;0.306093;0.276443;0.261718;0.234471;0.202556;0.164837;0.121960;0.084672;0.053213;0.031879
831.9;0.018568;0.32;0.725708;0.689311;0.667232;0.627850;0.574646;0.516116;0.441936;0.353973;0.265408;0.195987
474.4;0.058324;0.83;0.532832;0.466340;0.423832;0.361801;0.292947;0.218833;0.157531;0.105871;0.066444;0.040278
689.1;0.050315;0.47;0.493520;0.445920;0.426239;0.390165;0.347635;0.286972;0.221916;0.155610;0.098314;0.060126
974.2;0.021109;0.69;1.188437;1.109753;1.045366;0.942521;0.816731;0.671283;0.522980;0.391435;0.280468;0.198665
335.3;0.059989;0.55;0.229667;0.205135;0.194712;0.174791;0.151815;0.120801;0.087757;0.057951;0.034772;0.021622
1151.7;0.013187;0.9;1.097115;1.065733;1.013996;0.928919;0.819720;0.686711;0.556361;0.429151;0.322605;0.245842
987.3;0.031274;0.41;0.876004;0.814046;0.779588;0.716998;0.641457;0.544544;0.437071;0.330073;0.235030;0.160249
802.9;0.030217;0.81;1.183474;1.095233;1.021003;0.894869;0.743769;0.587795;0.432186;0.297832;0.195178;0.128948
465.5;0.030015;0.81;0.629162;0.571886;0.533283;0.471708;0.397982;0.314156;0.235032;0.165421;0.111482;0.074195
748.2;0.015596;0.41;0.641920;0.611906;0.593607;0.557966;0.511620;0.448054;0.377967;0.309849;0.240553;0.185772
766.1;0.031216;0.68;0.942035;0.859879;0.799478;0.710185;0.607949;0.488230;0.369165;0.264833;0.181796;0.122640
1194.8;0.040677;0.83;1.659806;1.492411;1.406158;1.251233;1.061231;0.825074;0.587665;0.394858;0.249281;0.157274
1069.4;0.059403;0.82;1.200296;1.069102;0.998244;0.866471;0.712879;0.539457;0.379841;0.251422;0.158379;0.100244
1166.2;0.020995;0.17;0.850651;0.804124;0.786529;0.748662;0.712450;0.657598;0.577162;0.473593;0.360397;0.266370
911;0.027704;0.13;0.779200;0.727623;0.711676;0.675713;0.623407;0.545662;0.442102;0.341292;0.242632;0.163838
663.2;0.023312;0.56;0.703426;0.653980;0.619780;0.566763;0.506602;0.436436;0.351735;0.265961;0.188098;0.132928
1141.5;0.024575;0.11;0.837565;0.793668;0.783853;0.758118;0.722205;0.657784;0.561880;0.446162;0.330823;0.237836
731.5;0.019419;0.26;0.664075;0.627053;0.610511;0.581223;0.542235;0.483798;0.405613;0.317999;0.231701;0.171249
508.6;0.011143;0.12;0.311517;0.301438;0.294777;0.281340;0.263000;0.238092;0.207506;0.176356;0.147488;0.126063
656.7;0.03247;0.73;0.840606;0.764854;0.715576;0.631954;0.533129;0.421096;0.316259;0.223466;0.152106;0.101102
934.6;0.022182;0.25;0.780932;0.734903;0.717826;0.683752;0.642029;0.576898;0.487650;0.384058;0.280370;0.203048
802.7;0.053436;0.86;1.063581;0.934039;0.869078;0.754512;0.617645;0.458763;0.320564;0.208383;0.130325;0.081043
981;0.036431;0.72;1.263422;1.129966;1.058800;0.935698;0.785485;0.611106;0.448721;0.311997;0.210114;0.139278
1195.9;0.055707;0.75;1.263865;1.115923;1.042137;0.909661;0.751567;0.568641;0.410368;0.280033;0.183129;0.119166
1166.2;0.058697;0.44;0.685700;0.613816;0.585668;0.531863;0.474390;0.395993;0.312941;0.225675;0.146010;0.089907
781.6;0.039271;0.34;0.624872;0.569613;0.546768;0.501110;0.453205;0.384518;0.304620;0.221088;0.146653;0.093557
1167.5;0.015949;0.64;1.161144;1.100702;1.050085;0.965111;0.855479;0.721564;0.582824;0.450039;0.335330;0.258696
404.1;0.056327;0.79;0.387718;0.347578;0.321479;0.278552;0.231310;0.180255;0.132115;0.090723;0.057112;0.034480
346.3;0.039678;0.8;0.401701;0.363405;0.337563;0.294550;0.245699;0.195158;0.146229;0.102426;0.067200;0.043301
573.9;0.054181;0.82;0.687367;0.611248;0.558236;0.471130;0.379171;0.287835;0.203264;0.138713;0.088167;0.054741
822.2;0.031224;0.77;1.158040;1.064081;0.989040;0.862033;0.722143;0.574142;0.421149;0.295140;0.194500;0.130049
777.9;0.040363;0.49;0.675106;0.610724;0.579971;0.524423;0.457025;0.382840;0.301197;0.220705;0.148977;0.096046
1111.1;0.013538;0.49;0.833300;0.805402;0.779168;0.731089;0.668479;0.584775;0.493560;0.399906;0.316581;0.260050
786.5;0.056239;0.15;0.431725;0.386798;0.374425;0.346464;0.306943;0.247425;0.184225;0.123344;0.076096;0.045034
688.8;0.042104;0.47;0.572729;0.517138;0.490981;0.447135;0.397650;0.332182;0.259663;0.188455;0.123011;0.077268
788.4;0.015225;0.58;0.707411;0.673288;0.646710;0.598817;0.542817;0.468697;0.386504;0.305622;0.239153;0.186113
941.2;0.045011;0.19;0.624011;0.567265;0.551263;0.514978;0.467265;0.399188;0.308464;0.222131;0.143004;0.087762
315;0.02979;0.38;0.329109;0.305255;0.291967;0.266129;0.234102;0.193925;0.149928;0.107733;0.071132;0.046356
1020.8;0.014245;0.31;0.732404;0.707094;0.688769;0.655444;0.611614;0.547311;0.468277;0.391164;0.319406;0.258866
428.3;0.020724;0.56;0.439097;0.413230;0.398344;0.372023;0.337116;0.290047;0.233959;0.177741;0.127665;0.091786
730.6;0.02244;0.45;0.713504;0.668025;0.638714;0.593291;0.541301;0.474045;0.389147;0.298548;0.213606;0.152290
531.2;0.021333;0.43;0.538164;0.507864;0.492482;0.461470;0.420469;0.363094;0.294151;0.222364;0.160164;0.114037
632.2;0.04515;0.14;0.456137;0.414786;0.398477;0.364458;0.319034;0.262323;0.194699;0.133840;0.082980;0.050200
895.6;0.047708;0.31;0.589975;0.536358;0.518810;0.481299;0.435359;0.369026;0.287169;0.205448;0.132644;0.081540
452.6;0.037364;0.3;0.413770;0.377687;0.360452;0.328300;0.289703;0.237382;0.180143;0.125884;0.081020;0.050111
550.9;0.037674;0.67;0.601399;0.542164;0.505322;0.447536;0.382790;0.307154;0.235151;0.169721;0.114218;0.073898
478.4;0.041529;0.63;0.459057;0.413588;0.388294;0.347684;0.302265;0.247572;0.189416;0.136043;0.088607;0.055780
475.6;0.059273;0.2;0.245710;0.221000;0.213288;0.195183;0.170738;0.135341;0.099032;0.065247;0.039580;0.024405
594.2;0.041714;0.2;0.468694;0.428426;0.411649;0.379008;0.335706;0.273601;0.208205;0.143161;0.090702;0.055677
1092.3;0.040023;0.16;0.742042;0.676780;0.658039;0.614707;0.569721;0.496429;0.401056;0.296255;0.199576;0.127352
724;0.055459;0.69;0.656791;0.579949;0.536468;0.465692;0.392324;0.310251;0.231624;0.162725;0.105845;0.065893
663.6;0.038542;0.54;0.623057;0.562086;0.533600;0.481395;0.417996;0.346019;0.270375;0.197529;0.133151;0.085915
461.3;0.026771;0.77;0.576582;0.530700;0.496213;0.443862;0.384684;0.312854;0.237946;0.172885;0.118783;0.081085
1172;0.057857;0.18;0.587000;0.534169;0.519310;0.485326;0.438845;0.372050;0.284285;0.198672;0.123744;0.073332
666.7;0.031996;0.31;0.621615;0.570755;0.549523;0.507133;0.452630;0.383646;0.304206;0.225118;0.152346;0.098604
1060;0.040077;0.14;0.724335;0.661354;0.643028;0.602089;0.559169;0.484453;0.390169;0.284713;0.190651;0.121261
853.8;0.046013;0.63;0.829666;0.739164;0.691179;0.606327;0.508590;0.404676;0.308804;0.221985;0.148813;0.096491
638.9;0.043939;0.32;0.490243;0.445070;0.427461;0.392872;0.352043;0.291048;0.222980;0.154895;0.099011;0.060851
1089.5;0.020638;0.67;1.294616;1.214778;1.144179;1.029475;0.898562;0.738862;0.581006;0.431365;0.314645;0.223800
1006.4;0.014081;0.2;0.697009;0.674393;0.659617;0.631666;0.592542;0.535242;0.464015;0.398202;0.325964;0.265791
718.5;0.023724;0.52;0.741611;0.688295;0.653132;0.600017;0.539403;0.466064;0.376900;0.285925;0.202809;0.143101
1032.6;0.053376;0.14;0.572981;0.520181;0.506192;0.472009;0.425034;0.356049;0.271314;0.188302;0.116893;0.070500
1108.6;0.037968;0.18;0.772422;0.710195;0.691535;0.648800;0.593670;0.519620;0.421940;0.319442;0.218031;0.140454
686.3;0.033231;0.48;0.661577;0.607078;0.577197;0.524540;0.465058;0.387954;0.305880;0.227316;0.154728;0.102681
600.9;0.031515;0.67;0.695647;0.642551;0.603426;0.537523;0.460416;0.372536;0.285782;0.207315;0.142532;0.095629
837;0.048699;0.58;0.710229;0.637128;0.595197;0.524176;0.450188;0.368207;0.283321;0.206491;0.136246;0.086452
1111.8;0.042696;0.26;0.746473;0.676372;0.652408;0.603022;0.552605;0.478863;0.386982;0.285594;0.193045;0.123707
931.9;0.042886;0.6;0.920058;0.825685;0.767981;0.672803;0.573714;0.456082;0.348966;0.254673;0.173639;0.113740
639.7;0.018051;0.66;0.664574;0.625741;0.596193;0.547029;0.486107;0.413670;0.333235;0.261099;0.192762;0.142408
961.5;0.031619;0.35;0.823341;0.761100;0.732391;0.678329;0.612235;0.526644;0.421099;0.321750;0.227733;0.154568
1158.7;0.035254;0.74;1.542968;1.391766;1.300226;1.138823;0.972010;0.767844;0.556740;0.387440;0.254947;0.169083
788.5;0.028767;0.24;0.711736;0.664138;0.645847;0.604585;0.550348;0.472500;0.378712;0.286658;0.201267;0.135041
786.1;0.034019;0.29;0.674103;0.619951;0.598068;0.554941;0.497868;0.424822;0.339009;0.252586;0.171231;0.110438
580;0.027121;0.58;0.618565;0.576898;0.551663;0.504588;0.446565;0.372573;0.293922;0.216962;0.152224;0.104046
364.1;0.048857;0.79;0.378206;0.337811;0.311802;0.272287;0.228288;0.179394;0.133117;0.091618;0.058698;0.036516
463.8;0.029197;0.75;0.567396;0.524215;0.492351;0.439218;0.375997;0.302847;0.232171;0.166392;0.114346;0.077016
383.7;0.045578;0.57;0.330128;0.299527;0.285266;0.258514;0.224932;0.183268;0.138088;0.096003;0.060541;0.036755
717.1;0.034047;0.1;0.632660;0.574899;0.552571;0.514354;0.464590;0.390980;0.307537;0.219792;0.145681;0.092334
308.4;0.046459;0.86;0.371876;0.332789;0.303998;0.258628;0.212568;0.164197;0.118215;0.081283;0.051767;0.032280
1123.5;0.056878;0.73;1.126615;1.002694;0.932681;0.807202;0.663601;0.508835;0.367335;0.255147;0.167051;0.108260
878.5;0.035863;0.42;0.763014;0.698707;0.666500;0.606877;0.541635;0.453370;0.361796;0.271667;0.186338;0.122964
301.3;0.055153;0.8;0.277758;0.249130;0.231977;0.202677;0.170363;0.135079;0.098196;0.067499;0.042370;0.025563
327.3;0.02091;0.64;0.332933;0.313856;0.302172;0.280564;0.252703;0.215938;0.174207;0.131588;0.095215;0.068752
487.6;0.053661;0.29;0.312951;0.284487;0.272810;0.247843;0.215230;0.172626;0.126458;0.085108;0.051027;0.030126
709.5;0.014135;0.23;0.573452;0.551589;0.535841;0.507624;0.467894;0.418081;0.362672;0.299503;0.236426;0.187812
414.5;0.03327;0.79;0.524510;0.480080;0.445434;0.389177;0.325334;0.261277;0.194472;0.138690;0.092744;0.061454
307.8;0.011096;0.36;0.124264;0.119521;0.117068;0.112815;0.106714;0.098952;0.087722;0.076395;0.065530;0.057791
954.4;0.050414;0.36;0.607520;0.550344;0.530433;0.490099;0.442384;0.374550;0.293041;0.209906;0.136254;0.084026
618.7;0.01896;0.42;0.595575;0.561600;0.540091;0.504691;0.463913;0.410252;0.340874;0.264955;0.193791;0.142292
1002.4;0.01827;0.71;1.171249;1.104034;1.043366;0.943487;0.818913;0.682890;0.536077;0.403347;0.294143;0.214676
693;0.01908;0.23;0.636094;0.607799;0.592615;0.563312;0.525257;0.466950;0.389471;0.304248;0.222336;0.164214
692.9;0.044572;0.65;0.684937;0.616955;0.576292;0.505114;0.425665;0.342192;0.260756;0.186813;0.123626;0.079213
344.3;0.020688;0.61;0.351418;0.331458;0.319338;0.297004;0.267817;0.229340;0.185061;0.139959;0.101219;0.073174
344.7;0.024905;0.76;0.384661;0.358981;0.341109;0.310527;0.272698;0.225924;0.177283;0.130219;0.091537;0.063562
382;0.048417;0.4;0.294704;0.265940;0.253239;0.230521;0.200422;0.159718;0.118397;0.079726;0.049361;0.029446
834.6;0.035057;0.19;0.683015;0.628175;0.607374;0.564398;0.509885;0.439677;0.349364;0.257837;0.173622;0.110823
517;0.055473;0.79;0.549848;0.485684;0.444070;0.379797;0.312536;0.239558;0.174615;0.118774;0.075613;0.046610
1057.2;0.012893;0.67;0.881434;0.846880;0.809317;0.743500;0.666767;0.573410;0.467691;0.372802;0.290348;0.231260
1071.5;0.031838;0.56;1.141185;1.042220;0.976649;0.873322;0.759992;0.623388;0.480572;0.353201;0.248168;0.170777
1167.3;0.038613;0.69;1.401583;1.266376;1.187439;1.049666;0.882047;0.686110;0.505705;0.351720;0.238288;0.159321
740;0.038253;0.7;0.890795;0.805179;0.746701;0.649580;0.538566;0.427005;0.315930;0.226071;0.151851;0.100027
498.3;0.051191;0.54;0.378324;0.342625;0.327155;0.297023;0.259804;0.213590;0.159590;0.111094;0.069624;0.041364
503.6;0.016305;0.74;0.475940;0.453008;0.432986;0.399736;0.357116;0.307467;0.248891;0.195326;0.147469;0.111392
783.1;0.025006;0.64;0.919699;0.854099;0.805258;0.721139;0.622149;0.516293;0.408590;0.301725;0.211534;0.147280
985.9;0.010106;0.53;0.529291;0.515238;0.499788;0.474439;0.439561;0.392045;0.339469;0.287827;0.243814;0.213086
612.8;0.057555;0.65;0.471402;0.423368;0.397652;0.354911;0.304779;0.246147;0.185555;0.130126;0.082587;0.049331
715.1;0.048315;0.86;1.007456;0.894523;0.823522;0.705257;0.581498;0.435307;0.302049;0.199267;0.125440;0.077912
875.4;0.047565;0.6;0.785655;0.707591;0.660979;0.579483;0.490596;0.396791;0.304456;0.220575;0.146089;0.094048
1125.6;0.016943;0.76;1.311164;1.227974;1.168886;1.067674;0.935443;0.772714;0.608599;0.455403;0.328741;0.241726
445.4;0.027466;0.25;0.478607;0.441714;0.421594;0.384851;0.340055;0.286350;0.223259;0.163548;0.110560;0.071833
944.1;0.017567;0.7;1.064011;1.001000;0.948025;0.860366;0.749629;0.628424;0.497091;0.376468;0.277854;0.205424
820;0.034836;0.28;0.684952;0.628980;0.607445;0.563549;0.506317;0.433444;0.345875;0.257885;0.174930;0.112417
690;0.050433;0.43;0.481724;0.435453;0.417787;0.385407;0.342843;0.282699;0.218182;0.152609;0.096023;0.057915
1095.8;0.041643;0.73;1.343929;1.221892;1.141022;0.998112;0.829949;0.638626;0.464263;0.320872;0.212301;0.140748
653.7;0.04442;0.42;0.507471;0.460272;0.441722;0.405537;0.361196;0.302361;0.232187;0.165181;0.106671;0.065866
461.1;0.041979;0.14;0.367761;0.333072;0.317456;0.286329;0.250138;0.202812;0.148575;0.102347;0.063686;0.038111
870;0.046466;0.26;0.583683;0.529889;0.513175;0.476593;0.432266;0.364938;0.282626;0.200615;0.129135;0.079041
861.6;0.052992;0.13;0.501068;0.451805;0.436746;0.402104;0.359669;0.297176;0.219329;0.151371;0.093807;0.055146
595.1;0.041348;0.61;0.569732;0.516412;0.485453;0.431719;0.371701;0.305001;0.235425;0.169316;0.111918;0.071562
1022.7;0.01903;0.3;0.834671;0.789915;0.764921;0.722732;0.666867;0.593242;0.514486;0.420581;0.320274;0.237870
1199.5;0.038665;0.44;1.015062;0.921856;0.871145;0.782496;0.681268;0.568883;0.447487;0.338653;0.237618;0.161502
1182.9;0.018178;0.24;0.866112;0.826119;0.803769;0.763661;0.714205;0.641086;0.561761;0.472665;0.370815;0.284707
414.3;0.055303;0.81;0.433047;0.383855;0.352072;0.303567;0.249847;0.191660;0.140033;0.095219;0.059999;0.036417
509;0.013867;0.37;0.422771;0.406271;0.393194;0.369613;0.337829;0.301020;0.256839;0.208720;0.163449;0.129575
321.3;0.026927;0.26;0.347875;0.320320;0.305936;0.279899;0.247143;0.205195;0.160255;0.115053;0.077423;0.050856
846.7;0.039031;0.74;1.082605;0.985843;0.915889;0.797173;0.657934;0.508381;0.370599;0.258957;0.171687;0.113636
399.7;0.033762;0.12;0.382607;0.349701;0.332790;0.303444;0.265466;0.215382;0.163213;0.112932;0.072735;0.045150
666.7;0.050266;0.13;0.420928;0.380395;0.364947;0.334948;0.296857;0.240139;0.177021;0.119941;0.074475;0.043873
1095.7;0.036539;0.52;1.051399;0.964101;0.908299;0.810316;0.697378;0.569815;0.440073;0.328167;0.229805;0.156574
793.3;0.021366;0.85;1.122700;1.047880;0.981058;0.880848;0.756158;0.607624;0.465901;0.329883;0.228365;0.154358
632.1;0.045474;0.58;0.547875;0.492231;0.462635;0.415326;0.362954;0.298967;0.229310;0.165398;0.108037;0.067581
487.5;0.017432;0.58;0.465356;0.441740;0.424098;0.394158;0.356605;0.311174;0.259347;0.202567;0.150817;0.111912
696.8;0.042906;0.62;0.675870;0.607903;0.570152;0.503826;0.427775;0.347238;0.267249;0.192211;0.128336;0.082541
1160.6;0.041699;0.84;1.612516;1.460669;1.375070;1.220279;1.030887;0.797381;0.570066;0.379214;0.238693;0.149830
411.6;0.021465;0.28;0.454977;0.426331;0.410105;0.379540;0.340509;0.288571;0.228271;0.172526;0.122568;0.084926
723.7;0.019111;0.81;0.919303;0.864183;0.811658;0.728878;0.632948;0.517104;0.403698;0.294812;0.211321;0.148500
1071.2;0.018318;0.14;0.791482;0.753651;0.737354;0.704866;0.662501;0.614926;0.543760;0.451660;0.350826;0.265409
339.1;0.01748;0.75;0.303768;0.288511;0.276512;0.257180;0.232513;0.202447;0.167432;0.130170;0.097130;0.072751
922.5;0.020137;0.13;0.749993;0.712760;0.701268;0.676036;0.640608;0.581839;0.498147;0.398646;0.295266;0.219060
1181.1;0.057748;0.43;0.696892;0.623873;0.596094;0.542445;0.483593;0.404887;0.320238;0.231116;0.151232;0.093320
554.9;0.010795;0.58;0.302095;0.292968;0.285603;0.271906;0.252187;0.226204;0.196057;0.167382;0.143039;0.124514
420.4;0.057876;0.26;0.235005;0.212699;0.204434;0.186476;0.162810;0.128868;0.093915;0.061800;0.037432;0.023131
916.8;0.011285;0.74;0.645694;0.620548;0.592805;0.548554;0.491202;0.428110;0.354758;0.288488;0.231574;0.192953
1118.5;0.058556;0.27;0.578189;0.525248;0.509494;0.474258;0.428613;0.363227;0.279582;0.196741;0.123262;0.072461
849.8;0.02488;0.24;0.750940;0.706661;0.689047;0.652799;0.604171;0.531019;0.436776;0.332871;0.240732;0.169114
1110;0.036254;0.59;1.181619;1.076171;1.011689;0.898557;0.765040;0.609703;0.465285;0.336545;0.235046;0.159650
474.1;0.053117;0.85;0.597375;0.531928;0.483960;0.406342;0.325619;0.245524;0.172100;0.116055;0.073045;0.045043
979;0.05482;0.63;0.839820;0.744671;0.689944;0.599903;0.505581;0.403141;0.303408;0.219504;0.145872;0.092806
611.6;0.019451;0.27;0.592750;0.563860;0.547649;0.518924;0.479059;0.420761;0.346236;0.266773;0.194156;0.141179
676.8;0.043036;0.83;0.954971;0.859610;0.792233;0.677650;0.549742;0.420135;0.293899;0.200327;0.128120;0.080984
440.1;0.057062;0.4;0.285250;0.256190;0.244984;0.221454;0.191269;0.154667;0.111737;0.075375;0.045318;0.026878
1037.1;0.058785;0.13;0.521755;0.466559;0.451367;0.419531;0.379215;0.312338;0.233646;0.158833;0.098434;0.057908
862.4;0.015397;0.28;0.686943;0.657362;0.640345;0.607660;0.563650;0.500040;0.431474;0.359101;0.283185;0.221102
964.7;0.018945;0.83;1.262450;1.197383;1.130886;1.018970;0.879247;0.720803;0.555420;0.409306;0.283014;0.200743
1024.6;0.047328;0.8;1.318880;1.175471;1.093052;0.945708;0.783000;0.604468;0.423204;0.286905;0.183204;0.116921
360.5;0.012473;0.57;0.225675;0.216968;0.210701;0.199645;0.185667;0.166999;0.145379;0.121628;0.099047;0.083007
1155.7;0.013564;0.55;0.917379;0.880899;0.844120;0.787042;0.714788;0.620934;0.516878;0.414249;0.323293;0.262129
747.8;0.034456;0.1;0.647468;0.587850;0.565911;0.526654;0.477231;0.403133;0.317682;0.227246;0.150950;0.095699
979.6;0.052495;0.2;0.566660;0.513540;0.499605;0.466578;0.420798;0.351701;0.270757;0.188588;0.117485;0.071169
968.2;0.059852;0.27;0.505330;0.458117;0.442740;0.408863;0.370278;0.307865;0.232124;0.159035;0.098630;0.057728
1048;0.01022;0.76;0.638138;0.619405;0.593233;0.550361;0.494124;0.427338;0.362110;0.297025;0.245837;0.209671
440.9;0.03713;0.41;0.408632;0.375030;0.358463;0.327330;0.287216;0.238468;0.180832;0.129105;0.083592;0.052001
711.6;0.053067;0.35;0.459651;0.415432;0.399837;0.367422;0.325047;0.271117;0.202656;0.140842;0.087755;0.051645
856.3;0.055457;0.31;0.505461;0.456102;0.440566;0.407012;0.362565;0.304480;0.228986;0.159738;0.099596;0.058547
1139;0.052268;0.34;0.674753;0.610198;0.586350;0.543089;0.490141;0.419542;0.330662;0.241046;0.157975;0.098174
1051.6;0.053944;0.44;0.672685;0.603692;0.574124;0.524292;0.465502;0.391752;0.307055;0.222219;0.146250;0.090651
1105.9;0.047309;0.25;0.677648;0.615149;0.597045;0.558780;0.510315;0.440546;0.348469;0.256105;0.167047;0.103617
824.3;0.015874;0.55;0.749354;0.712713;0.683296;0.634692;0.574844;0.496316;0.409298;0.324096;0.252609;0.194419
824.5;0.035451;0.63;0.916024;0.840942;0.787655;0.695483;0.589558;0.473097;0.358317;0.261036;0.179109;0.120262
1069.4;0.018442;0.65;1.186453;1.116441;1.056667;0.957954;0.837842;0.703019;0.558316;0.423260;0.314023;0.230510
331.4;0.051556;0.38;0.239122;0.215719;0.205039;0.184258;0.157865;0.126711;0.091515;0.061961;0.037517;0.022421
667;0.018474;0.29;0.619190;0.585810;0.566335;0.537829;0.500044;0.445493;0.372391;0.291604;0.213927;0.159034
332.7;0.054187;0.7;0.274739;0.247025;0.232615;0.208118;0.179925;0.144426;0.106833;0.072634;0.045442;0.027063
971.5;0.029393;0.41;0.874805;0.809606;0.778745;0.720921;0.649124;0.554966;0.447815;0.337551;0.241169;0.167024
439.3;0.029128;0.78;0.552426;0.508802;0.477026;0.424509;0.361874;0.289973;0.220974;0.157525;0.107689;0.072437
429.5;0.023573;0.4;0.465800;0.436143;0.418791;0.386151;0.345615;0.292917;0.230857;0.173442;0.122257;0.083699
845.4;0.053394;0.67;0.785157;0.698217;0.645167;0.557349;0.465784;0.368988;0.275320;0.197240;0.129919;0.082266
529;0.047075;0.38;0.401956;0.365593;0.350744;0.320151;0.280619;0.230779;0.172457;0.119344;0.074610;0.044354
591.7;0.032394;0.8;0.833327;0.757178;0.700031;0.615856;0.515072;0.401022;0.294609;0.204516;0.136293;0.089556
661.6;0.045482;0.7;0.701420;0.628691;0.584685;0.508361;0.422198;0.333551;0.250481;0.177494;0.116749;0.074651
665.7;0.057217;0.45;0.422756;0.380409;0.364640;0.333596;0.296936;0.244238;0.183183;0.125189;0.077826;0.045651
647.6;0.018706;0.42;0.616066;0.582538;0.560651;0.522604;0.479047;0.423861;0.354279;0.276930;0.203909;0.149847
848.8;0.02223;0.4;0.787956;0.740410;0.710489;0.656905;0.602390;0.532837;0.444054;0.344869;0.249026;0.179546
450.2;0.042046;0.45;0.388377;0.354188;0.337585;0.307755;0.271617;0.221755;0.169049;0.117119;0.074775;0.046281
385.2;0.052669;0.16;0.229771;0.206465;0.196879;0.178846;0.155648;0.123506;0.089694;0.059986;0.036512;0.022081
590.9;0.029906;0.45;0.592853;0.547564;0.524121;0.480056;0.427952;0.359119;0.283292;0.209970;0.144694;0.096784
992.6;0.015775;0.59;0.930404;0.887661;0.848239;0.781082;0.696646;0.598494;0.487245;0.381823;0.293025;0.227690
510.7;0.014014;0.34;0.430479;0.413445;0.399930;0.375539;0.345472;0.307985;0.261826;0.212038;0.165465;0.130379
966.3;0.028023;0.43;0.890495;0.828247;0.791355;0.731027;0.660391;0.566358;0.456456;0.345370;0.247715;0.173072
923.5;0.051445;0.18;0.548765;0.499739;0.485197;0.451717;0.405297;0.338090;0.258118;0.179036;0.111224;0.067137
1041.7;0.02073;0.48;0.999193;0.943084;0.900439;0.824713;0.738074;0.631232;0.518672;0.413901;0.306325;0.222710
1045.2;0.049552;0.33;0.650078;0.591180;0.569420;0.528323;0.477546;0.408924;0.320194;0.234280;0.153014;0.094970
564;0.042734;0.11;0.428318;0.392727;0.376183;0.341976;0.298124;0.244055;0.180947;0.124403;0.076951;0.046894
578.4;0.011307;0.81;0.333628;0.322972;0.311196;0.292398;0.266518;0.234912;0.200215;0.166059;0.136361;0.115445
770.7;0.049289;0.27;0.509013;0.461093;0.446501;0.414200;0.369824;0.306375;0.234187;0.162600;0.101300;0.061172
592.8;0.056128;0.65;0.464367;0.417838;0.392515;0.350217;0.301593;0.243069;0.183972;0.128854;0.081853;0.049090
1048.7;0.034616;0.22;0.795875;0.731665;0.709642;0.665611;0.610454;0.525950;0.431169;0.328232;0.226301;0.150916
801.3;0.016568;0.5;0.725089;0.690712;0.664852;0.619951;0.561365;0.488914;0.403138;0.325530;0.249939;0.190366
536.7;0.047989;0.81;0.665350;0.594477;0.546759;0.466466;0.376689;0.287301;0.206946;0.142012;0.090502;0.056841
912.5;0.056287;0.68;0.837225;0.738691;0.681703;0.588806;0.491033;0.385569;0.285223;0.203521;0.134289;0.085111
510.3;0.051635;0.5;0.377262;0.341009;0.325858;0.296123;0.259190;0.213699;0.158481;0.110004;0.068671;0.040642
710.8;0.02297;0.59;0.772454;0.722048;0.683939;0.619570;0.546354;0.465721;0.376742;0.283858;0.201832;0.142960
646.1;0.020651;0.38;0.620682;0.585206;0.567914;0.534297;0.492578;0.432881;0.356533;0.274668;0.198102;0.142772
784.7;0.036116;0.52;0.750737;0.685619;0.647807;0.581192;0.509168;0.419809;0.328585;0.244294;0.166805;0.109925
1192.5;0.029868;0.74;1.608635;1.479112;1.393744;1.244045;1.057249;0.832301;0.628398;0.440074;0.294129;0.195734
979.7;0.033955;0.32;0.799661;0.736758;0.708752;0.656387;0.594433;0.509183;0.410329;0.310960;0.217028;0.145775
1182.4;0.059695;0.33;0.615264;0.553809;0.535349;0.497665;0.449586;0.380281;0.298285;0.212412;0.134440;0.079653
511.3;0.040224;0.38;0.438589;0.401914;0.385080;0.351336;0.311765;0.257339;0.196036;0.137993;0.088803;0.054930
775.7;0.057245;0.8;0.882621;0.781361;0.719254;0.612556;0.493550;0.375517;0.263862;0.181067;0.115868;0.072867
346.3;0.034522;0.17;0.329032;0.301780;0.287356;0.260048;0.225602;0.182738;0.138013;0.095227;0.060834;0.037956
981.2;0.031897;0.27;0.800699;0.740540;0.716807;0.669890;0.611062;0.530099;0.427593;0.326664;0.230382;0.155650
841.8;0.048633;0.34;0.560895;0.509521;0.491298;0.453898;0.410676;0.344609;0.268034;0.189157;0.121627;0.074536
1071.5;0.047203;0.38;0.726787;0.656755;0.625663;0.571842;0.513572;0.435923;0.347616;0.257552;0.170677;0.107756
1189.4;0.032145;0.68;1.484960;1.366003;1.278665;1.127644;0.949723;0.767878;0.573717;0.407140;0.273609;0.186524
1136.5;0.01265;0.81;1.021643;0.989747;0.943369;0.862600;0.760835;0.637857;0.519570;0.402153;0.308012;0.242141
668.6;0.014391;0.14;0.555770;0.534513;0.518259;0.489212;0.458559;0.414367;0.355755;0.290685;0.227554;0.178552
300.3;0.049899;0.16;0.190126;0.169498;0.161953;0.146826;0.126761;0.099886;0.072945;0.048555;0.029766;0.018517
786.8;0.042779;0.11;0.567156;0.518393;0.500614;0.462914;0.418243;0.347454;0.265143;0.184647;0.117446;0.072061
487;0.011617;0.25;0.327085;0.314424;0.305889;0.288956;0.269608;0.243100;0.210556;0.176449;0.145816;0.122410
497.4;0.037853;0.12;0.431563;0.392594;0.375968;0.343894;0.300863;0.242813;0.184238;0.126147;0.080493;0.049446
593.2;0.04599;0.48;0.466849;0.423140;0.405074;0.369028;0.328390;0.271252;0.208478;0.146080;0.094051;0.057756
386.4;0.01552;0.29;0.363618;0.347763;0.337432;0.317940;0.291103;0.254109;0.208971;0.163709;0.124009;0.095487
972.8;0.020832;0.84;1.352855;1.271419;1.196776;1.071061;0.923491;0.753178;0.575429;0.414564;0.285292;0.194645
973.7;0.050551;0.67;0.964405;0.856753;0.796535;0.691762;0.571811;0.446453;0.333512;0.236789;0.157503;0.101886
789;0.016933;0.49;0.720069;0.685856;0.659404;0.614286;0.555781;0.484572;0.401178;0.323728;0.246711;0.186946
604.3;0.054095;0.16;0.352185;0.319615;0.308001;0.281099;0.245690;0.196854;0.144972;0.097345;0.059116;0.035077
1049.1;0.056178;0.52;0.721675;0.642277;0.604712;0.542608;0.472664;0.389967;0.302646;0.219164;0.144960;0.090405
797.3;0.010638;0.63;0.459383;0.446790;0.432964;0.409220;0.375738;0.331617;0.285146;0.239316;0.199128;0.171596
1161.8;0.028858;0.59;1.312685;1.212378;1.139342;1.013783;0.867694;0.713585;0.556472;0.408313;0.283988;0.197795
1103.5;0.018391;0.44;0.977336;0.919766;0.883634;0.823087;0.744855;0.646892;0.534001;0.433612;0.333229;0.250776
620.9;0.037011;0.19;0.530587;0.488638;0.470385;0.434094;0.384719;0.322502;0.246272;0.175784;0.112983;0.069911
791.8;0.015083;0.75;0.791019;0.756353;0.720682;0.659487;0.581678;0.488882;0.393760;0.304210;0.226385;0.175078
612;0.011963;0.3;0.437053;0.420802;0.409151;0.387210;0.356235;0.314976;0.274742;0.231002;0.189549;0.157966
860.5;0.056661;0.51;0.566343;0.510266;0.485177;0.440037;0.389197;0.320475;0.249165;0.176947;0.113178;0.067842
1017;0.05858;0.74;1.021705;0.899912;0.833940;0.716895;0.585767;0.451513;0.323729;0.226584;0.148139;0.094974
971.3;0.028046;0.51;0.990241;0.909674;0.859024;0.776622;0.688886;0.583388;0.463211;0.348506;0.246385;0.172445
413;0.04221;0.34;0.348668;0.320067;0.305335;0.276251;0.240005;0.195975;0.145825;0.100900;0.063094;0.038127
1040.2;0.013397;0.79;0.991961;0.951286;0.902789;0.823846;0.722504;0.613939;0.492659;0.381513;0.288264;0.223773
322.6;0.020396;0.15;0.357683;0.335232;0.320536;0.294572;0.261794;0.221876;0.177021;0.132953;0.093736;0.066465
673;0.01198;0.68;0.461397;0.445240;0.429424;0.403045;0.365664;0.321209;0.269666;0.221329;0.178266;0.149444
958.3;0.033468;0.82;1.422383;1.299843;1.215427;1.063141;0.888427;0.703196;0.508046;0.345869;0.221320;0.144302
1003.2;0.017505;0.47;0.902360;0.853058;0.816946;0.761840;0.689807;0.598152;0.493640;0.397678;0.306528;0.232053
630.6;0.059565;0.48;0.391906;0.353267;0.338194;0.309942;0.275456;0.223654;0.168374;0.114229;0.069767;0.040609
757.1;0.033283;0.66;0.882874;0.811797;0.761030;0.674903;0.573682;0.457862;0.348825;0.250711;0.172827;0.115780
377;0.023952;0.81;0.449521;0.416035;0.391039;0.349826;0.307440;0.254476;0.196679;0.144574;0.099836;0.069613
536.2;0.043769;0.12;0.400167;0.365411;0.349115;0.316205;0.276758;0.225287;0.165198;0.113694;0.070501;0.042284
1020.9;0.055183;0.37;0.599202;0.541826;0.520763;0.481413;0.435113;0.364747;0.286770;0.203504;0.129556;0.078881
326.3;0.055426;0.44;0.222808;0.202708;0.192645;0.172613;0.149990;0.119174;0.086292;0.057378;0.034727;0.021385
1136;0.04736;0.16;0.673091;0.613219;0.597737;0.562896;0.515804;0.446378;0.349416;0.254498;0.164430;0.101103
957.3;0.023026;0.16;0.779345;0.741603;0.729564;0.700151;0.659721;0.592627;0.499440;0.391342;0.287838;0.205773
739.7;0.044482;0.16;0.528570;0.479288;0.462606;0.429919;0.383758;0.315590;0.241208;0.165970;0.105092;0.064368
820.7;0.016592;0.82;0.960433;0.910826;0.862973;0.783932;0.681675;0.560951;0.441514;0.331559;0.237125;0.175296
513.6;0.016175;0.88;0.541635;0.512885;0.484754;0.440444;0.388338;0.324338;0.257378;0.193970;0.141452;0.104989
713;0.019545;0.41;0.674000;0.635084;0.611722;0.569670;0.521439;0.461490;0.386707;0.302471;0.222000;0.161820
1166.8;0.017287;0.35;0.915986;0.870573;0.842041;0.793947;0.731442;0.648401;0.546857;0.453700;0.357975;0.276584
792.1;0.039252;0.54;0.745733;0.671263;0.630714;0.566035;0.491296;0.402335;0.314546;0.231892;0.157884;0.102750
769;0.013668;0.73;0.667980;0.644331;0.616300;0.569775;0.508404;0.431936;0.354361;0.279489;0.214339;0.170317
508.4;0.051116;0.74;0.504545;0.449071;0.414920;0.360088;0.303089;0.239390;0.177754;0.123634;0.079606;0.049525
740;0.046145;0.79;0.953321;0.847524;0.779338;0.666419;0.549934;0.415535;0.297578;0.203385;0.132758;0.084788
861.7;0.056293;0.74;0.887228;0.784941;0.723289;0.619091;0.504967;0.390417;0.281466;0.197883;0.129137;0.081981
911.2;0.034632;0.11;0.725645;0.668069;0.648363;0.606579;0.550587;0.478780;0.382119;0.284118;0.191214;0.121976
656;0.042744;0.84;0.940978;0.847642;0.781101;0.668163;0.540356;0.413106;0.288476;0.195725;0.124586;0.078606
630.7;0.054506;0.11;0.351709;0.318918;0.307504;0.280587;0.245165;0.196988;0.144683;0.097228;0.059046;0.035178
1189.2;0.036926;0.12;0.804162;0.741299;0.725712;0.687338;0.635421;0.558396;0.459558;0.350728;0.240366;0.156855
334;0.02411;0.67;0.359412;0.335974;0.320503;0.293573;0.260513;0.219509;0.173989;0.129300;0.091676;0.064058
1096.7;0.058798;0.53;0.733595;0.651247;0.612882;0.549667;0.477322;0.391182;0.304609;0.219028;0.144346;0.089810
1122;0.011821;0.52;0.758763;0.731351;0.703762;0.659193;0.606152;0.536029;0.453622;0.371687;0.299879;0.251752
1016.6;0.026312;0.5;1.027572;0.952295;0.902888;0.814595;0.718661;0.613452;0.494719;0.375200;0.266752;0.187746
388.8;0.058651;0.15;0.192628;0.174813;0.168314;0.153006;0.132784;0.105816;0.076984;0.050612;0.030649;0.019785
535.7;0.028252;0.28;0.551067;0.509490;0.490214;0.451716;0.400811;0.336607;0.266222;0.196697;0.133019;0.087881
601.8;0.025457;0.19;0.620463;0.578448;0.557814;0.517600;0.466993;0.396020;0.316094;0.236091;0.164797;0.111229
911.8;0.016046;0.89;1.088453;1.020553;0.964623;0.884026;0.775729;0.642328;0.499999;0.373414;0.269960;0.191637
422.9;0.055788;0.16;0.229179;0.207360;0.199928;0.182505;0.159289;0.126091;0.091961;0.060885;0.037139;0.022755
949.1;0.016774;0.15;0.733111;0.698305;0.684298;0.652487;0.609101;0.558801;0.491616;0.407394;0.318853;0.244383
396.1;0.026606;0.63;0.434595;0.403070;0.384192;0.350433;0.308152;0.257889;0.200889;0.149427;0.104488;0.071187
888.4;0.054874;0.38;0.536930;0.486645;0.469136;0.435043;0.389313;0.325170;0.251537;0.177122;0.111754;0.066557
744.8;0.034982;0.2;0.633130;0.582192;0.560516;0.517363;0.468902;0.398959;0.315288;0.228222;0.152366;0.097105
1001.1;0.040764;0.61;1.044292;0.942986;0.878156;0.768361;0.645652;0.517046;0.388370;0.284064;0.193479;0.128722
943.5;0.039157;0.7;1.139645;1.037912;0.966352;0.844328;0.701058;0.545543;0.401290;0.283559;0.190281;0.127012
1113.3;0.044913;0.74;1.342225;1.207411;1.125661;0.978195;0.808046;0.628603;0.448866;0.310576;0.203871;0.133287
1101.8;0.011467;0.32;0.646529;0.627920;0.613702;0.587484;0.549824;0.497587;0.431944;0.363014;0.309392;0.267922
600.7;0.036394;0.45;0.549076;0.502984;0.480359;0.436854;0.386414;0.324699;0.254400;0.183868;0.123259;0.078904
928.9;0.011604;0.42;0.598594;0.579780;0.563792;0.535043;0.494813;0.442036;0.377743;0.313257;0.262563;0.224003
478;0.051357;0.59;0.374491;0.338145;0.322265;0.291806;0.254136;0.208022;0.156045;0.108791;0.068412;0.040825
327.5;0.026999;0.72;0.363233;0.336403;0.319482;0.289436;0.252745;0.210668;0.163447;0.120983;0.084446;0.057728
969.7;0.052336;0.85;1.267864;1.108476;1.029291;0.904924;0.754542;0.571160;0.397372;0.261428;0.163663;0.101933
750;0.022303;0.21;0.693842;0.659309;0.644778;0.611389;0.566033;0.497530;0.410250;0.313155;0.228349;0.161838
731.9;0.039075;0.3;0.586857;0.535308;0.513916;0.477797;0.430981;0.363028;0.285330;0.206079;0.134008;0.084864
1114.3;0.056884;0.4;0.646268;0.582244;0.558068;0.511296;0.460370;0.386556;0.305395;0.218853;0.140770;0.086239
848.9;0.012389;0.89;0.724917;0.697734;0.664676;0.606593;0.534171;0.454348;0.368069;0.286624;0.219946;0.174543
855.9;0.012699;0.37;0.609277;0.587979;0.570746;0.541583;0.501874;0.446455;0.379481;0.316515;0.260655;0.216383
1073.5;0.011031;0.82;0.783990;0.757985;0.725051;0.668486;0.592891;0.504106;0.417669;0.333732;0.265910;0.218459
1024.9;0.044074;0.29;0.694421;0.627898;0.603500;0.561494;0.511796;0.438515;0.351207;0.258184;0.169588;0.107713
819;0.039931;0.28;0.627279;0.571250;0.549307;0.510842;0.463576;0.393178;0.311366;0.225934;0.147877;0.093789
464.6;0.015702;0.89;0.452598;0.430869;0.408458;0.374127;0.331115;0.277908;0.222723;0.168866;0.124459;0.093640
515.9;0.049812;0.86;0.697842;0.620920;0.570078;0.484370;0.386794;0.288377;0.202453;0.135111;0.084207;0.052252
1097.9;0.040893;0.61;1.148865;1.038591;0.968483;0.848381;0.711152;0.567503;0.424198;0.308572;0.211284;0.141792
325.8;0.013511;0.5;0.232550;0.224074;0.217948;0.206834;0.192587;0.171936;0.146341;0.119380;0.094992;0.076801
740.9;0.013464;0.39;0.570801;0.551103;0.535272;0.506637;0.466208;0.411490;0.347058;0.289902;0.233160;0.188485
451.1;0.0168;0.71;0.420718;0.398933;0.381724;0.355359;0.320367;0.275112;0.226028;0.178353;0.133156;0.100971
1180.8;0.049445;0.73;1.328308;1.173743;1.090412;0.947180;0.795209;0.610378;0.437258;0.303079;0.200417;0.130762
941.4;0.01462;0.12;0.680749;0.656692;0.641742;0.614309;0.575885;0.521432;0.464257;0.393836;0.317519;0.255075
750.4;0.021893;0.14;0.705046;0.667430;0.652284;0.619437;0.573163;0.504576;0.416186;0.317832;0.232801;0.165449
724;0.022182;0.36;0.676751;0.641172;0.622163;0.584816;0.540635;0.474598;0.390624;0.300023;0.216110;0.153649
353.7;0.015241;0.74;0.276021;0.263659;0.255369;0.239473;0.218424;0.190623;0.160067;0.128854;0.099261;0.078048
913.8;0.052918;0.6;0.757114;0.672668;0.625205;0.548930;0.469125;0.379535;0.288937;0.209518;0.138770;0.087696
338.2;0.04491;0.89;0.460510;0.414006;0.379364;0.321925;0.257756;0.194124;0.137660;0.092429;0.057728;0.035944
364.3;0.046687;0.23;0.267937;0.242621;0.231222;0.208640;0.179164;0.143000;0.104872;0.070846;0.043219;0.025948
769.5;0.042527;0.59;0.729485;0.654161;0.614440;0.545818;0.465960;0.377669;0.292513;0.212671;0.143183;0.092524
387.1;0.035814;0.35;0.372816;0.339990;0.323565;0.293350;0.258264;0.211755;0.160888;0.113049;0.072956;0.045563
1036.3;0.026319;0.17;0.822137;0.772400;0.757200;0.724547;0.678483;0.604607;0.504473;0.389684;0.285157;0.200918
1035.8;0.043089;0.8;1.376351;1.250682;1.168624;1.021723;0.847516;0.647072;0.463732;0.311092;0.199653;0.129145
950.2;0.015878;0.57;0.879638;0.838163;0.801527;0.739175;0.661689;0.571842;0.468110;0.366888;0.284351;0.220087
434.9;0.017391;0.34;0.433062;0.411717;0.399797;0.376114;0.344199;0.298967;0.243939;0.187695;0.139164;0.103693
893.6;0.010988;0.23;0.531860;0.515843;0.504334;0.483265;0.451257;0.406372;0.352026;0.307807;0.263769;0.228616
766.7;0.058215;0.37;0.449946;0.405228;0.389874;0.358077;0.321357;0.264594;0.199061;0.135464;0.084021;0.049190
1175.7;0.058519;0.15;0.577530;0.525137;0.510309;0.476043;0.428993;0.363716;0.274747;0.191262;0.118815;0.070022
884.1;0.016193;0.62;0.863933;0.820933;0.781913;0.717514;0.638831;0.547416;0.444197;0.344851;0.263982;0.201964
1020.3;0.03337;0.3;0.820621;0.757064;0.729559;0.678458;0.615670;0.531348;0.428708;0.326850;0.230004;0.155261
708.4;0.042835;0.71;0.812811;0.728150;0.671320;0.580970;0.486197;0.377786;0.281473;0.199650;0.133507;0.086262
689.2;0.024509;0.34;0.666551;0.625849;0.606175;0.567817;0.518251;0.448051;0.362743;0.273377;0.194885;0.135804
1042.8;0.047727;0.44;0.750629;0.676756;0.640547;0.576614;0.510108;0.429123;0.340014;0.251464;0.167267;0.106144
375.1;0.037906;0.14;0.331083;0.300689;0.285411;0.257341;0.221702;0.180711;0.133400;0.092115;0.057543;0.035335
419.9;0.03139;0.12;0.418269;0.387663;0.370493;0.336391;0.295032;0.243898;0.184353;0.131251;0.084644;0.053210
456;0.02336;0.25;0.501517;0.468362;0.450529;0.415785;0.371811;0.312810;0.248593;0.185065;0.130003;0.088587
651.8;0.047687;0.32;0.464513;0.421133;0.406634;0.374690;0.332162;0.273792;0.207834;0.144054;0.089976;0.054100
1048.2;0.054919;0.15;0.568840;0.513097;0.498384;0.464333;0.417067;0.351039;0.265508;0.184509;0.114552;0.068364
1023;0.046422;0.37;0.700856;0.632614;0.603811;0.555042;0.499862;0.424340;0.337853;0.249671;0.164821;0.103591
354.4;0.030342;0.14;0.363707;0.335048;0.318970;0.288872;0.253947;0.208939;0.157962;0.112426;0.072762;0.045927
659.3;0.056916;0.18;0.366471;0.328637;0.316749;0.289797;0.253425;0.204661;0.150332;0.101216;0.060843;0.036066
774.2;0.022771;0.16;0.713758;0.677474;0.663023;0.628894;0.582452;0.511981;0.421552;0.321127;0.234473;0.165682
675.1;0.036658;0.82;0.982056;0.888240;0.824917;0.718123;0.591008;0.448690;0.325105;0.219481;0.144026;0.093394
891.2;0.057738;0.35;0.506456;0.460402;0.444066;0.409853;0.365337;0.307772;0.232213;0.162485;0.101371;0.059516
865.2;0.023387;0.57;0.941849;0.871832;0.826529;0.749449;0.655418;0.550735;0.448419;0.340331;0.243181;0.171215
562.8;0.022504;0.4;0.569442;0.538945;0.521843;0.487476;0.443465;0.382001;0.308551;0.230819;0.166146;0.117106
688.5;0.056384;0.86;0.879669;0.785626;0.724183;0.618035;0.496018;0.370295;0.255365;0.168874;0.104717;0.064787
313.9;0.013429;0.69;0.197300;0.189938;0.184571;0.174770;0.162316;0.144851;0.125363;0.103986;0.083439;0.068771
1185.7;0.02497;0.81;1.688121;1.560174;1.478447;1.329440;1.143512;0.923049;0.696732;0.491010;0.330481;0.219530
450.5;0.039579;0.58;0.425491;0.384940;0.364526;0.330020;0.289520;0.239003;0.183226;0.131432;0.085566;0.053780
395.6;0.020165;0.65;0.400247;0.376790;0.361521;0.334930;0.303898;0.262131;0.212144;0.161855;0.116367;0.084594
635.2;0.041794;0.41;0.515113;0.468650;0.449737;0.413372;0.368106;0.308984;0.237706;0.171033;0.110598;0.068774
478.3;0.049919;0.28;0.331038;0.300588;0.288529;0.263375;0.229835;0.183169;0.135741;0.090990;0.056058;0.033295
740.7;0.035085;0.21;0.630055;0.579053;0.557406;0.514201;0.465835;0.396263;0.313161;0.226585;0.151327;0.096443
605.5;0.042541;0.24;0.473173;0.430978;0.414283;0.381554;0.339103;0.277381;0.211411;0.145616;0.092310;0.056748
1128.3;0.021669;0.13;0.824011;0.777055;0.764978;0.742371;0.710401;0.654309;0.569541;0.462777;0.347637;0.256751
347.4;0.040042;0.8;0.402061;0.363763;0.337630;0.294254;0.245394;0.194887;0.145872;0.102187;0.066809;0.043021
964.1;0.015623;0.52;0.846902;0.807932;0.775993;0.719848;0.651050;0.566427;0.468574;0.371298;0.291337;0.227263
542.2;0.035788;0.75;0.680485;0.620102;0.575085;0.499701;0.415126;0.330408;0.244431;0.174301;0.116458;0.076415
680.6;0.051892;0.46;0.472774;0.426030;0.408386;0.375980;0.332874;0.275136;0.210909;0.147761;0.093072;0.055506
793.1;0.05604;0.38;0.481360;0.436295;0.420317;0.386636;0.343466;0.287746;0.216256;0.150999;0.094310;0.055502
1148.5;0.034911;0.71;1.475804;1.332884;1.244723;1.091917;0.932285;0.737463;0.537574;0.378177;0.252522;0.168726
676;0.023881;0.39;0.658249;0.616880;0.597781;0.559729;0.511160;0.442497;0.358664;0.269847;0.193799;0.135944
1184.7;0.042626;0.55;1.109545;0.998079;0.932693;0.818479;0.698427;0.560949;0.427330;0.317128;0.218550;0.145485
571.3;0.055865;0.81;0.655773;0.578538;0.527108;0.445458;0.362876;0.274924;0.195470;0.133022;0.084830;0.052555
931;0.035492;0.77;1.296607;1.163771;1.080559;0.952119;0.801595;0.623420;0.449019;0.309742;0.204458;0.134057
899.7;0.05871;0.3;0.492234;0.445800;0.430066;0.396916;0.357706;0.297307;0.223882;0.153737;0.095407;0.055908
785.2;0.019864;0.45;0.746269;0.701510;0.675578;0.627980;0.566185;0.495070;0.416520;0.327573;0.241506;0.174850
928.3;0.015559;0.76;0.993461;0.942208;0.896450;0.819413;0.720433;0.600325;0.478119;0.363771;0.267640;0.202532
899.9;0.024868;0.22;0.771477;0.726700;0.710056;0.675015;0.627647;0.554852;0.459143;0.351343;0.255726;0.180390
460.3;0.029821;0.71;0.540219;0.497804;0.468210;0.418496;0.359980;0.293768;0.225317;0.163886;0.112697;0.076021
415.2;0.031038;0.8;0.532918;0.490547;0.457011;0.402288;0.338850;0.269285;0.203016;0.144048;0.097431;0.064965
1199.2;0.025574;0.5;1.214113;1.118477;1.064060;0.965225;0.842891;0.705083;0.575006;0.439191;0.316337;0.223434
454;0.044692;0.56;0.389128;0.353653;0.336564;0.304437;0.268129;0.219170;0.167244;0.116210;0.074485;0.046118
329.3;0.014594;0.78;0.231777;0.222845;0.216040;0.203455;0.186397;0.163360;0.137360;0.111971;0.087629;0.069784
805.1;0.030104;0.89;1.269382;1.179302;1.106238;0.980209;0.824721;0.636721;0.470006;0.315890;0.202624;0.128030
1093.7;0.024759;0.73;1.450275;1.352029;1.275055;1.137689;0.971702;0.787817;0.592657;0.433825;0.295818;0.201770
902.3;0.025325;0.38;0.818167;0.760493;0.732885;0.684140;0.628499;0.548900;0.449542;0.345205;0.248181;0.175216
471.4;0.015278;0.5;0.414154;0.394409;0.381740;0.357929;0.326071;0.287303;0.242939;0.194219;0.149044;0.114811
632;0.039691;0.3;0.516595;0.474720;0.457132;0.421565;0.375403;0.315068;0.241004;0.172651;0.111278;0.068700
714.7;0.024136;0.51;0.732421;0.678028;0.646183;0.594392;0.536803;0.462454;0.372954;0.282591;0.200461;0.141138
1183.5;0.017761;0.16;0.824724;0.786201;0.769610;0.738659;0.696425;0.634137;0.567893;0.481101;0.381554;0.295554
440.8;0.010033;0.14;0.167185;0.163080;0.160088;0.154045;0.146615;0.134861;0.121468;0.107579;0.094120;0.084832
1070;0.02418;0.61;1.243580;1.150960;1.083572;0.969092;0.844107;0.691199;0.544806;0.412004;0.291959;0.203103
880.3;0.037541;0.59;0.917575;0.832547;0.778886;0.687761;0.583473;0.474454;0.361467;0.265514;0.182101;0.121596
638.6;0.053545;0.17;0.378009;0.343292;0.331405;0.303854;0.267113;0.213200;0.158350;0.106011;0.065150;0.038550
471.8;0.012113;0.59;0.305271;0.294117;0.285248;0.269681;0.249004;0.221445;0.189487;0.159735;0.131274;0.110289
685.4;0.055236;0.54;0.476547;0.429773;0.409051;0.372907;0.327314;0.269584;0.205742;0.144723;0.091580;0.054562
733.8;0.016549;0.78;0.816843;0.771578;0.729853;0.663032;0.577423;0.484782;0.382704;0.290547;0.213186;0.159126
408.6;0.051686;0.61;0.326645;0.294688;0.279832;0.251821;0.218578;0.178754;0.132073;0.091620;0.057368;0.034174
830.6;0.050023;0.32;0.539065;0.488487;0.471043;0.438106;0.394660;0.328382;0.255065;0.178303;0.112649;0.068626
503.6;0.055894;0.19;0.284186;0.257712;0.247329;0.223807;0.196078;0.157447;0.113367;0.076584;0.046226;0.026916
646.2;0.016865;0.15;0.590452;0.564162;0.552846;0.526698;0.491190;0.435959;0.365950;0.289277;0.216573;0.164279
824.7;0.035237;0.6;0.880810;0.808917;0.759191;0.673205;0.574365;0.466276;0.355085;0.261184;0.179736;0.120767
526.6;0.030248;0.66;0.597843;0.551482;0.519887;0.466395;0.403014;0.330707;0.254613;0.186396;0.128452;0.086559
561.4;0.018679;0.32;0.545915;0.520351;0.504549;0.476424;0.439778;0.386057;0.317364;0.244913;0.178628;0.131435
855.4;0.038759;0.44;0.727517;0.657526;0.626355;0.571687;0.504242;0.422847;0.335025;0.249325;0.170046;0.110322
538.8;0.040311;0.39;0.457825;0.419297;0.402110;0.368213;0.326089;0.271297;0.206556;0.146820;0.094661;0.058645
1041.9;0.020722;0.17;0.804716;0.760153;0.742014;0.711457;0.676523;0.620145;0.537365;0.435003;0.326519;0.240914
1184.4;0.035997;0.16;0.821071;0.755569;0.737093;0.697675;0.644676;0.560331;0.465048;0.356568;0.245727;0.163711
957.2;0.059459;0.2;0.492924;0.442309;0.427111;0.397453;0.358132;0.293885;0.220634;0.148966;0.092304;0.054226
609.5;0.034496;0.64;0.669381;0.613594;0.575050;0.509596;0.436657;0.356195;0.271963;0.198777;0.134889;0.089247
825.7;0.044744;0.28;0.580706;0.527644;0.510374;0.473749;0.426899;0.362184;0.279439;0.200423;0.129293;0.079558
397;0.030571;0.29;0.407451;0.375434;0.360073;0.328991;0.290542;0.240336;0.186021;0.132926;0.087476;0.056237
1115.7;0.011739;0.11;0.625645;0.607165;0.597321;0.577251;0.546569;0.500516;0.441160;0.391583;0.339308;0.294848
1091.7;0.024642;0.68;1.375596;1.277866;1.203880;1.073624;0.923848;0.749315;0.570329;0.425255;0.294641;0.202369
1036;0.050072;0.55;0.841040;0.753438;0.704261;0.618922;0.529403;0.432244;0.334666;0.245453;0.164015;0.105181
534.7;0.027325;0.54;0.565198;0.525449;0.503043;0.461024;0.408631;0.342648;0.269253;0.200325;0.140405;0.094813
834.9;0.014166;0.69;0.751424;0.722509;0.691458;0.638587;0.569384;0.483302;0.395753;0.311265;0.237623;0.188146
320.3;0.035555;0.76;0.350990;0.322860;0.303231;0.269023;0.229281;0.185998;0.142378;0.101734;0.068258;0.044441
682.7;0.028342;0.41;0.663742;0.618142;0.595512;0.550666;0.494098;0.420246;0.332350;0.250441;0.175801;0.118564
581.4;0.046974;0.21;0.416329;0.377259;0.361481;0.329316;0.289442;0.236411;0.173729;0.119685;0.074319;0.043952
445.3;0.036237;0.26;0.415457;0.378584;0.360732;0.328204;0.289407;0.237298;0.179965;0.125992;0.080941;0.050194
460.9;0.050226;0.68;0.403494;0.362584;0.341458;0.304042;0.262295;0.210981;0.159906;0.111270;0.070618;0.043263
680.6;0.050846;0.64;0.593616;0.529118;0.493564;0.434481;0.373510;0.302396;0.228403;0.163080;0.106328;0.066462
384.8;0.019474;0.15;0.426807;0.401670;0.385596;0.356984;0.320324;0.271137;0.216426;0.163969;0.118457;0.084197
838.7;0.016185;0.41;0.716843;0.683464;0.661882;0.621607;0.568389;0.500356;0.419825;0.344152;0.266946;0.205240
723.8;0.05105;0.49;0.516625;0.466561;0.445490;0.405963;0.361247;0.298693;0.231301;0.162766;0.103791;0.063661
926.4;0.041895;0.72;1.125107;1.016096;0.942970;0.816861;0.672748;0.524837;0.379953;0.267472;0.177769;0.116664
929.9;0.010806;0.22;0.534721;0.518963;0.507449;0.487004;0.455677;0.411700;0.357732;0.314114;0.270828;0.236378
874.7;0.054798;0.49;0.581926;0.523788;0.499004;0.452887;0.402575;0.333287;0.259696;0.184370;0.118229;0.072292
330.2;0.035769;0.16;0.306678;0.279017;0.264770;0.238213;0.205222;0.167536;0.124590;0.086334;0.054143;0.033710
361.9;0.037226;0.73;0.390138;0.356716;0.334754;0.296318;0.252970;0.205519;0.157029;0.111681;0.074401;0.048128
587.6;0.040322;0.41;0.493591;0.451035;0.432800;0.397359;0.353045;0.295582;0.226992;0.163006;0.105518;0.065611
777.8;0.048022;0.29;0.528292;0.477035;0.460392;0.428107;0.384869;0.318977;0.246360;0.171384;0.108471;0.065973
889;0.052767;0.16;0.521557;0.471403;0.456354;0.422059;0.375389;0.313733;0.234463;0.162133;0.100556;0.059547
666.9;0.029143;0.16;0.643460;0.596595;0.577458;0.535405;0.480038;0.406615;0.323880;0.240155;0.162342;0.106810
1038;0.014232;0.84;1.090739;1.037408;0.984993;0.895280;0.782033;0.661215;0.525447;0.399803;0.295484;0.223766
946.5;0.046694;0.26;0.614982;0.559710;0.542770;0.506253;0.458423;0.392135;0.304635;0.219966;0.142200;0.087436
778.2;0.051987;0.37;0.505648;0.456225;0.440267;0.407769;0.363779;0.302483;0.232448;0.162688;0.102118;0.061097
592.6;0.028586;0.87;0.915713;0.847694;0.787685;0.689158;0.569381;0.448785;0.328745;0.224721;0.146561;0.095895
395.1;0.051411;0.37;0.280566;0.255609;0.244153;0.221005;0.190928;0.152505;0.111900;0.075457;0.045350;0.026902
849.9;0.018826;0.15;0.715272;0.677706;0.661814;0.636292;0.601176;0.545209;0.465879;0.372926;0.278331;0.208002
1000.9;0.016476;0.59;0.970391;0.922317;0.878247;0.806725;0.715986;0.614977;0.499160;0.387876;0.297115;0.227519
681.1;0.053994;0.54;0.482992;0.436892;0.415137;0.378001;0.332454;0.272563;0.209574;0.147404;0.093511;0.055884
381.7;0.012204;0.83;0.204837;0.197881;0.192146;0.181888;0.167338;0.149632;0.128726;0.106358;0.087610;0.074593
539.8;0.044336;0.26;0.417795;0.380684;0.364800;0.332690;0.291194;0.238866;0.178150;0.122858;0.076451;0.046213
438.3;0.046689;0.73;0.438359;0.392084;0.364812;0.319238;0.272385;0.218149;0.162676;0.114748;0.074271;0.046347
552.9;0.031859;0.38;0.542275;0.498246;0.477179;0.436495;0.385345;0.325522;0.255306;0.187293;0.126326;0.081405
696.1;0.028992;0.88;1.094159;1.014081;0.947731;0.836118;0.697283;0.541130;0.398570;0.268744;0.174941;0.112395
774.4;0.058983;0.77;0.811513;0.710744;0.653175;0.556253;0.456623;0.348046;0.249266;0.171788;0.110934;0.069580
711.7;0.02995;0.67;0.858864;0.784765;0.731555;0.653186;0.563086;0.456564;0.348416;0.251576;0.173687;0.117861
1087.8;0.032009;0.27;0.855013;0.791008;0.765666;0.716461;0.655205;0.571566;0.462345;0.357569;0.255010;0.173576
766.2;0.01784;0.11;0.664958;0.637566;0.625895;0.599901;0.564150;0.507166;0.430349;0.343150;0.256755;0.193537
1149.3;0.026302;0.27;0.896752;0.839305;0.815414;0.772453;0.720676;0.642089;0.537722;0.421428;0.308591;0.220097
873.9;0.025703;0.53;0.914635;0.846120;0.801117;0.725218;0.639225;0.546838;0.438612;0.331058;0.234265;0.164096
1161.9;0.054725;0.19;0.612332;0.556437;0.542028;0.510442;0.465120;0.391446;0.306584;0.214892;0.134587;0.082145
516.6;0.022351;0.78;0.637033;0.594576;0.560217;0.503100;0.433734;0.354186;0.280172;0.206015;0.144210;0.099934
908.5;0.025534;0.83;1.343484;1.248376;1.172410;1.040113;0.887278;0.710470;0.522119;0.372452;0.244245;0.162885
560.2;0.030443;0.37;0.555916;0.512935;0.492435;0.452557;0.401943;0.337306;0.266775;0.196781;0.133135;0.086924
904.6;0.045401;0.48;0.709297;0.642316;0.607591;0.543944;0.478809;0.400082;0.314912;0.231146;0.153082;0.097959
925.6;0.017182;0.1;0.724454;0.689962;0.675668;0.643841;0.613529;0.563497;0.492239;0.405062;0.314514;0.238221
361.2;0.053566;0.35;0.242556;0.220034;0.209469;0.188293;0.163033;0.130280;0.093934;0.063186;0.038224;0.023016
529.3;0.014158;0.49;0.436791;0.419192;0.405563;0.381397;0.349063;0.304578;0.258969;0.211917;0.165611;0.131318
501.6;0.033087;0.31;0.487975;0.445366;0.423913;0.389718;0.346418;0.288419;0.224791;0.160733;0.105755;0.067653
901;0.011519;0.65;0.622550;0.599613;0.574719;0.537197;0.488954;0.427061;0.357939;0.291546;0.235758;0.196413
1060;0.04766;0.83;1.406187;1.255754;1.171278;1.018534;0.842149;0.655794;0.459183;0.305851;0.191722;0.121066
610;0.045002;0.56;0.518553;0.466488;0.442065;0.398535;0.350279;0.290141;0.222034;0.159884;0.104147;0.064930
1002.5;0.020726;0.31;0.840099;0.793262;0.769111;0.721645;0.661192;0.594155;0.511137;0.409921;0.306501;0.223353
907.8;0.043995;0.84;1.274306;1.153367;1.075034;0.934463;0.770006;0.588176;0.414919;0.275595;0.172561;0.109912
306;0.037865;0.15;0.268130;0.242029;0.228664;0.205807;0.178928;0.143710;0.105882;0.072849;0.045848;0.027738
842;0.052534;0.6;0.692354;0.614535;0.572845;0.505167;0.434757;0.353233;0.268747;0.193975;0.127790;0.080262
648.1;0.037928;0.86;0.983801;0.894145;0.829694;0.720508;0.590228;0.443808;0.317741;0.210496;0.135197;0.086150
1124.4;0.055089;0.51;0.787361;0.696487;0.655528;0.583698;0.509781;0.420530;0.325439;0.239505;0.159949;0.100850
301;0.030976;0.87;0.388065;0.356441;0.330990;0.290113;0.242711;0.193928;0.144293;0.102002;0.067938;0.045233
716.2;0.027906;0.32;0.678154;0.632119;0.611999;0.570404;0.515550;0.441020;0.350196;0.265593;0.186788;0.125604
681.9;0.034449;0.52;0.665146;0.609967;0.577771;0.521169;0.459296;0.379714;0.298226;0.220898;0.150252;0.098776
714.8;0.022798;0.83;1.013158;0.946589;0.887615;0.787785;0.669923;0.541707;0.405347;0.293824;0.198458;0.135216
993.1;0.056458;0.27;0.543852;0.496433;0.480924;0.446931;0.401315;0.338429;0.257678;0.180286;0.112653;0.066216
590.2;0.033338;0.76;0.768362;0.707647;0.659072;0.577589;0.482952;0.377230;0.282266;0.198428;0.133914;0.088678
1006.3;0.0227;0.21;0.802016;0.757166;0.743228;0.710822;0.671759;0.606965;0.515768;0.408306;0.299612;0.217053
724.2;0.031561;0.45;0.694279;0.639960;0.611282;0.559160;0.496558;0.419782;0.330774;0.246992;0.171226;0.114917
332.2;0.045126;0.8;0.359218;0.322256;0.297980;0.258574;0.218627;0.173104;0.127799;0.089562;0.057758;0.036234
458.3;0.030116;0.66;0.514463;0.472994;0.446445;0.400891;0.347395;0.287592;0.221509;0.162515;0.111535;0.075300
949.6;0.019092;0.5;0.910625;0.859370;0.822453;0.759025;0.678631;0.584951;0.479592;0.383420;0.287306;0.211885
726.1;0.052813;0.59;0.563169;0.505796;0.475215;0.426896;0.370575;0.302628;0.232544;0.163862;0.106283;0.065847
437.4;0.03921;0.16;0.374886;0.341715;0.326225;0.295685;0.255912;0.208064;0.154910;0.106694;0.066416;0.040873
607;0.028679;0.29;0.601526;0.557375;0.537781;0.497854;0.445810;0.373479;0.298481;0.221468;0.151263;0.100553
846.7;0.021085;0.12;0.738333;0.700781;0.688057;0.659533;0.618611;0.553524;0.465646;0.364913;0.268567;0.193843
472.6;0.02095;0.78;0.544198;0.512714;0.485647;0.439530;0.383472;0.317277;0.253392;0.189304;0.134295;0.094654
964.6;0.036112;0.11;0.732133;0.672403;0.653626;0.612026;0.559995;0.487030;0.389362;0.288656;0.194520;0.123685
518.6;0.031671;0.54;0.535878;0.491693;0.466728;0.423418;0.373659;0.308726;0.242835;0.178828;0.121173;0.080046
1125.7;0.047065;0.2;0.675394;0.616118;0.599755;0.563979;0.516203;0.446960;0.352457;0.258120;0.167611;0.103477
542.2;0.013522;0.57;0.420679;0.405350;0.392420;0.368792;0.336665;0.295504;0.247610;0.204131;0.162655;0.130977
989;0.052367;0.6;0.837285;0.746056;0.693923;0.604788;0.511351;0.412635;0.314157;0.228994;0.152554;0.097383
469.8;0.043994;0.7;0.472638;0.425663;0.396188;0.348278;0.297537;0.240137;0.181126;0.129358;0.084039;0.052810
558.7;0.016833;0.35;0.523756;0.496087;0.479397;0.452086;0.417774;0.370741;0.309512;0.242910;0.181667;0.136526
382;0.05292;0.83;0.426070;0.378155;0.344776;0.295290;0.242286;0.184876;0.134510;0.090659;0.057262;0.035384
818.6;0.019992;0.73;0.998998;0.937780;0.883114;0.797463;0.691808;0.569737;0.445595;0.332663;0.239499;0.170156
915;0.040367;0.18;0.658034;0.599771;0.582011;0.546602;0.500166;0.426200;0.338264;0.245090;0.159504;0.100854
791.9;0.037152;0.32;0.649321;0.595054;0.573052;0.527847;0.473320;0.404348;0.320886;0.235209;0.158463;0.101448
683.2;0.018116;0.83;0.845115;0.793609;0.746644;0.670729;0.584066;0.480571;0.375626;0.277121;0.198669;0.141796
880;0.010283;0.19;0.480725;0.467837;0.456779;0.437139;0.408725;0.369904;0.326834;0.288867;0.250811;0.221847
882.9;0.048574;0.73;1.000678;0.883991;0.814499;0.709454;0.585319;0.446453;0.326528;0.227560;0.150545;0.097218
911.1;0.048239;0.18;0.578960;0.522647;0.506658;0.474344;0.429715;0.358080;0.276883;0.191944;0.122204;0.074384
872.2;0.031053;0.71;1.141652;1.043689;0.970536;0.849181;0.720619;0.577679;0.429952;0.307088;0.207059;0.139884
1150.7;0.012841;0.63;0.930736;0.895235;0.856996;0.789780;0.708223;0.612716;0.503222;0.402787;0.315038;0.252194
488;0.039287;0.72;0.548571;0.491676;0.457163;0.403650;0.339975;0.270533;0.205204;0.146236;0.097417;0.062779
938.4;0.018708;0.85;1.231554;1.169287;1.104708;0.996784;0.861152;0.704420;0.544044;0.400390;0.274891;0.195383
512.6;0.046431;0.24;0.380320;0.343838;0.328619;0.297845;0.261962;0.212309;0.156044;0.106806;0.066500;0.039433
407.5;0.036715;0.12;0.366653;0.334344;0.318283;0.288302;0.249749;0.202753;0.151868;0.104373;0.065575;0.040722
846.6;0.022653;0.77;1.145032;1.067668;1.003296;0.894220;0.761967;0.620670;0.470502;0.345177;0.237578;0.163634
705.1;0.055853;0.48;0.459425;0.417287;0.400135;0.365933;0.323210;0.268526;0.202540;0.141823;0.089103;0.052667
712.9;0.04791;0.19;0.483698;0.438533;0.423015;0.389222;0.343783;0.284002;0.212666;0.146613;0.091079;0.054568
895.8;0.054352;0.17;0.510854;0.460068;0.445132;0.410919;0.368065;0.305807;0.226757;0.156945;0.097302;0.057107
993.3;0.01344;0.19;0.672327;0.650060;0.635813;0.609668;0.571582;0.516974;0.448397;0.386475;0.319225;0.263993
615.2;0.019176;0.23;0.597125;0.568969;0.553329;0.523849;0.484161;0.425483;0.350247;0.269963;0.197375;0.143868
895.8;0.046854;0.88;1.291479;1.157160;1.078148;0.936165;0.771894;0.596558;0.415702;0.271800;0.165703;0.102366
674.5;0.044836;0.33;0.503939;0.457707;0.440159;0.405129;0.363676;0.301812;0.231816;0.161562;0.103517;0.063530
1057.7;0.04885;0.58;0.925667;0.826366;0.772576;0.678337;0.571167;0.459220;0.352895;0.256311;0.172924;0.112642
1049.6;0.035095;0.78;1.476949;1.333424;1.243891;1.086648;0.923423;0.725977;0.522389;0.359998;0.233690;0.153100
530.8;0.031275;0.3;0.525456;0.484081;0.463289;0.422691;0.375886;0.316900;0.247719;0.179608;0.120431;0.077352
852.1;0.040562;0.68;0.981682;0.886317;0.821653;0.713405;0.592026;0.468170;0.345459;0.248598;0.166930;0.109713
824;0.052789;0.42;0.535549;0.484671;0.464240;0.428338;0.383483;0.318356;0.247678;0.174610;0.110559;0.067135
786.7;0.04354;0.35;0.583071;0.528143;0.509121;0.470695;0.423561;0.359060;0.278849;0.202001;0.131141;0.081283
1082.9;0.03618;0.62;1.206266;1.093687;1.027237;0.911129;0.772895;0.612346;0.463246;0.332031;0.230341;0.155806
538.3;0.024941;0.41;0.561183;0.523948;0.503679;0.466482;0.419271;0.356958;0.282893;0.212509;0.149660;0.101905
586.3;0.045198;0.2;0.434247;0.394907;0.378891;0.345863;0.302351;0.248603;0.184399;0.126945;0.078897;0.047438
407.3;0.029081;0.88;0.595662;0.542068;0.499231;0.438050;0.368555;0.288966;0.210247;0.147202;0.096763;0.063447
1145.8;0.038384;0.51;1.071052;0.972199;0.913889;0.813455;0.697223;0.571668;0.440697;0.329099;0.230111;0.156489
881;0.054393;0.51;0.606017;0.542581;0.515626;0.466618;0.411814;0.340315;0.264999;0.188379;0.122226;0.075244
731.5;0.052147;0.36;0.476277;0.432770;0.417314;0.384665;0.341800;0.284471;0.215371;0.150135;0.093853;0.055294
875.4;0.05494;0.26;0.511123;0.460486;0.445270;0.411759;0.366986;0.307788;0.230545;0.160461;0.099780;0.058627
790.2;0.05695;0.79;0.885360;0.784129;0.721874;0.615220;0.496617;0.378752;0.267382;0.184287;0.118376;0.074614
882.6;0.050772;0.31;0.556968;0.503702;0.485989;0.452460;0.408862;0.341256;0.265806;0.186234;0.117963;0.071923
789.5;0.010068;0.53;0.412889;0.401832;0.391330;0.372070;0.344140;0.309357;0.268901;0.229579;0.196754;0.173431
948.9;0.010155;0.54;0.512800;0.499054;0.484363;0.460337;0.425910;0.379342;0.328300;0.278146;0.235169;0.205279
770.2;0.014373;0.87;0.788182;0.748968;0.709999;0.651253;0.573790;0.479364;0.379286;0.289430;0.215923;0.161124
1194.3;0.023036;0.32;0.972493;0.913589;0.880099;0.818228;0.747102;0.667531;0.572183;0.457675;0.340141;0.247328
496.8;0.01114;0.31;0.307845;0.297020;0.289282;0.274192;0.252942;0.229659;0.201291;0.170832;0.142787;0.121945
395.2;0.031204;0.35;0.405692;0.372122;0.355064;0.324578;0.286943;0.237742;0.184488;0.131839;0.086944;0.056022
398.7;0.027053;0.55;0.432082;0.399474;0.381384;0.348503;0.308813;0.257331;0.202007;0.149601;0.103680;0.070359
357.2;0.037068;0.4;0.340258;0.310501;0.294963;0.268364;0.235043;0.191491;0.145720;0.101266;0.065362;0.040827
664.1;0.056308;0.3;0.399246;0.356772;0.344722;0.318264;0.281426;0.226884;0.169376;0.113913;0.069624;0.040932
703.5;0.024925;0.64;0.818629;0.757138;0.713131;0.638672;0.555232;0.466371;0.368231;0.273256;0.190915;0.132869
629.2;0.026904;0.31;0.627968;0.583064;0.562323;0.522788;0.470944;0.400681;0.317791;0.238870;0.166980;0.112539
987.2;0.052974;0.87;1.311043;1.144327;1.064871;0.940333;0.787139;0.599096;0.414555;0.271528;0.167388;0.102651
865.1;0.027024;0.5;0.868297;0.802468;0.764108;0.695604;0.624617;0.531197;0.423773;0.319426;0.226752;0.158230
994.8;0.016906;0.44;0.858682;0.815330;0.783709;0.733856;0.668683;0.584554;0.485825;0.394345;0.306955;0.234815
1139.6;0.03539;0.55;1.152440;1.054375;0.994448;0.888172;0.762916;0.615671;0.475069;0.347696;0.244876;0.167069
1175.5;0.052833;0.59;0.983146;0.880928;0.821210;0.716040;0.601984;0.481256;0.365973;0.266616;0.179417;0.116491
472.8;0.029216;0.75;0.582054;0.536261;0.503653;0.449307;0.384489;0.309518;0.236939;0.169710;0.116527;0.078493
425;0.044785;0.8;0.498323;0.450219;0.414895;0.355816;0.292266;0.228410;0.167548;0.116980;0.075086;0.047209
926.6;0.041395;0.23;0.662491;0.599003;0.578370;0.542272;0.495798;0.423103;0.336590;0.244925;0.159607;0.101027
384.4;0.032519;0.17;0.380491;0.350201;0.333128;0.301755;0.265593;0.217617;0.164596;0.115726;0.074803;0.046543
772.9;0.033681;0.35;0.680610;0.625690;0.600202;0.555370;0.497902;0.420425;0.336883;0.251527;0.171149;0.111907
777.3;0.057485;0.59;0.560016;0.502340;0.474136;0.423697;0.368619;0.299139;0.230054;0.162879;0.104361;0.062656
1075;0.014175;0.4;0.793803;0.765943;0.742908;0.700420;0.645035;0.574967;0.487905;0.396723;0.322756;0.262280
736.4;0.023991;0.84;1.077789;1.003533;0.940381;0.832617;0.709192;0.567516;0.418969;0.301902;0.200384;0.134906
654.1;0.03235;0.15;0.606237;0.557494;0.534877;0.491269;0.443380;0.374599;0.294232;0.212138;0.141664;0.090197
967.1;0.053882;0.63;0.840622;0.747575;0.693078;0.601742;0.506052;0.403884;0.304298;0.220449;0.146457;0.093325
768;0.033455;0.59;0.816596;0.753240;0.708638;0.633010;0.544933;0.445640;0.342570;0.252499;0.174519;0.117347
612.9;0.031871;0.22;0.582007;0.536178;0.514339;0.471651;0.421986;0.357296;0.280275;0.203441;0.136287;0.087099
435;0.047309;0.12;0.295608;0.267366;0.255704;0.231458;0.199737;0.159039;0.116847;0.078709;0.048240;0.028919
827.5;0.033396;0.56;0.851257;0.786362;0.741435;0.664833;0.575182;0.472359;0.365612;0.270640;0.188206;0.126898
535.9;0.053041;0.12;0.310803;0.282843;0.271515;0.246747;0.213864;0.172381;0.125575;0.084652;0.051061;0.030496
340;0.033326;0.67;0.361187;0.331846;0.313401;0.281251;0.243514;0.201463;0.156037;0.112676;0.076099;0.049737
979.4;0.034905;0.27;0.771304;0.708502;0.684446;0.638317;0.580634;0.495660;0.404117;0.306108;0.209912;0.139011
518.5;0.034372;0.3;0.490082;0.444783;0.426729;0.392503;0.348491;0.290147;0.224783;0.160879;0.104431;0.066454
698.2;0.021473;0.87;0.993375;0.925649;0.871223;0.780225;0.666485;0.537983;0.408836;0.290365;0.198556;0.134295
919;0.014278;0.25;0.677656;0.654209;0.638375;0.607986;0.566620;0.507582;0.436835;0.370046;0.298385;0.240094
623.3;0.013369;0.74;0.496318;0.478076;0.459035;0.425700;0.382303;0.331914;0.273099;0.218965;0.170128;0.138335
962.7;0.05442;0.13;0.533881;0.481283;0.466456;0.431705;0.386582;0.322699;0.240152;0.166144;0.102959;0.060865
655.2;0.021658;0.35;0.630766;0.596937;0.579637;0.546744;0.503407;0.439552;0.359972;0.274938;0.198335;0.141112
915.1;0.05308;0.87;1.224613;1.067369;0.995610;0.874921;0.727645;0.549101;0.380953;0.247766;0.153508;0.094509
933.6;0.045587;0.31;0.630397;0.572684;0.553799;0.514754;0.465929;0.398218;0.311969;0.227573;0.148332;0.091829
698.1;0.053641;0.2;0.419999;0.377701;0.363363;0.335913;0.298337;0.241020;0.178800;0.120165;0.074487;0.043897
317.6;0.0569;0.59;0.235216;0.211451;0.201004;0.180664;0.154925;0.124307;0.090011;0.060906;0.036861;0.022402
597.8;0.016984;0.62;0.577616;0.548161;0.524203;0.484821;0.436763;0.375463;0.307056;0.243884;0.182855;0.137751
681.9;0.029695;0.8;0.987700;0.907952;0.842278;0.734056;0.611913;0.487329;0.358520;0.251363;0.165370;0.110772
543.2;0.059028;0.82;0.606653;0.531418;0.484401;0.411576;0.334060;0.250146;0.179311;0.120425;0.075829;0.046404
477.3;0.04224;0.14;0.376678;0.342407;0.326602;0.294929;0.257473;0.209235;0.153476;0.105695;0.065705;0.039410
1039.5;0.05482;0.71;1.037000;0.924917;0.858145;0.740983;0.608721;0.469851;0.342874;0.240811;0.158534;0.102446
686.9;0.034112;0.79;0.968512;0.875503;0.813242;0.714008;0.595261;0.459890;0.335793;0.231398;0.153847;0.100580
1099;0.010705;0.49;0.640327;0.620952;0.600951;0.567331;0.526140;0.469666;0.403826;0.338244;0.281652;0.243017
652.1;0.041144;0.16;0.508877;0.465882;0.447701;0.412425;0.368560;0.302885;0.230419;0.159720;0.101722;0.062361
992.2;0.021555;0.17;0.786527;0.742298;0.731081;0.703616;0.666974;0.605716;0.518582;0.413919;0.304947;0.223834
657.1;0.036372;0.26;0.564062;0.516501;0.495359;0.460458;0.412913;0.346283;0.271093;0.194732;0.127257;0.080495
1027.7;0.04625;0.72;1.189049;1.061268;0.984175;0.848392;0.707366;0.545665;0.393037;0.276087;0.183442;0.119484
979.6;0.040371;0.43;0.800049;0.720772;0.683428;0.622838;0.549040;0.459458;0.365642;0.273929;0.188049;0.122571
639.7;0.039418;0.76;0.825413;0.743441;0.685432;0.590169;0.484607;0.378726;0.275101;0.194475;0.128346;0.083137
494.4;0.031672;0.22;0.488163;0.448525;0.428884;0.394247;0.349978;0.290916;0.226137;0.161155;0.105966;0.067756
1011.4;0.022209;0.69;1.258575;1.171567;1.104732;0.992016;0.854077;0.701384;0.541562;0.404592;0.285945;0.200442
1154.4;0.031448;0.22;0.865826;0.804968;0.783413;0.738923;0.682977;0.601765;0.492425;0.383044;0.275205;0.187787
594.8;0.010509;0.77;0.291488;0.283498;0.274626;0.260127;0.240138;0.215184;0.186889;0.159052;0.134376;0.117123
904.1;0.040441;0.54;0.844777;0.760516;0.712126;0.632764;0.548162;0.444912;0.347291;0.257087;0.175946;0.115127
694.8;0.057899;0.87;0.892696;0.792415;0.731351;0.624043;0.500897;0.374128;0.256256;0.168583;0.103881;0.063909
1050.2;0.014772;0.16;0.724093;0.698762;0.684342;0.656217;0.618209;0.560924;0.493415;0.423581;0.344627;0.278613
992;0.01178;0.85;0.805916;0.774597;0.739967;0.679499;0.599969;0.505434;0.415575;0.325660;0.255319;0.203887
450.5;0.054312;0.39;0.303513;0.275301;0.263816;0.239674;0.208193;0.166696;0.122471;0.082534;0.049592;0.028974
1075.8;0.022347;0.15;0.810619;0.768782;0.759194;0.732397;0.697895;0.636722;0.547874;0.439198;0.324972;0.238426
1190.9;0.010446;0.87;0.788360;0.767353;0.735037;0.682328;0.613498;0.526334;0.431313;0.352810;0.282437;0.234845
763;0.050746;0.62;0.659837;0.587781;0.546165;0.481138;0.412709;0.334501;0.254080;0.182913;0.120003;0.075486
1095.9;0.017025;0.44;0.937688;0.890263;0.853804;0.795683;0.725522;0.633097;0.527944;0.424142;0.332790;0.255596
829.2;0.053993;0.58;0.635765;0.566412;0.531283;0.474239;0.410385;0.335562;0.257628;0.183644;0.120165;0.074618
439.3;0.014769;0.38;0.383934;0.366375;0.354626;0.335804;0.309932;0.274863;0.230353;0.183696;0.140915;0.109312
479.9;0.027628;0.27;0.508550;0.470346;0.450250;0.412762;0.364342;0.307022;0.240754;0.177439;0.119965;0.078716
666.3;0.039671;0.13;0.530662;0.488016;0.469541;0.431663;0.386449;0.319498;0.242688;0.170276;0.108801;0.066519
973.8;0.039259;0.22;0.706276;0.646171;0.625225;0.580935;0.532042;0.459728;0.368815;0.270968;0.182291;0.116487
1043;0.043384;0.4;0.775219;0.703796;0.670753;0.608771;0.538481;0.457405;0.365273;0.270729;0.184455;0.119435
1011;0.042401;0.8;1.352995;1.231548;1.150510;1.006181;0.834403;0.634934;0.456558;0.306155;0.197159;0.127600
586.7;0.031668;0.45;0.578869;0.531935;0.507718;0.464732;0.412869;0.343936;0.272610;0.201478;0.136619;0.089845
780.7;0.016988;0.61;0.772930;0.729869;0.694318;0.642583;0.574512;0.490056;0.398116;0.311860;0.237059;0.177756
381;0.047596;0.41;0.300648;0.271647;0.258050;0.234162;0.204288;0.163428;0.121083;0.081582;0.050958;0.030412
400.5;0.022089;0.77;0.449052;0.420169;0.397064;0.359199;0.316734;0.267940;0.211855;0.157595;0.110917;0.078796
422.7;0.042523;0.71;0.432138;0.389487;0.362856;0.319985;0.273920;0.221359;0.167193;0.119373;0.077555;0.048890
910.8;0.052869;0.2;0.533915;0.484802;0.469929;0.436043;0.389988;0.326142;0.246714;0.171258;0.106451;0.063410
745.7;0.014219;0.17;0.593992;0.571839;0.555968;0.527524;0.487385;0.440974;0.383942;0.317930;0.251825;0.200032
470.7;0.058604;0.63;0.340590;0.305696;0.289794;0.261161;0.228840;0.184283;0.137599;0.093556;0.057583;0.033754
745.5;0.011573;0.4;0.494557;0.478275;0.464847;0.441396;0.408308;0.362072;0.308169;0.261484;0.218746;0.185217
432.8;0.05177;0.19;0.274345;0.247080;0.235996;0.213361;0.183892;0.147994;0.107032;0.072377;0.043637;0.025825
349.5;0.051786;0.6;0.278750;0.251825;0.239094;0.214995;0.188150;0.151025;0.112131;0.075899;0.047214;0.028043
1065.6;0.012493;0.6;0.812080;0.780451;0.749095;0.695026;0.631169;0.548486;0.455559;0.366463;0.290561;0.236855
804.5;0.037294;0.83;1.193083;1.066867;0.996518;0.875464;0.727474;0.555474;0.396959;0.266269;0.172154;0.110151
1136.6;0.057158;0.58;0.869875;0.765430;0.713633;0.626199;0.535060;0.431019;0.327924;0.239535;0.160329;0.102095
927;0.026074;0.49;0.927423;0.857702;0.813751;0.741567;0.660287;0.566945;0.457073;0.347033;0.246784;0.173361
824.5;0.050323;0.56;0.656189;0.585574;0.549050;0.489722;0.426475;0.351017;0.269602;0.195601;0.128520;0.080762
1091.1;0.049481;0.51;0.844372;0.757172;0.710293;0.628181;0.542274;0.447018;0.349633;0.257810;0.172725;0.110820
1190;0.049959;0.38;0.768700;0.687626;0.652669;0.596933;0.534996;0.453751;0.361887;0.269498;0.179474;0.113598
300.5;0.012478;0.89;0.145930;0.141112;0.137034;0.130104;0.120457;0.107741;0.092177;0.075687;0.062689;0.053337
851.3;0.042673;0.82;1.185470;1.072268;0.996584;0.863968;0.708134;0.540369;0.382052;0.257450;0.163784;0.105222
1191;0.034483;0.69;1.492421;1.351600;1.263955;1.108150;0.948144;0.754030;0.553456;0.391437;0.262757;0.176928
774.9;0.058643;0.63;0.589133;0.523845;0.492226;0.435699;0.374224;0.300406;0.229359;0.162187;0.104186;0.062891
731.6;0.047425;0.69;0.754960;0.675866;0.627475;0.544040;0.451203;0.356195;0.266996;0.189693;0.124283;0.079517
1021.2;0.038392;0.45;0.881003;0.797723;0.754846;0.679449;0.598336;0.497062;0.393723;0.296815;0.204807;0.136177
505.1;0.024948;0.42;0.533434;0.497862;0.477892;0.441625;0.395745;0.336183;0.265113;0.199296;0.140026;0.095254
748.3;0.022805;0.27;0.691725;0.655012;0.639388;0.604904;0.559162;0.490926;0.403589;0.307733;0.223162;0.157999
1110.8;0.054328;0.81;1.320758;1.155027;1.081627;0.949880;0.789913;0.597629;0.421790;0.279674;0.179377;0.114083
817.2;0.03234;0.85;1.260461;1.158913;1.080586;0.943720;0.781426;0.617786;0.445323;0.301820;0.192329;0.124536
964.8;0.014917;0.19;0.705607;0.679106;0.663679;0.633886;0.593620;0.534172;0.468152;0.396973;0.318969;0.254465
827.4;0.05298;0.15;0.487579;0.439462;0.424434;0.390167;0.349153;0.287693;0.212402;0.146193;0.090613;0.053173
522.1;0.011381;0.23;0.343888;0.331346;0.322388;0.304738;0.282789;0.256076;0.222899;0.187937;0.156048;0.132007
899.8;0.054958;0.52;0.622267;0.556281;0.527195;0.476133;0.418648;0.345219;0.268622;0.191236;0.124451;0.076689
375.1;0.054997;0.16;0.207610;0.187567;0.180297;0.164123;0.142322;0.112031;0.082089;0.053996;0.033074;0.020677
863.4;0.036205;0.11;0.682126;0.626188;0.605690;0.564907;0.517053;0.442019;0.350947;0.253725;0.169404;0.107194
894.9;0.01601;0.17;0.700649;0.669091;0.654656;0.624169;0.580998;0.527799;0.463099;0.383810;0.301558;0.233155
956.8;0.01889;0.59;1.002899;0.938948;0.889711;0.816304;0.722903;0.609866;0.491035;0.381559;0.285487;0.209304
1101.7;0.045305;0.14;0.679832;0.619580;0.604672;0.570634;0.522706;0.452250;0.355283;0.258553;0.167164;0.102940
1184.1;0.051568;0.63;1.091987;0.967649;0.903295;0.788978;0.656934;0.513479;0.386257;0.276520;0.186876;0.122856
992.1;0.011742;0.56;0.681398;0.656779;0.631330;0.593997;0.543510;0.477731;0.403281;0.329954;0.265616;0.222877
823.3;0.047892;0.16;0.537531;0.486789;0.472412;0.438879;0.392473;0.324015;0.247345;0.170694;0.106680;0.064779
1135.5;0.057856;0.29;0.597746;0.539555;0.523774;0.488802;0.442436;0.374178;0.291924;0.206469;0.130012;0.077349
822.1;0.027144;0.38;0.754037;0.706238;0.683810;0.638871;0.580369;0.499083;0.404030;0.304751;0.217625;0.150219
315.3;0.041912;0.2;0.252576;0.230365;0.219548;0.198082;0.170859;0.135336;0.100470;0.067573;0.042378;0.025615
408.8;0.02715;0.69;0.460527;0.427553;0.406162;0.367851;0.321506;0.265468;0.207103;0.151769;0.106169;0.072016
1076.4;0.020824;0.46;1.010231;0.953665;0.911451;0.836134;0.750437;0.643407;0.531271;0.425568;0.315909;0.230036
735.9;0.04931;0.11;0.470066;0.425203;0.409268;0.374876;0.332100;0.272586;0.200539;0.137924;0.085556;0.050602
1060.4;0.046155;0.65;1.098676;0.977816;0.907193;0.787694;0.662996;0.515616;0.384529;0.275692;0.186995;0.122929
488.5;0.023942;0.8;0.628093;0.584215;0.547810;0.487098;0.415853;0.340869;0.263648;0.189980;0.131587;0.090533
797.1;0.039122;0.21;0.613318;0.559966;0.543299;0.507287;0.459766;0.388618;0.305257;0.220122;0.142595;0.089996
866.9;0.03105;0.75;1.193083;1.096620;1.020455;0.891614;0.747028;0.596931;0.440625;0.310235;0.205420;0.138298
328.8;0.014603;0.3;0.284067;0.272929;0.264624;0.249280;0.228759;0.199890;0.165868;0.131475;0.101905;0.080361
853.2;0.011201;0.12;0.522614;0.505610;0.494270;0.472814;0.440922;0.396374;0.354630;0.308902;0.263214;0.226983
626.2;0.034557;0.52;0.611548;0.559247;0.530071;0.480986;0.423178;0.349814;0.275141;0.202734;0.137586;0.089144
344.6;0.023913;0.85;0.417227;0.386261;0.362367;0.323057;0.282205;0.232303;0.178309;0.130096;0.089365;0.062018
740.6;0.026988;0.72;0.965578;0.893339;0.834791;0.736841;0.623850;0.507600;0.388637;0.279861;0.191043;0.130724
473.3;0.024367;0.42;0.505686;0.472495;0.453646;0.418532;0.375011;0.318548;0.250932;0.188626;0.132737;0.090545
410.8;0.018545;0.67;0.402801;0.379249;0.363047;0.336249;0.303557;0.263869;0.216670;0.166775;0.122723;0.090085
484.9;0.029963;0.49;0.503145;0.463847;0.442394;0.404413;0.357828;0.296762;0.234555;0.172896;0.117238;0.077808
431.9;0.044882;0.45;0.357165;0.325461;0.311015;0.282469;0.246557;0.201646;0.150967;0.104574;0.065644;0.039536
470.2;0.020184;0.85;0.572079;0.539501;0.507456;0.454870;0.397181;0.326481;0.250777;0.187595;0.130486;0.092575
338.4;0.043316;0.56;0.302916;0.275390;0.262346;0.237261;0.206094;0.167656;0.126262;0.087933;0.055511;0.034031
871.7;0.032153;0.73;1.162297;1.063573;0.987963;0.861400;0.731428;0.580857;0.426863;0.302447;0.202855;0.135588
553.7;0.031665;0.67;0.636982;0.585515;0.549707;0.489651;0.419854;0.342607;0.261401;0.190914;0.130624;0.087678
784.7;0.018762;0.21;0.687273;0.651143;0.630656;0.603574;0.566505;0.510710;0.432730;0.343334;0.254295;0.189311
925.6;0.01966;0.65;1.045312;0.980939;0.925917;0.842035;0.737691;0.614095;0.487460;0.371551;0.272855;0.196870
749.2;0.040821;0.41;0.609670;0.551303;0.526026;0.480174;0.430237;0.362485;0.286011;0.207966;0.136702;0.086916
782.2;0.023451;0.2;0.716235;0.678443;0.662642;0.627436;0.580745;0.509902;0.418794;0.318642;0.231237;0.163008
700.7;0.037984;0.61;0.728772;0.657514;0.614708;0.542447;0.468029;0.377079;0.291276;0.213044;0.144336;0.093836
411.5;0.057239;0.5;0.282946;0.254338;0.243110;0.220253;0.190311;0.153142;0.111720;0.075492;0.045436;0.026912
741.3;0.045724;0.15;0.514933;0.467587;0.452684;0.418809;0.372189;0.305386;0.232065;0.159781;0.099817;0.061029
1067.7;0.043961;0.52;0.924465;0.828926;0.775698;0.691526;0.595310;0.483185;0.376371;0.278766;0.192048;0.126228
1086.5;0.057969;0.35;0.596783;0.537174;0.518142;0.481716;0.434086;0.365360;0.286210;0.203334;0.128696;0.076579
543.3;0.048767;0.78;0.622967;0.559770;0.514131;0.438335;0.357428;0.277461;0.201826;0.140938;0.090634;0.056956
487.6;0.040386;0.11;0.398889;0.362834;0.346666;0.314168;0.272631;0.222209;0.164790;0.113362;0.070376;0.043000
808.5;0.0574;0.26;0.456569;0.409158;0.393828;0.365230;0.326714;0.266944;0.199803;0.134875;0.083489;0.049066
876.3;0.012982;0.8;0.778912;0.747421;0.710621;0.648496;0.577088;0.490970;0.394691;0.310009;0.237796;0.186819
675.3;0.023436;0.27;0.657037;0.620148;0.602519;0.565938;0.518319;0.449584;0.364723;0.275628;0.197127;0.138148
485.4;0.059334;0.35;0.289297;0.258025;0.246780;0.223668;0.195494;0.157090;0.113773;0.076120;0.045701;0.027430
1153.1;0.04861;0.38;0.761856;0.685456;0.651449;0.594107;0.532406;0.451902;0.361124;0.268616;0.178729;0.113185
373.9;0.033768;0.74;0.425366;0.388988;0.363012;0.322931;0.277586;0.223900;0.171565;0.123770;0.083384;0.054465
395.1;0.044045;0.56;0.346082;0.314435;0.298741;0.271169;0.237322;0.192691;0.146730;0.101990;0.064344;0.039933
427.8;0.030847;0.75;0.517198;0.475659;0.445133;0.394648;0.335935;0.272462;0.206447;0.149495;0.101681;0.068341
449.8;0.029007;0.17;0.468816;0.431853;0.411532;0.378475;0.335398;0.278392;0.217087;0.154667;0.103361;0.066585
858.9;0.020664;0.25;0.740235;0.697595;0.676948;0.646757;0.605663;0.544929;0.461103;0.364179;0.266694;0.195226
816.3;0.029147;0.6;0.917264;0.839010;0.787195;0.704930;0.617009;0.509849;0.394527;0.290531;0.202936;0.139414
346.9;0.011483;0.15;0.170520;0.164217;0.160293;0.153407;0.144419;0.130671;0.114722;0.097998;0.082604;0.071243
1138.1;0.033616;0.69;1.435072;1.306318;1.220319;1.070389;0.911853;0.727199;0.536257;0.380164;0.255436;0.172477
955.8;0.026669;0.58;1.063178;0.985634;0.929448;0.830414;0.719261;0.600801;0.475604;0.353875;0.248064;0.173254
964.1;0.058792;0.74;0.965529;0.848664;0.784789;0.673426;0.551689;0.424262;0.304876;0.213640;0.139644;0.089071
357.1;0.037772;0.23;0.325229;0.296010;0.281217;0.253944;0.218911;0.178498;0.132838;0.091874;0.057520;0.035598
1074.4;0.052315;0.69;1.081740;0.957380;0.891187;0.774562;0.638862;0.491917;0.363306;0.255105;0.169839;0.110605
1141;0.030403;0.71;1.485706;1.375000;1.290875;1.143941;0.966082;0.768676;0.580044;0.406614;0.274045;0.185310
1186;0.033101;0.81;1.695566;1.564399;1.472838;1.306885;1.103682;0.872489;0.643526;0.433367;0.281667;0.182217
1073;0.051315;0.44;0.724755;0.645937;0.613454;0.556356;0.494490;0.416069;0.326335;0.240505;0.159435;0.100443
1007;0.05956;0.25;0.520576;0.472054;0.456520;0.422500;0.382272;0.319233;0.240533;0.165711;0.102847;0.060220
762;0.036197;0.34;0.644296;0.591062;0.568760;0.523975;0.466140;0.398419;0.315415;0.232416;0.157142;0.100752
459.8;0.056272;0.36;0.293959;0.264914;0.253590;0.229555;0.198668;0.160399;0.116200;0.078357;0.047108;0.027579
658.7;0.046951;0.45;0.495048;0.449009;0.430769;0.393968;0.351603;0.291829;0.225021;0.158116;0.101824;0.062409
420.5;0.038372;0.39;0.384777;0.351801;0.335738;0.305129;0.269025;0.220115;0.167455;0.116846;0.075385;0.046734
327.8;0.058439;0.6;0.238079;0.213577;0.203066;0.182489;0.156316;0.125775;0.090841;0.061429;0.037066;0.022663
1145.2;0.051225;0.85;1.484446;1.306846;1.221257;1.064599;0.903160;0.699965;0.486908;0.322975;0.199424;0.123638
571.2;0.05798;0.33;0.343028;0.307728;0.295543;0.270136;0.235096;0.190230;0.139499;0.094079;0.056267;0.032722
566;0.042317;0.3;0.454575;0.414418;0.397322;0.364948;0.324359;0.265620;0.202581;0.139714;0.088957;0.054769
599.6;0.028979;0.84;0.900106;0.828356;0.768046;0.668851;0.553715;0.440581;0.322957;0.224316;0.146748;0.097461
720.4;0.033829;0.84;1.101032;0.996860;0.923098;0.802011;0.673202;0.520493;0.368935;0.253168;0.163326;0.104679
883.4;0.055594;0.35;0.519231;0.473080;0.457360;0.423062;0.378349;0.317271;0.242021;0.169671;0.106469;0.062676
322.7;0.010743;0.16;0.000016;0.000026;0.000025;0.000024;0.000023;0.000021;0.000019;0.000017;0.000015;0.000015
1058;0.017835;0.72;1.228881;1.160948;1.099841;0.998153;0.868751;0.719963;0.566490;0.427105;0.308137;0.227245
803.1;0.033578;0.2;0.681814;0.629069;0.608115;0.565549;0.508527;0.437907;0.348286;0.258788;0.174664;0.111917
1068.7;0.03715;0.47;0.958175;0.873371;0.825332;0.740803;0.643905;0.536265;0.419608;0.315562;0.220600;0.149258
613.1;0.012985;0.45;0.468514;0.451281;0.437155;0.412758;0.377729;0.332713;0.281736;0.234780;0.188789;0.153866
701.4;0.042902;0.58;0.640195;0.580445;0.545955;0.485084;0.418003;0.343494;0.266402;0.192554;0.127749;0.081734
348.8;0.054482;0.2;0.201779;0.182351;0.174887;0.158953;0.137473;0.108069;0.079163;0.051984;0.031824;0.019977
459.4;0.015482;0.58;0.400347;0.381566;0.369520;0.345971;0.314651;0.274755;0.231301;0.185279;0.141583;0.109473
896.5;0.031889;0.21;0.745934;0.691547;0.670698;0.628523;0.574051;0.492844;0.399956;0.301443;0.207999;0.138783
597.7;0.024012;0.19;0.617076;0.580592;0.561456;0.522668;0.473187;0.404235;0.321022;0.243229;0.171719;0.116389
1108.6;0.059262;0.45;0.652334;0.585612;0.558254;0.507344;0.452544;0.376681;0.296905;0.213432;0.137464;0.083177
406.3;0.040438;0.32;0.355102;0.324395;0.309767;0.281052;0.244395;0.198781;0.148983;0.102999;0.064503;0.039567
1189.6;0.022687;0.86;1.702762;1.586454;1.500485;1.347323;1.170880;0.956507;0.728871;0.520779;0.350298;0.232407
786;0.016631;0.51;0.716889;0.683252;0.657167;0.612187;0.553558;0.481683;0.396760;0.319772;0.244893;0.186219
936.2;0.03725;0.46;0.828850;0.754084;0.714586;0.644221;0.568240;0.472345;0.373515;0.280558;0.192910;0.127904
1199.5;0.05139;0.35;0.727229;0.652317;0.625732;0.575940;0.519721;0.444860;0.352281;0.261016;0.172732;0.108401
559.1;0.05185;0.48;0.402069;0.364562;0.349038;0.318142;0.279432;0.231012;0.172465;0.119967;0.074999;0.044365
673.1;0.051667;0.72;0.683843;0.609010;0.560526;0.481424;0.399476;0.314154;0.231979;0.163993;0.106702;0.067088
718.4;0.020186;0.24;0.662104;0.628658;0.613030;0.583277;0.542800;0.481156;0.400087;0.311065;0.226544;0.164304
987.6;0.037221;0.12;0.729112;0.667708;0.649780;0.608018;0.558991;0.485078;0.388793;0.286497;0.192976;0.122710
1036.4;0.053747;0.67;0.975694;0.872781;0.809786;0.699998;0.579046;0.453356;0.336032;0.239849;0.159237;0.102824
390.2;0.01605;0.58;0.344660;0.326722;0.315599;0.296066;0.271471;0.239452;0.200027;0.157834;0.119985;0.091217
460.3;0.052818;0.43;0.325148;0.293616;0.280599;0.256639;0.224978;0.180111;0.133850;0.090169;0.055169;0.032431
623.7;0.054989;0.83;0.764073;0.680129;0.622931;0.526716;0.421037;0.318502;0.222162;0.150992;0.095568;0.059414
351;0.020893;0.48;0.373238;0.350633;0.337502;0.313197;0.281542;0.240356;0.192388;0.145263;0.104197;0.074544
769.7;0.013849;0.83;0.730216;0.697394;0.663644;0.610417;0.540334;0.453748;0.363396;0.280547;0.213005;0.162591
602.3;0.033711;0.5;0.587895;0.539228;0.511907;0.466738;0.411356;0.341683;0.269133;0.198350;0.134505;0.087229
458.1;0.051751;0.84;0.567016;0.504980;0.459678;0.386742;0.311681;0.236634;0.167465;0.113802;0.071969;0.044593
488.1;0.03347;0.66;0.538398;0.492488;0.461911;0.410882;0.356358;0.290132;0.223365;0.163003;0.110038;0.072426
1114.6;0.030689;0.66;1.368648;1.262548;1.181933;1.043147;0.881449;0.715072;0.541435;0.388506;0.264003;0.181041
907.9;0.035137;0.1;0.717957;0.660573;0.640610;0.598549;0.545913;0.472757;0.376593;0.278012;0.186689;0.118784
721.6;0.016272;0.53;0.658890;0.627640;0.604145;0.562736;0.508920;0.442604;0.364788;0.293832;0.225184;0.171762
1120.9;0.016614;0.43;0.934954;0.889736;0.855133;0.796517;0.728833;0.639056;0.534720;0.430290;0.339787;0.263467
393.6;0.053524;0.6;0.304874;0.273794;0.260017;0.234365;0.205380;0.165547;0.122952;0.083302;0.051832;0.030643
971;0.040148;0.53;0.904232;0.815494;0.763991;0.676820;0.586237;0.476489;0.371149;0.276123;0.189581;0.124643
962.6;0.023265;0.27;0.804682;0.753817;0.735207;0.697207;0.653465;0.584993;0.491726;0.385394;0.280789;0.201371
805.7;0.05324;0.54;0.583522;0.524147;0.496126;0.448230;0.393032;0.323726;0.250730;0.177348;0.115216;0.071273
465.8;0.012905;0.79;0.309414;0.299205;0.289804;0.272529;0.249069;0.217581;0.183809;0.149026;0.119257;0.098608
837.5;0.032888;0.1;0.714797;0.655488;0.634822;0.592129;0.534069;0.462610;0.367836;0.273189;0.183974;0.117810
569.9;0.04611;0.2;0.415491;0.376655;0.360894;0.328562;0.287957;0.235445;0.173213;0.119183;0.074129;0.044020
420.7;0.02695;0.72;0.482690;0.449828;0.426778;0.385746;0.336154;0.275634;0.214813;0.156493;0.109003;0.074381
491.3;0.030061;0.12;0.494842;0.456419;0.438615;0.403457;0.357469;0.295912;0.230113;0.163922;0.108315;0.069256
1105.4;0.036349;0.21;0.798025;0.733160;0.712078;0.669646;0.613342;0.530069;0.435189;0.331661;0.228116;0.150107
364.3;0.054712;0.36;0.238920;0.217386;0.207066;0.186069;0.161806;0.128931;0.093158;0.062264;0.037686;0.022868
518.2;0.048918;0.82;0.643294;0.577673;0.529908;0.450161;0.362464;0.276158;0.197573;0.135407;0.086098;0.053901
348.4;0.013468;0.59;0.243017;0.233557;0.226502;0.213950;0.198392;0.177140;0.152127;0.125127;0.099580;0.081267
697.5;0.023939;0.11;0.687023;0.648776;0.630988;0.592169;0.541327;0.467486;0.375073;0.286922;0.204017;0.139737
312;0.028968;0.35;0.329909;0.305205;0.291566;0.266113;0.234023;0.194152;0.150302;0.108081;0.071598;0.046838
1107.5;0.053234;0.25;0.618701;0.561922;0.543870;0.508999;0.465545;0.393352;0.309551;0.218191;0.139387;0.085324
477;0.030998;0.32;0.482326;0.444384;0.424187;0.385506;0.343557;0.287656;0.224485;0.161385;0.108064;0.069528
384;0.021994;0.12;0.432907;0.405361;0.387601;0.355744;0.315479;0.266258;0.211520;0.157600;0.109083;0.075443
576.6;0.039883;0.76;0.725397;0.651473;0.599454;0.515070;0.428701;0.333029;0.245516;0.173215;0.114777;0.073858
710.5;0.03397;0.71;0.882188;0.808978;0.755880;0.665096;0.559433;0.439568;0.330800;0.234486;0.159787;0.106374
391.5;0.054927;0.68;0.314870;0.283487;0.267494;0.239104;0.206394;0.167160;0.123554;0.084789;0.053120;0.031582
1195.9;0.056735;0.76;1.262350;1.117553;1.044112;0.910381;0.751589;0.569269;0.409247;0.277921;0.180559;0.117202
598.9;0.050894;0.71;0.584957;0.520808;0.480037;0.416600;0.351389;0.278912;0.207351;0.146393;0.094926;0.059370
567.6;0.045445;0.2;0.420291;0.381429;0.365460;0.332929;0.290843;0.238679;0.176045;0.121224;0.075372;0.044992
355.8;0.047161;0.41;0.284381;0.256404;0.243224;0.221171;0.192059;0.153167;0.113428;0.076514;0.047637;0.028487
568.4;0.054985;0.12;0.313235;0.284196;0.273443;0.248407;0.215924;0.174760;0.126924;0.085664;0.051488;0.030658
341.7;0.013262;0.1;0.254298;0.243786;0.237685;0.224580;0.206468;0.181117;0.152226;0.124385;0.100518;0.081251
754.9;0.026796;0.11;0.717829;0.668080;0.648301;0.608702;0.554817;0.475927;0.383060;0.289328;0.203221;0.136507
985.3;0.010217;0.23;0.517615;0.503833;0.492669;0.472464;0.443881;0.403346;0.353778;0.311174;0.272420;0.242194
868;0.051405;0.22;0.529242;0.481854;0.466948;0.433589;0.387918;0.323454;0.246232;0.170954;0.106346;0.063756
380.9;0.035372;0.51;0.374730;0.342042;0.326085;0.296420;0.260660;0.216008;0.165865;0.118992;0.077441;0.049184
372.8;0.028308;0.44;0.399975;0.369709;0.353110;0.321735;0.282030;0.236604;0.184917;0.135536;0.092108;0.060200
999.5;0.021332;0.58;1.075407;1.014452;0.960765;0.868909;0.761840;0.640769;0.510611;0.397215;0.288024;0.206760
1114.6;0.036742;0.32;0.852167;0.780446;0.749603;0.690956;0.625088;0.533147;0.432297;0.330250;0.229291;0.153876
780.4;0.024474;0.57;0.847482;0.786439;0.743499;0.670429;0.591063;0.503452;0.404197;0.304118;0.214506;0.150681
398.2;0.013419;0.57;0.290206;0.279200;0.270801;0.255588;0.234301;0.208055;0.178488;0.146939;0.116761;0.094849
1043.2;0.014249;0.2;0.713821;0.690679;0.676096;0.647815;0.608889;0.551168;0.477210;0.410404;0.336358;0.274314
604.3;0.013417;0.16;0.490530;0.471028;0.456182;0.429149;0.400872;0.360926;0.309451;0.253626;0.201127;0.161206
564.6;0.030491;0.13;0.556249;0.513364;0.492496;0.451289;0.404636;0.338615;0.264603;0.189713;0.126842;0.080760
971.7;0.016169;0.23;0.746000;0.710995;0.695137;0.661339;0.617627;0.551350;0.482515;0.404269;0.319140;0.248058
309.3;0.032151;0.52;0.320117;0.293045;0.279173;0.253485;0.223263;0.185111;0.143123;0.102947;0.067789;0.044147
343.6;0.054947;0.77;0.308481;0.276839;0.258591;0.227359;0.191913;0.152998;0.111945;0.077281;0.048562;0.029251
901.1;0.027682;0.35;0.791868;0.743214;0.720889;0.674917;0.615860;0.532366;0.433300;0.328227;0.235237;0.163076
843.1;0.016009;0.25;0.687599;0.654832;0.638494;0.606268;0.561737;0.500664;0.435774;0.359078;0.279606;0.215324
773.5;0.038456;0.15;0.603215;0.555957;0.539506;0.502835;0.453030;0.382462;0.297000;0.213155;0.137015;0.085977
956.7;0.053752;0.86;1.247088;1.087026;1.017584;0.893741;0.742801;0.560306;0.390268;0.254221;0.158563;0.098214
936.5;0.027429;0.3;0.796455;0.748954;0.729026;0.686904;0.631008;0.549680;0.450338;0.343108;0.246913;0.171480
1003.2;0.012096;0.6;0.734419;0.704830;0.676879;0.631383;0.574595;0.501073;0.418634;0.338777;0.270401;0.223140
559.2;0.017117;0.27;0.528665;0.504666;0.492097;0.465783;0.431653;0.380506;0.315632;0.246508;0.182303;0.137538
923.3;0.01383;0.29;0.670936;0.647819;0.631979;0.602198;0.560609;0.501009;0.426159;0.361267;0.293882;0.238680
801;0.047026;0.69;0.848700;0.752444;0.699658;0.608981;0.504167;0.392574;0.294303;0.208416;0.138213;0.089264
656.9;0.032826;0.22;0.606387;0.554950;0.532795;0.489810;0.439634;0.373289;0.293392;0.213233;0.142903;0.091255
355.4;0.043412;0.76;0.372627;0.334589;0.310812;0.272832;0.232899;0.186672;0.139591;0.098738;0.063936;0.040312
1002.2;0.044962;0.18;0.648385;0.590428;0.574461;0.539212;0.490759;0.421857;0.328552;0.238219;0.153808;0.094483
603.8;0.038568;0.88;0.930551;0.850696;0.787882;0.681964;0.556193;0.416139;0.296769;0.195570;0.123725;0.078207
847.1;0.041435;0.62;0.873917;0.785450;0.729743;0.636656;0.543504;0.431343;0.329595;0.240059;0.163039;0.106418
967.1;0.053888;0.33;0.570854;0.517292;0.499035;0.465096;0.419821;0.350585;0.274553;0.193476;0.122114;0.074086
394.3;0.043118;0.79;0.451260;0.407619;0.376623;0.325058;0.270022;0.213390;0.158181;0.111118;0.071592;0.045292
415.1;0.053771;0.12;0.232370;0.208806;0.199600;0.182553;0.159164;0.126287;0.091868;0.061304;0.037407;0.022594
794.6;0.033376;0.71;1.010426;0.918976;0.854528;0.756715;0.639348;0.503915;0.375881;0.265480;0.180602;0.120181
736.7;0.017067;0.82;0.871980;0.822751;0.777928;0.703379;0.609140;0.505964;0.394756;0.297154;0.213287;0.156396
1101.4;0.013407;0.6;0.904758;0.868487;0.830495;0.768874;0.695458;0.600667;0.495504;0.394218;0.306935;0.246290
1019.1;0.045712;0.68;1.114622;0.993355;0.921039;0.794325;0.667130;0.516581;0.380415;0.270701;0.182225;0.119370
960.9;0.025399;0.47;0.943952;0.873493;0.829950;0.756046;0.674479;0.583714;0.474928;0.362973;0.259054;0.182986
346.2;0.043558;0.71;0.334450;0.302794;0.284194;0.254519;0.219293;0.177676;0.134243;0.094269;0.061047;0.038368
365.6;0.042621;0.11;0.276537;0.251736;0.240367;0.217120;0.187660;0.148603;0.110060;0.073714;0.046181;0.027725
379.7;0.036552;0.25;0.354710;0.322604;0.307671;0.279872;0.243403;0.196911;0.149450;0.102948;0.065600;0.040868
1018.5;0.045755;0.17;0.647108;0.588329;0.572728;0.537504;0.489481;0.420555;0.326073;0.236084;0.152287;0.093358
1148.7;0.035241;0.23;0.836494;0.770324;0.746783;0.699634;0.642844;0.557258;0.456926;0.350435;0.245502;0.164754
915.3;0.0344;0.85;1.403515;1.276154;1.190759;1.039873;0.873763;0.687291;0.491828;0.332140;0.208941;0.134542
418.9;0.034892;0.78;0.518207;0.473358;0.438862;0.381778;0.322245;0.256112;0.190657;0.136470;0.090773;0.059338
950.5;0.056799;0.21;0.520463;0.466798;0.451232;0.418040;0.375804;0.313173;0.234049;0.161729;0.100357;0.058913
399.3;0.029464;0.63;0.436245;0.401734;0.380758;0.343827;0.302466;0.250057;0.194682;0.143342;0.098179;0.066140
405.7;0.015857;0.13;0.400516;0.383884;0.371066;0.347644;0.316612;0.274269;0.223761;0.173916;0.132237;0.100602
876.6;0.022021;0.22;0.745171;0.708452;0.694352;0.662771;0.621845;0.555827;0.467198;0.365428;0.267134;0.191718
595.9;0.044245;0.25;0.452417;0.412339;0.397000;0.364530;0.321462;0.263223;0.198992;0.137089;0.085313;0.052310
888.4;0.051963;0.62;0.773591;0.688931;0.639629;0.557614;0.472127;0.379830;0.288215;0.208818;0.138231;0.087639
974.2;0.058507;0.79;1.065742;0.945589;0.877707;0.755254;0.615713;0.468014;0.330215;0.224828;0.144027;0.091735
824.9;0.020758;0.78;1.085080;1.013846;0.950240;0.854762;0.736673;0.598593;0.462749;0.337589;0.238508;0.166256
966;0.048017;0.5;0.745663;0.671503;0.632063;0.562776;0.491467;0.408494;0.320204;0.235616;0.156460;0.099504
511.3;0.039205;0.72;0.583405;0.522810;0.483870;0.426445;0.359405;0.284905;0.215530;0.153436;0.102581;0.066167
961.5;0.030148;0.32;0.813455;0.758506;0.733594;0.684416;0.623023;0.538786;0.435594;0.332584;0.236948;0.161004
377.6;0.042568;0.17;0.298196;0.269247;0.256136;0.232273;0.202058;0.161051;0.118816;0.080255;0.050257;0.030030
629.8;0.047185;0.36;0.460838;0.417075;0.401832;0.370765;0.328958;0.270426;0.206650;0.143453;0.089799;0.054425
632.3;0.025098;0.31;0.632845;0.591583;0.571391;0.532954;0.482974;0.414446;0.330638;0.249972;0.176445;0.120135
916.5;0.014481;0.27;0.685326;0.660859;0.644607;0.613299;0.570561;0.510460;0.437477;0.369453;0.296689;0.237536
726;0.017423;0.69;0.773789;0.726506;0.688568;0.631712;0.559444;0.469660;0.377840;0.289277;0.217043;0.160194
616.5;0.040991;0.81;0.850997;0.766241;0.704509;0.602248;0.489886;0.376812;0.267551;0.185316;0.120223;0.076771
1047.7;0.023031;0.63;1.229196;1.147422;1.081096;0.968968;0.839305;0.692746;0.539555;0.411126;0.290657;0.204184
826.7;0.032283;0.2;0.708350;0.654090;0.633424;0.591827;0.535919;0.458533;0.369377;0.276259;0.187522;0.123061
794.8;0.0522;0.67;0.744907;0.663103;0.613100;0.530236;0.444145;0.353062;0.264107;0.189174;0.124322;0.078515
1125.5;0.01981;0.46;1.039769;0.979694;0.938498;0.865922;0.775193;0.668956;0.549849;0.442088;0.333790;0.246388
557.3;0.025193;0.61;0.608734;0.564122;0.535425;0.492122;0.437898;0.368215;0.290345;0.215782;0.152065;0.105609
981.5;0.034165;0.62;1.104888;1.004032;0.944214;0.841117;0.717755;0.573940;0.436510;0.314483;0.218156;0.147213
978.4;0.026891;0.64;1.181553;1.088861;1.024261;0.913170;0.779918;0.634567;0.496862;0.362667;0.252362;0.174656
642.4;0.049924;0.15;0.413609;0.374181;0.358767;0.328764;0.291165;0.235455;0.173591;0.117615;0.073057;0.043052
811;0.059374;0.28;0.443357;0.396943;0.383279;0.356212;0.317892;0.258371;0.194256;0.130724;0.080178;0.046970
368.3;0.017952;0.23;0.391489;0.369394;0.356692;0.332307;0.299959;0.256343;0.205145;0.157629;0.115755;0.085509
348.6;0.021844;0.84;0.394851;0.370585;0.349715;0.314847;0.273887;0.230471;0.180895;0.132672;0.093770;0.065949
777.7;0.045112;0.51;0.633594;0.570996;0.539364;0.484672;0.426509;0.354963;0.276833;0.202012;0.132882;0.083596
1001.3;0.028774;0.64;1.207396;1.113182;1.042333;0.922370;0.784426;0.642500;0.494871;0.359794;0.247422;0.170854
1140.6;0.058685;0.63;0.934516;0.820391;0.762074;0.662854;0.558709;0.442143;0.330893;0.239247;0.159825;0.102430
416.9;0.058615;0.17;0.210534;0.191711;0.184728;0.168233;0.146439;0.115728;0.084828;0.055398;0.033815;0.021417
811.9;0.042185;0.28;0.598456;0.543354;0.526020;0.488749;0.441821;0.375195;0.292370;0.211485;0.136753;0.084578
722.5;0.053005;0.33;0.462891;0.418203;0.402674;0.370248;0.327980;0.273230;0.203985;0.141638;0.088178;0.051860
310.7;0.030094;0.83;0.379285;0.348232;0.325132;0.287554;0.243878;0.198130;0.149603;0.107582;0.072816;0.049128
603.4;0.041597;0.28;0.482648;0.441807;0.424198;0.388802;0.347876;0.287011;0.218962;0.152697;0.097617;0.060112
446;0.059262;0.3;0.253374;0.226274;0.216355;0.197927;0.173059;0.137392;0.100086;0.065946;0.039768;0.024465
1014.9;0.037974;0.64;1.137259;1.038020;0.969960;0.853483;0.716392;0.564781;0.423605;0.304669;0.208546;0.140519
580.1;0.05668;0.62;0.429991;0.386636;0.366339;0.329679;0.285790;0.233372;0.174888;0.122408;0.077208;0.045938
775.7;0.046017;0.66;0.782012;0.698254;0.651248;0.568931;0.474468;0.376637;0.285374;0.203495;0.135412;0.087275
449.1;0.034202;0.77;0.559553;0.512508;0.475652;0.414943;0.347561;0.278408;0.207236;0.148142;0.099106;0.065272
841.8;0.041952;0.68;0.953062;0.856197;0.792712;0.685289;0.574097;0.449931;0.333731;0.239792;0.161221;0.105061
536.7;0.054382;0.12;0.298971;0.272121;0.261532;0.237285;0.206459;0.166578;0.120662;0.081530;0.049116;0.029179
888.7;0.019937;0.57;0.923322;0.871112;0.829118;0.756326;0.668699;0.568037;0.458363;0.360069;0.264502;0.191987
920.3;0.029768;0.84;1.391950;1.285061;1.207094;1.072196;0.904810;0.702191;0.521762;0.356025;0.231864;0.149593
973.3;0.059609;0.17;0.492018;0.440649;0.425548;0.397499;0.357338;0.292241;0.219179;0.147425;0.091391;0.053779
705.5;0.030118;0.54;0.726924;0.672858;0.639817;0.581589;0.511727;0.425738;0.334828;0.248038;0.173600;0.117264
375.4;0.042943;0.84;0.475304;0.426104;0.392571;0.336980;0.274480;0.211464;0.154308;0.105950;0.067993;0.043136
506.1;0.055067;0.26;0.308817;0.279891;0.268598;0.243638;0.211388;0.170402;0.123933;0.083484;0.050147;0.029337
1122;0.059769;0.52;0.727628;0.644504;0.609505;0.546375;0.476640;0.390482;0.305500;0.220086;0.143732;0.089191
437.1;0.042658;0.2;0.350425;0.318384;0.303123;0.273030;0.238900;0.193375;0.141468;0.097520;0.060774;0.036114
1043.2;0.015422;0.7;1.066078;1.008298;0.961373;0.882050;0.780354;0.655342;0.525837;0.403581;0.300216;0.230092
784.5;0.011806;0.35;0.529123;0.511386;0.497496;0.473355;0.438600;0.389883;0.331457;0.282677;0.235596;0.198630
1196.5;0.040905;0.25;0.805557;0.732231;0.707694;0.658052;0.597040;0.520355;0.423445;0.321236;0.220465;0.143138
370.4;0.038357;0.88;0.535097;0.480500;0.439007;0.372863;0.305682;0.233473;0.166274;0.113741;0.073155;0.046078
698.4;0.058098;0.67;0.569910;0.504992;0.472918;0.416062;0.354019;0.281344;0.212914;0.149545;0.095867;0.057982
396;0.047305;0.76;0.404329;0.361551;0.335634;0.293310;0.248343;0.197528;0.146833;0.102492;0.066142;0.041194
1165.7;0.043126;0.65;1.259068;1.134802;1.058344;0.922917;0.767601;0.606007;0.444687;0.318604;0.215662;0.143838
304.2;0.036166;0.65;0.306707;0.280280;0.265785;0.239543;0.209462;0.172637;0.132150;0.094970;0.062220;0.039816
997.4;0.022995;0.52;1.029196;0.957219;0.904860;0.824866;0.728292;0.614892;0.504314;0.389603;0.281810;0.199824
1035.6;0.0581;0.25;0.545415;0.495534;0.479849;0.445624;0.399729;0.338490;0.256027;0.178846;0.111369;0.065275
1081.8;0.03701;0.49;0.995873;0.909121;0.857705;0.767512;0.664002;0.549368;0.426831;0.320300;0.224157;0.152234
376;0.011514;0.55;0.203133;0.195840;0.190940;0.182274;0.170362;0.154197;0.136233;0.116456;0.097644;0.083781
659.8;0.044816;0.76;0.801638;0.714194;0.655354;0.566268;0.466831;0.356771;0.261422;0.181850;0.119778;0.076779
533.9;0.035986;0.26;0.484064;0.443551;0.425319;0.390618;0.344589;0.287873;0.219562;0.156813;0.100923;0.062755
1020.1;0.012952;0.52;0.756456;0.730616;0.706931;0.664526;0.606496;0.529662;0.446378;0.361896;0.288006;0.237904
688.3;0.054502;0.75;0.720795;0.638755;0.585750;0.499976;0.411493;0.318609;0.231565;0.161726;0.104823;0.065638
1119.6;0.02651;0.38;0.979604;0.906737;0.865936;0.802480;0.729326;0.638039;0.525590;0.407149;0.294484;0.208948
463.7;0.021485;0.54;0.477284;0.450306;0.434176;0.404693;0.366785;0.314799;0.253194;0.191545;0.137208;0.097892
537.4;0.015697;0.67;0.486356;0.463572;0.445606;0.413721;0.372550;0.322625;0.264106;0.210631;0.161355;0.123575
431;0.025546;0.26;0.472734;0.438833;0.419618;0.384108;0.339663;0.285831;0.225380;0.166500;0.113113;0.075867
422.5;0.021422;0.62;0.437417;0.412467;0.395261;0.367129;0.331817;0.284053;0.227974;0.172697;0.123244;0.088140
1082.4;0.0426;0.1;0.701120;0.636825;0.623456;0.589881;0.543214;0.468324;0.372131;0.270216;0.174511;0.109973
821.7;0.013308;0.51;0.632502;0.610415;0.590235;0.553809;0.506083;0.444849;0.373034;0.302001;0.243944;0.198994
794.9;0.023772;0.56;0.850939;0.792987;0.751031;0.679736;0.599263;0.511151;0.413646;0.312316;0.221749;0.156824
430.5;0.024091;0.11;0.481091;0.446877;0.428239;0.391927;0.345540;0.292416;0.229902;0.170154;0.116021;0.077871
1067.7;0.054003;0.81;1.280296;1.119302;1.047098;0.917747;0.761414;0.574645;0.405745;0.268940;0.172735;0.109879
859.8;0.032217;0.77;1.209704;1.108276;1.029686;0.897073;0.754388;0.596946;0.434926;0.303957;0.200138;0.132946
615.9;0.047796;0.72;0.645602;0.581131;0.537246;0.462889;0.384004;0.303586;0.225815;0.160226;0.104216;0.065870
761.9;0.040165;0.73;0.946118;0.854875;0.790459;0.683227;0.560959;0.440157;0.320603;0.227257;0.150688;0.098544
661.6;0.049163;0.4;0.470171;0.424646;0.408221;0.376983;0.334949;0.276243;0.211877;0.147735;0.092649;0.055813
368.4;0.015697;0.22;0.355340;0.340124;0.329028;0.308638;0.281315;0.244036;0.199546;0.154768;0.118188;0.090264
515.9;0.058928;0.38;0.315749;0.282822;0.270831;0.246431;0.213345;0.173196;0.125835;0.084932;0.050901;0.029867
411;0.05243;0.62;0.326480;0.294684;0.279544;0.251489;0.218353;0.178299;0.131835;0.091219;0.057092;0.033988
465.5;0.012532;0.85;0.296218;0.286530;0.276132;0.257733;0.235362;0.205779;0.172276;0.140963;0.111579;0.092348
516;0.03331;0.17;0.490725;0.451236;0.432244;0.396668;0.349693;0.291560;0.223123;0.158982;0.102127;0.064745
675.5;0.026283;0.69;0.832016;0.769357;0.721420;0.640185;0.548943;0.455026;0.351997;0.257521;0.177515;0.122453
344.7;0.04151;0.14;0.272240;0.247204;0.235998;0.213523;0.184600;0.146487;0.108452;0.072921;0.045826;0.027603
1112.4;0.021515;0.71;1.403116;1.309356;1.231034;1.106171;0.959736;0.781891;0.608345;0.443839;0.318215;0.222351
1150.3;0.038994;0.47;1.009598;0.915112;0.862231;0.770755;0.667454;0.553162;0.432346;0.325506;0.226940;0.153556
741.8;0.040158;0.14;0.571078;0.524695;0.507220;0.468943;0.420580;0.353383;0.268722;0.191665;0.122611;0.075047
740.3;0.039994;0.77;0.979885;0.887035;0.820140;0.708118;0.579098;0.448223;0.322544;0.224567;0.147538;0.096095
603.9;0.032421;0.23;0.571637;0.524499;0.502351;0.459932;0.412727;0.348331;0.273068;0.196950;0.131600;0.084094
1110;0.011771;0.19;0.638938;0.620029;0.608407;0.586082;0.553935;0.505044;0.442928;0.383212;0.330265;0.285561
632.3;0.035691;0.32;0.560036;0.513483;0.491725;0.451230;0.405015;0.340789;0.267673;0.192426;0.127594;0.081235
838.1;0.051298;0.71;0.866227;0.774805;0.716973;0.617248;0.507451;0.394653;0.291057;0.205510;0.134657;0.085937
1010.4;0.029479;0.39;0.888202;0.822641;0.792359;0.735130;0.664027;0.569877;0.461528;0.348995;0.250116;0.173581
630.9;0.048765;0.22;0.432386;0.391189;0.375584;0.343050;0.302871;0.248216;0.182643;0.125828;0.078230;0.045986
485.4;0.018968;0.23;0.508271;0.483147;0.467080;0.437374;0.398338;0.344006;0.278236;0.210682;0.154318;0.112463
378;0.015468;0.81;0.308186;0.293645;0.282193;0.262703;0.238804;0.206778;0.169113;0.134529;0.103033;0.079453
994.7;0.055258;0.86;1.265719;1.110607;1.039600;0.912673;0.758264;0.571258;0.399432;0.258896;0.161672;0.100099
485.1;0.053818;0.51;0.350509;0.314622;0.300222;0.272292;0.240577;0.195297;0.145260;0.098521;0.061254;0.036046
649.4;0.05999;0.11;0.314374;0.279357;0.269070;0.245965;0.217614;0.175198;0.127033;0.085749;0.051809;0.030365
796.6;0.053213;0.44;0.522803;0.472895;0.452704;0.417112;0.372083;0.307829;0.239202;0.168569;0.106726;0.064354
506.1;0.011844;0.2;0.354661;0.340379;0.330944;0.313639;0.292493;0.263039;0.226946;0.189280;0.155545;0.129506
877.7;0.037234;0.86;1.344941;1.201934;1.117006;0.990299;0.832210;0.642542;0.451495;0.304268;0.191917;0.120325
736;0.059881;0.32;0.409671;0.368722;0.356376;0.329443;0.291805;0.235310;0.177036;0.119307;0.072169;0.042163
436.7;0.03555;0.81;0.578567;0.525843;0.485661;0.419229;0.346386;0.273316;0.199904;0.141087;0.093142;0.060685
1003.7;0.053676;0.82;1.233524;1.077566;1.007010;0.881034;0.728984;0.548509;0.386422;0.255075;0.163189;0.103363
390.5;0.013511;0.72;0.266371;0.256203;0.248229;0.234292;0.216005;0.190419;0.160650;0.132837;0.106324;0.086554
564.7;0.059377;0.83;0.651654;0.569218;0.519369;0.438527;0.355672;0.265285;0.187975;0.125450;0.079002;0.048587
513.6;0.056136;0.11;0.267535;0.243053;0.233565;0.212519;0.187203;0.149723;0.108420;0.072894;0.044212;0.025941
777.8;0.038213;0.87;1.197697;1.075762;1.005128;0.883420;0.733901;0.558829;0.395678;0.261569;0.165444;0.103678
382.3;0.031573;0.16;0.382517;0.354335;0.337930;0.305851;0.269012;0.221189;0.167077;0.118512;0.076648;0.047836
664.8;0.026892;0.33;0.651302;0.605884;0.585087;0.545331;0.492052;0.420683;0.333389;0.252563;0.177374;0.119802
394.4;0.046036;0.49;0.327627;0.298136;0.283935;0.256659;0.222854;0.182559;0.135248;0.093698;0.058879;0.035289
401.1;0.010683;0.88;0.158808;0.154942;0.150611;0.143163;0.133286;0.120284;0.105585;0.091039;0.077291;0.068171
1006;0.028703;0.55;1.079975;0.990586;0.929580;0.832974;0.726980;0.609135;0.478171;0.356433;0.249601;0.174507
562.4;0.056134;0.32;0.347853;0.313206;0.301328;0.275371;0.240806;0.193462;0.142839;0.096180;0.057675;0.033880
843.2;0.037324;0.2;0.662780;0.605485;0.585587;0.542662;0.495866;0.423576;0.336687;0.243532;0.163034;0.103509
1168;0.033694;0.22;0.856857;0.791389;0.767984;0.722071;0.664894;0.581945;0.475985;0.367704;0.261203;0.177184
689.2;0.034827;0.32;0.607829;0.558922;0.536828;0.493509;0.440333;0.374806;0.295673;0.216198;0.145313;0.093131
925.3;0.025449;0.45;0.891259;0.823863;0.783714;0.721200;0.650102;0.563703;0.458869;0.351003;0.250850;0.176937
982.3;0.057542;0.42;0.579442;0.521635;0.500258;0.461247;0.412329;0.344067;0.268938;0.191228;0.121530;0.072288
689.4;0.0591;0.44;0.417684;0.376826;0.361600;0.331089;0.296022;0.242038;0.182272;0.123621;0.076270;0.044497
889.9;0.035678;0.59;0.939219;0.861810;0.809020;0.717281;0.611843;0.495401;0.377713;0.277906;0.191890;0.129347
398.8;0.059629;0.46;0.256875;0.229319;0.218415;0.196945;0.171685;0.137192;0.099557;0.066041;0.039613;0.024292
1140.4;0.032792;0.11;0.829907;0.768305;0.751848;0.715376;0.666884;0.585584;0.483608;0.371431;0.261762;0.176104
468.7;0.031302;0.13;0.463978;0.429995;0.412359;0.376720;0.331477;0.275442;0.210733;0.150093;0.097017;0.061765
539.6;0.020661;0.42;0.541995;0.511397;0.494486;0.465257;0.425047;0.369122;0.300063;0.228712;0.164698;0.118084
1018;0.019662;0.88;1.383647;1.313491;1.242552;1.121525;0.970342;0.793609;0.611270;0.446301;0.301532;0.209841
738.8;0.051638;0.53;0.540439;0.487254;0.463668;0.420181;0.370547;0.305520;0.236457;0.166690;0.107696;0.066381
992.1;0.046332;0.83;1.342190;1.203474;1.121467;0.973862;0.802822;0.620917;0.435184;0.290180;0.182422;0.115463
656.4;0.036487;0.36;0.574197;0.525584;0.503749;0.460731;0.413003;0.348408;0.274058;0.197371;0.131898;0.084073
545.6;0.051454;0.33;0.373279;0.337483;0.322921;0.295124;0.260983;0.210929;0.156312;0.105428;0.065373;0.038491
333.5;0.035594;0.8;0.393706;0.357647;0.331602;0.293451;0.248596;0.197482;0.149263;0.105958;0.070964;0.045976
906;0.037598;0.72;1.144958;1.039001;0.969019;0.849336;0.706940;0.545766;0.403429;0.281371;0.189534;0.125889
686.6;0.020664;0.42;0.661620;0.621385;0.597664;0.558227;0.511103;0.451482;0.374062;0.289127;0.208778;0.151293
706.6;0.039391;0.81;0.994288;0.903944;0.836497;0.723148;0.590543;0.450803;0.322449;0.220299;0.142238;0.092527
848.9;0.017138;0.44;0.754004;0.718000;0.691540;0.646074;0.587945;0.514434;0.429761;0.349020;0.266709;0.202204
353.5;0.012611;0.47;0.233689;0.224427;0.219030;0.208379;0.194117;0.174695;0.150327;0.124535;0.100962;0.083654
584.2;0.044165;0.44;0.467367;0.424297;0.406773;0.371572;0.330878;0.274247;0.210300;0.147713;0.095032;0.058651
995.4;0.040428;0.46;0.841435;0.757963;0.715124;0.645974;0.566818;0.469148;0.372186;0.278787;0.191780;0.125545
926.8;0.020983;0.66;1.083523;1.016543;0.960824;0.866006;0.752299;0.624905;0.489693;0.372870;0.268030;0.191185
412.8;0.030314;0.18;0.420574;0.390331;0.374036;0.341414;0.299803;0.248394;0.190587;0.136049;0.088384;0.056727
417.1;0.041495;0.69;0.421050;0.379229;0.354360;0.314644;0.270940;0.220155;0.167109;0.119527;0.077785;0.049121
383.1;0.037765;0.2;0.345555;0.314554;0.299246;0.270747;0.233833;0.190284;0.142017;0.098012;0.061149;0.037993
307;0.016379;0.5;0.277477;0.263448;0.256142;0.241170;0.221245;0.192853;0.158769;0.124435;0.093857;0.071932
680.8;0.01846;0.31;0.629294;0.595856;0.574750;0.542667;0.503910;0.450254;0.377460;0.296148;0.218178;0.161827
890;0.01005;0.57;0.468029;0.456351;0.444190;0.421831;0.389884;0.347110;0.301334;0.256297;0.217528;0.190476
950.6;0.030908;0.28;0.791486;0.735896;0.712898;0.666323;0.607877;0.527323;0.423491;0.324853;0.229746;0.155414
778.1;0.034424;0.86;1.215532;1.100867;1.022201;0.885910;0.747178;0.580202;0.410306;0.278319;0.176254;0.112190
397.9;0.017993;0.15;0.428854;0.403866;0.390255;0.363565;0.327977;0.279682;0.223451;0.172193;0.126305;0.092897
868.6;0.043342;0.25;0.610404;0.556332;0.539292;0.502523;0.454723;0.388153;0.301679;0.218231;0.141057;0.086995
413.8;0.010896;0.6;0.199685;0.193635;0.189335;0.181356;0.169767;0.153519;0.135728;0.118375;0.101333;0.088832
420.9;0.015984;0.33;0.399556;0.379720;0.369403;0.349197;0.320721;0.280186;0.230886;0.180449;0.135579;0.103604
388.7;0.057606;0.21;0.208221;0.189828;0.182595;0.166036;0.144224;0.113377;0.083195;0.054278;0.033100;0.020929
427.8;0.058793;0.25;0.231874;0.209779;0.202093;0.184347;0.160736;0.126969;0.092851;0.060870;0.036881;0.022956
451.4;0.011546;0.87;0.238205;0.229841;0.221335;0.208276;0.191482;0.170135;0.144485;0.121048;0.099206;0.083792
476.6;0.034694;0.34;0.453905;0.414017;0.396588;0.363242;0.321152;0.267318;0.205676;0.147189;0.095135;0.060308
585.7;0.053136;0.29;0.376807;0.339605;0.326423;0.300240;0.264974;0.212992;0.158134;0.106053;0.065438;0.038514
584.8;0.022144;0.63;0.638634;0.598354;0.567458;0.514109;0.456579;0.390585;0.314881;0.236900;0.168279;0.119651
495.8;0.051714;0.1;0.296165;0.266681;0.255417;0.231745;0.199952;0.161315;0.117247;0.079202;0.047701;0.028650
525.9;0.05068;0.16;0.334739;0.303999;0.291767;0.265961;0.231196;0.184177;0.136027;0.091214;0.055849;0.033277
1103.6;0.041449;0.35;0.808639;0.730678;0.700257;0.642320;0.572936;0.489065;0.393669;0.296733;0.203813;0.132644
932.9;0.010112;0.28;0.493840;0.480585;0.469389;0.449067;0.420446;0.380468;0.332520;0.290947;0.254014;0.225567
800.2;0.028986;0.66;0.976993;0.893189;0.832968;0.736367;0.634307;0.519031;0.396423;0.289050;0.198634;0.136349
466;0.05522;0.66;0.366887;0.330499;0.312596;0.279953;0.241480;0.196370;0.145652;0.101290;0.063644;0.037975
490.8;0.044018;0.78;0.581842;0.520880;0.481985;0.416009;0.341498;0.265519;0.196184;0.136672;0.088602;0.056378
369.6;0.028941;0.55;0.395870;0.364931;0.348567;0.317762;0.279093;0.232109;0.182203;0.133871;0.091205;0.060442
1122.4;0.041598;0.56;1.080551;0.974071;0.909781;0.799024;0.679442;0.547140;0.415819;0.308118;0.211838;0.141320
936;0.022163;0.52;0.955972;0.894557;0.847844;0.774122;0.687326;0.582736;0.479620;0.372269;0.270080;0.192354
802;0.038571;0.79;1.104885;1.006108;0.935414;0.814988;0.671696;0.509937;0.370674;0.252272;0.165523;0.108065
582.1;0.059086;0.46;0.363951;0.326627;0.314053;0.289033;0.254471;0.204712;0.153653;0.103981;0.062571;0.036416
449.6;0.052484;0.41;0.316399;0.286132;0.274566;0.250551;0.218867;0.174634;0.129715;0.087344;0.053216;0.031347
860.2;0.024172;0.58;0.950939;0.880177;0.832952;0.751916;0.655317;0.550035;0.444095;0.334024;0.237323;0.166698
1189.1;0.044123;0.34;0.811626;0.738455;0.706620;0.645389;0.576744;0.495293;0.399592;0.298872;0.205085;0.133112
453.4;0.027906;0.18;0.482895;0.445195;0.424361;0.386218;0.344583;0.288046;0.224706;0.162419;0.109304;0.070572
532;0.059346;0.4;0.325418;0.292163;0.280103;0.255355;0.221728;0.179654;0.131267;0.088610;0.053084;0.030967
657.1;0.014199;0.28;0.543400;0.522127;0.506731;0.478659;0.439726;0.391186;0.337102;0.276704;0.217083;0.171633
366.6;0.022515;0.61;0.386717;0.364580;0.349904;0.322745;0.289448;0.245498;0.196516;0.146701;0.104864;0.074293
915.7;0.050567;0.72;0.989588;0.874832;0.812770;0.704249;0.578749;0.442472;0.325645;0.227238;0.149794;0.096633
662.1;0.014221;0.44;0.544474;0.523412;0.507394;0.477227;0.437003;0.383561;0.322983;0.266380;0.209907;0.166161
1184.6;0.036563;0.6;1.280666;1.159346;1.090297;0.969385;0.824381;0.655109;0.496262;0.356928;0.248520;0.168812
662;0.050031;0.32;0.452348;0.410274;0.394863;0.362520;0.320374;0.265533;0.198822;0.137810;0.085806;0.050458
858.6;0.046941;0.48;0.653565;0.588910;0.556960;0.504198;0.446208;0.372844;0.291307;0.213402;0.140421;0.088309
438.9;0.017083;0.35;0.430554;0.408880;0.397546;0.374703;0.343613;0.299265;0.245001;0.189521;0.140651;0.105582
643.2;0.031895;0.76;0.865265;0.787079;0.727323;0.643185;0.542359;0.426960;0.317066;0.222854;0.150089;0.099701
445;0.027519;0.69;0.505218;0.470318;0.445986;0.403083;0.351532;0.288614;0.225409;0.164436;0.114714;0.077853
982.3;0.033925;0.22;0.771905;0.710270;0.688345;0.645763;0.590298;0.506601;0.414267;0.313897;0.215075;0.143215
1084;0.03937;0.15;0.743353;0.680725;0.662014;0.619781;0.572894;0.499967;0.403575;0.299048;0.201637;0.128781
615.7;0.01729;0.53;0.585318;0.554163;0.531190;0.495621;0.448808;0.388658;0.325030;0.257480;0.192521;0.144027
917;0.055267;0.7;0.888925;0.788618;0.728195;0.625675;0.514525;0.402747;0.294953;0.210214;0.138444;0.088294
564.7;0.04201;0.77;0.703324;0.628684;0.576682;0.496637;0.412163;0.317019;0.233558;0.162973;0.107735;0.069078
777.6;0.018147;0.68;0.854056;0.799722;0.756344;0.692227;0.610198;0.510738;0.408676;0.312323;0.232305;0.169635
1049.2;0.038296;0.81;1.489052;1.324883;1.243913;1.104592;0.930481;0.720785;0.512836;0.347174;0.223069;0.143136
837.7;0.056581;0.23;0.472592;0.423941;0.408619;0.377566;0.338977;0.278136;0.207683;0.141095;0.087400;0.051411
601.8;0.049155;0.26;0.417232;0.377350;0.361962;0.330144;0.291777;0.238676;0.175809;0.120858;0.075143;0.044218
569.3;0.044284;0.81;0.750046;0.669050;0.611845;0.524359;0.429618;0.324486;0.233991;0.159746;0.104125;0.066165
707.3;0.033311;0.47;0.675067;0.619485;0.589313;0.536129;0.475786;0.397591;0.313702;0.233493;0.159253;0.105733
680.4;0.023016;0.25;0.659276;0.623817;0.607044;0.571131;0.524003;0.455569;0.370564;0.280109;0.201492;0.141577
623.6;0.038463;0.68;0.704454;0.633043;0.587677;0.512802;0.436259;0.346377;0.263146;0.189793;0.127615;0.082680
802.5;0.022439;0.81;1.122547;1.044923;0.982323;0.876074;0.746243;0.604784;0.456917;0.330647;0.226224;0.154582
968.3;0.025965;0.74;1.318487;1.216994;1.140335;1.012915;0.867340;0.691726;0.523437;0.378099;0.257125;0.173165
681.9;0.05554;0.77;0.735336;0.651017;0.596055;0.507087;0.414943;0.318508;0.229277;0.158857;0.102559;0.064090
686.4;0.054261;0.53;0.480060;0.433880;0.412969;0.376862;0.331581;0.272734;0.209140;0.147066;0.093168;0.055585
412.4;0.049729;0.27;0.289651;0.261535;0.249818;0.226348;0.195036;0.155680;0.114222;0.077002;0.046630;0.027829
322;0.05629;0.52;0.229948;0.207757;0.197477;0.177006;0.152639;0.122131;0.088229;0.059181;0.035779;0.021900
561.2;0.018942;0.77;0.636953;0.600185;0.567789;0.514774;0.450742;0.377740;0.297152;0.226989;0.163472;0.118210
585.8;0.035877;0.27;0.520764;0.476484;0.458801;0.423473;0.377097;0.315269;0.244117;0.174821;0.112854;0.071447
888.3;0.04135;0.67;1.002535;0.902751;0.837109;0.726168;0.605523;0.477722;0.352954;0.254751;0.171571;0.112384
1161.2;0.055659;0.79;1.309822;1.152536;1.078166;0.944291;0.782954;0.591166;0.420794;0.281012;0.181641;0.116670
1142.2;0.043198;0.48;0.948892;0.853635;0.801567;0.716548;0.622454;0.508921;0.400532;0.299585;0.207425;0.136928
712.1;0.02946;0.47;0.700264;0.650525;0.622708;0.571640;0.508731;0.429721;0.339357;0.254192;0.178240;0.120494
516.4;0.047;0.85;0.705203;0.624896;0.572643;0.490687;0.395353;0.293287;0.209336;0.140229;0.088779;0.055710
987.5;0.050882;0.6;0.855841;0.765769;0.712933;0.621678;0.524850;0.422381;0.322391;0.234381;0.156226;0.100141
983.4;0.040017;0.75;1.260421;1.150733;1.072979;0.938818;0.779086;0.594635;0.434477;0.298217;0.197214;0.130219
966.6;0.01425;0.42;0.743079;0.715387;0.692997;0.652050;0.600831;0.531924;0.449286;0.365336;0.295221;0.237570
969.3;0.056118;0.36;0.560093;0.506660;0.489354;0.454323;0.408051;0.342232;0.265644;0.187614;0.118418;0.070428
395.3;0.01268;0.4;0.282947;0.271106;0.263077;0.249906;0.231854;0.208047;0.178076;0.146610;0.117995;0.096850
913.4;0.036351;0.68;1.099906;0.999192;0.934089;0.821998;0.689794;0.539126;0.403829;0.285897;0.195251;0.130688
716.9;0.015943;0.25;0.618494;0.588969;0.573185;0.541438;0.498427;0.449041;0.385674;0.311944;0.240053;0.182459
490.9;0.029007;0.49;0.512689;0.474171;0.453162;0.413650;0.367443;0.306180;0.240948;0.178182;0.122106;0.081752
388.7;0.050642;0.2;0.254630;0.229191;0.218386;0.197056;0.169710;0.136043;0.098102;0.066592;0.040221;0.023775
1041.2;0.022205;0.21;0.819095;0.771300;0.751691;0.720852;0.681553;0.619373;0.530499;0.423455;0.312039;0.228404
457.5;0.054221;0.86;0.581310;0.515676;0.468180;0.392219;0.314823;0.235700;0.164501;0.109901;0.068884;0.042287
447.2;0.045632;0.6;0.387272;0.350754;0.333328;0.300334;0.263527;0.214767;0.163752;0.113859;0.073061;0.045175
899.4;0.028907;0.45;0.848437;0.784989;0.752216;0.694406;0.622135;0.528924;0.424055;0.317604;0.226024;0.156335
1105;0.022446;0.67;1.352990;1.255629;1.185736;1.066873;0.920622;0.756051;0.584963;0.437391;0.310449;0.217811
764.9;0.022643;0.52;0.782801;0.732804;0.697474;0.635618;0.568875;0.492123;0.403036;0.307418;0.220025;0.157023
932.4;0.048362;0.62;0.866826;0.775041;0.722768;0.631813;0.528985;0.422581;0.321875;0.231956;0.154771;0.100165
438.2;0.012493;0.72;0.274191;0.264334;0.256397;0.242511;0.222654;0.198303;0.168541;0.139491;0.114774;0.096025
1158.1;0.044264;0.59;1.123010;1.007521;0.938965;0.818516;0.695346;0.550658;0.415601;0.304505;0.208838;0.138567
786.8;0.041014;0.5;0.681788;0.616742;0.584698;0.527348;0.458918;0.383528;0.301398;0.220452;0.148702;0.095815
911.8;0.047334;0.49;0.700345;0.630761;0.595211;0.533862;0.469342;0.391217;0.306448;0.225192;0.148964;0.094224
332.9;0.058863;0.19;0.169931;0.153065;0.146955;0.133026;0.114609;0.092049;0.066181;0.043837;0.026416;0.017272
1028.3;0.029196;0.83;1.531983;1.405993;1.323155;1.184871;1.008941;0.792516;0.586390;0.405392;0.263915;0.169600
973.8;0.02301;0.45;0.929780;0.868978;0.829886;0.760940;0.679560;0.590072;0.491922;0.382137;0.277476;0.198578
408.2;0.053873;0.44;0.286261;0.260125;0.248739;0.225535;0.195458;0.156351;0.114900;0.077505;0.046668;0.027233
772.5;0.050305;0.12;0.482178;0.435395;0.419633;0.385102;0.341876;0.281645;0.207657;0.142974;0.088601;0.052336
593.3;0.033056;0.51;0.588306;0.540298;0.512891;0.466210;0.411438;0.340766;0.268812;0.198286;0.134572;0.088103
791.8;0.014548;0.87;0.828226;0.786490;0.744542;0.682136;0.600863;0.501411;0.395659;0.301147;0.223654;0.166045
659;0.038213;0.32;0.552105;0.502984;0.483845;0.447992;0.401702;0.336903;0.262968;0.189337;0.122660;0.077521
673.6;0.019369;0.69;0.751105;0.707807;0.670802;0.608873;0.534849;0.449740;0.357032;0.275684;0.199686;0.144464
462.7;0.036584;0.19;0.423057;0.384349;0.366029;0.334517;0.293967;0.239668;0.181664;0.125858;0.080587;0.049811
529.8;0.027752;0.72;0.645314;0.593313;0.554386;0.499043;0.432316;0.352543;0.270180;0.195481;0.135163;0.092000
318.5;0.025739;0.71;0.348810;0.323424;0.307578;0.280118;0.246219;0.206241;0.161246;0.119834;0.084250;0.057855
1131.3;0.046337;0.53;0.959195;0.855328;0.803313;0.713273;0.608456;0.491833;0.382040;0.282210;0.193597;0.127386
888.3;0.035789;0.24;0.707316;0.648883;0.628145;0.585089;0.527248;0.455174;0.363922;0.271586;0.184334;0.118208
1139.4;0.049532;0.84;1.489014;1.318960;1.232657;1.074116;0.901671;0.702287;0.491191;0.326011;0.202371;0.126803
447.2;0.020225;0.27;0.482323;0.455610;0.439028;0.409056;0.369627;0.316436;0.252863;0.191535;0.137126;0.098226
1129;0.043905;0.12;0.704744;0.639550;0.625927;0.592602;0.546575;0.472634;0.376165;0.274279;0.177612;0.111679
1015.2;0.012624;0.58;0.766736;0.737372;0.708443;0.663835;0.603400;0.524449;0.438170;0.353460;0.279564;0.229347
819.7;0.050059;0.59;0.689561;0.615467;0.573639;0.506623;0.436059;0.355618;0.272398;0.197562;0.130088;0.082167
696;0.043928;0.48;0.561952;0.506524;0.481797;0.439367;0.390494;0.326568;0.253101;0.183449;0.119722;0.074711
531.9;0.0573;0.58;0.374803;0.337346;0.320921;0.290518;0.255035;0.207991;0.155379;0.106110;0.066168;0.038926
976.8;0.014578;0.68;0.924266;0.878348;0.840797;0.774879;0.689612;0.583522;0.473838;0.368799;0.279186;0.218031
505.8;0.055422;0.43;0.339193;0.303597;0.292006;0.267456;0.234585;0.187638;0.139822;0.094344;0.057105;0.033450
357.8;0.035498;0.58;0.358508;0.327127;0.309829;0.281088;0.246610;0.203666;0.156897;0.112739;0.073531;0.047293
990.6;0.040745;0.44;0.812612;0.731741;0.692273;0.629654;0.553808;0.462085;0.367150;0.274976;0.188838;0.123203
904.1;0.025804;0.2;0.777629;0.728669;0.711346;0.675924;0.626733;0.551900;0.454391;0.348371;0.250859;0.175351
943.7;0.013874;0.38;0.701653;0.677359;0.657773;0.621391;0.576537;0.511861;0.434328;0.357882;0.290960;0.236151
877.9;0.052531;0.54;0.653986;0.583203;0.549607;0.492637;0.429929;0.355424;0.273823;0.197546;0.129878;0.081122
677.1;0.017226;0.2;0.612290;0.580501;0.566106;0.540238;0.504877;0.450960;0.379885;0.300694;0.224985;0.169360
651.7;0.028524;0.17;0.638879;0.591473;0.572151;0.531173;0.475982;0.402054;0.321128;0.238380;0.161321;0.107232
1034.5;0.04112;0.33;0.755359;0.686552;0.659086;0.606319;0.542835;0.467329;0.375600;0.280217;0.190730;0.123262
585.7;0.059878;0.64;0.422764;0.380916;0.360294;0.321860;0.278103;0.226900;0.168817;0.117361;0.073661;0.043382
1033.1;0.035867;0.47;0.936806;0.859636;0.813868;0.732859;0.639233;0.533098;0.416810;0.313901;0.220030;0.149145
1010.2;0.059526;0.5;0.629287;0.564276;0.535804;0.484132;0.427573;0.352717;0.275911;0.197712;0.127189;0.076279
1067;0.021327;0.15;0.809551;0.763600;0.748366;0.724106;0.689858;0.632525;0.547670;0.442654;0.330855;0.243949
755.1;0.0299;0.16;0.688040;0.640606;0.621868;0.580344;0.524648;0.445296;0.358892;0.267843;0.182379;0.120762
872.1;0.044828;0.37;0.626763;0.565498;0.543423;0.501830;0.452260;0.383703;0.301277;0.219946;0.143880;0.089516
1155.8;0.013232;0.37;0.777016;0.752810;0.732638;0.696167;0.645616;0.578505;0.496128;0.409022;0.335874;0.280629
699.6;0.047383;0.89;1.035691;0.924711;0.854197;0.731077;0.602388;0.455859;0.310075;0.204439;0.125630;0.076380
354;0.03102;0.7;0.393250;0.359841;0.338731;0.304447;0.265553;0.216868;0.168529;0.123219;0.083484;0.055766
1080.1;0.050566;0.62;0.987487;0.878594;0.818975;0.714770;0.596157;0.471668;0.357250;0.257027;0.172826;0.112526
868.1;0.02898;0.81;1.281433;1.180578;1.106314;0.979571;0.822277;0.640891;0.479440;0.330080;0.218537;0.143730
619.6;0.025953;0.51;0.636406;0.593171;0.570095;0.527201;0.471935;0.399613;0.318491;0.237016;0.167560;0.115606
1197.3;0.059303;0.4;0.664080;0.597170;0.571412;0.523233;0.470791;0.394897;0.313169;0.225416;0.144962;0.087957
501.8;0.045909;0.81;0.626462;0.559117;0.515723;0.441918;0.358230;0.273742;0.198751;0.136565;0.087617;0.055320
887.2;0.030659;0.3;0.763262;0.709519;0.686327;0.639802;0.581321;0.501867;0.401800;0.306171;0.215526;0.145486
844.5;0.014932;0.23;0.661924;0.635524;0.619176;0.588423;0.546863;0.486287;0.424991;0.354602;0.280545;0.221229
648.5;0.046728;0.63;0.592139;0.532487;0.497097;0.438155;0.376394;0.305994;0.233146;0.168110;0.109906;0.069199
428;0.041865;0.3;0.358960;0.329456;0.314388;0.284645;0.247291;0.201909;0.150198;0.103803;0.064814;0.039237
322.6;0.013692;0.23;0.254736;0.244042;0.236930;0.223699;0.205624;0.180475;0.151134;0.121363;0.096583;0.077818
679;0.016025;0.32;0.597603;0.568754;0.552947;0.520734;0.476900;0.425223;0.363503;0.292894;0.224225;0.170047
465.7;0.05908;0.34;0.276627;0.246847;0.235900;0.213496;0.187241;0.149842;0.108643;0.072335;0.043481;0.026297
953.2;0.03484;0.1;0.742343;0.683418;0.664388;0.623261;0.566011;0.494705;0.396449;0.296099;0.199680;0.127581
633.3;0.011121;0.28;0.408605;0.394470;0.384163;0.364316;0.336175;0.298474;0.263295;0.224717;0.188532;0.160970
1057.4;0.012692;0.64;0.845014;0.812450;0.778036;0.717859;0.647474;0.559104;0.459642;0.368268;0.289297;0.232859
960.8;0.017044;0.89;1.201780;1.124458;1.069991;0.977827;0.855798;0.704977;0.548956;0.404700;0.288871;0.202264
813.9;0.054674;0.3;0.490928;0.442363;0.426996;0.393972;0.350520;0.293054;0.219151;0.152493;0.094883;0.055792
459.2;0.033291;0.6;0.479136;0.438873;0.414915;0.375629;0.327046;0.269869;0.210015;0.153212;0.103657;0.067359
538.8;0.034723;0.49;0.518224;0.476891;0.454365;0.412808;0.361762;0.303487;0.237179;0.172447;0.115904;0.074720
1132.1;0.013389;0.34;0.760087;0.736321;0.717244;0.682568;0.634630;0.571355;0.490993;0.404808;0.335872;0.279500
501.4;0.054882;0.58;0.369272;0.332449;0.316158;0.285986;0.249623;0.204696;0.152159;0.105100;0.065706;0.038895
636.2;0.024428;0.53;0.659525;0.613972;0.585903;0.540830;0.487690;0.416769;0.333073;0.250603;0.177657;0.124492
378.8;0.023452;0.2;0.425465;0.395894;0.379167;0.347316;0.306395;0.258450;0.203955;0.151202;0.103570;0.070538
876.1;0.03971;0.54;0.826608;0.744203;0.697744;0.620128;0.538249;0.437470;0.342098;0.253187;0.173130;0.113224
462.6;0.033794;0.22;0.446030;0.408589;0.390326;0.356263;0.312895;0.260154;0.197255;0.140516;0.090471;0.056569
340.5;0.028416;0.31;0.364024;0.334610;0.319307;0.292273;0.257944;0.213668;0.166348;0.119305;0.079778;0.052074
950.9;0.042781;0.52;0.830841;0.746527;0.700870;0.627587;0.542115;0.443319;0.346776;0.256323;0.175226;0.114290
612.7;0.05691;0.75;0.601582;0.529628;0.486312;0.419999;0.348074;0.269343;0.198720;0.136837;0.087445;0.053995
894.6;0.041021;0.67;1.014202;0.914231;0.848147;0.736601;0.612506;0.484370;0.357856;0.257907;0.173607;0.114215
645.5;0.024142;0.5;0.656590;0.612818;0.586420;0.544011;0.492474;0.422811;0.339327;0.255815;0.181979;0.127781
864.6;0.020259;0.82;1.169333;1.098953;1.032343;0.920278;0.796654;0.648064;0.498653;0.360057;0.252331;0.174068
319.5;0.031957;0.86;0.416055;0.381741;0.353810;0.308599;0.257261;0.205450;0.152149;0.107442;0.071110;0.047247
1119.5;0.011363;0.47;0.697307;0.674137;0.652132;0.616655;0.571251;0.508663;0.435691;0.361987;0.296536;0.253570
1020.5;0.053809;0.33;0.597241;0.541346;0.521422;0.484373;0.439609;0.369426;0.290324;0.205352;0.130672;0.079932
971.3;0.040505;0.84;1.395166;1.262693;1.182761;1.041355;0.871003;0.665419;0.474966;0.314393;0.200039;0.126593
1031.8;0.02018;0.5;1.002395;0.946947;0.904400;0.829114;0.737613;0.632300;0.516230;0.410846;0.305592;0.223157
645;0.035996;0.8;0.904692;0.823842;0.764674;0.664649;0.547870;0.417976;0.306091;0.210080;0.138746;0.090774
855.6;0.012691;0.27;0.601168;0.579885;0.565357;0.538699;0.500899;0.448220;0.383690;0.327193;0.269190;0.223699
817.9;0.053109;0.19;0.489015;0.440646;0.425542;0.391852;0.349923;0.289464;0.214104;0.147994;0.091789;0.053861
777;0.032147;0.2;0.685435;0.630535;0.609859;0.567532;0.511155;0.437585;0.349630;0.260230;0.176148;0.114390
547.6;0.0374;0.56;0.525096;0.481199;0.456600;0.411118;0.357670;0.297097;0.231194;0.166769;0.111649;0.071804
523.8;0.038343;0.47;0.473224;0.430851;0.410684;0.375787;0.333021;0.276812;0.214036;0.153982;0.100120;0.062995
706.5;0.04402;0.4;0.539330;0.490222;0.470738;0.433385;0.386877;0.326025;0.250593;0.180641;0.117031;0.072460
504.9;0.028569;0.7;0.592204;0.547580;0.516815;0.464681;0.402008;0.327681;0.253494;0.183575;0.127055;0.086094
1024;0.013911;0.46;0.780622;0.754043;0.729527;0.684829;0.626749;0.553283;0.465161;0.376552;0.302594;0.246236
1187.5;0.032818;0.66;1.443006;1.320190;1.234241;1.086770;0.924680;0.744873;0.555601;0.397315;0.268787;0.183681
327;0.012392;0.84;0.164730;0.158888;0.154618;0.147274;0.136711;0.122594;0.105324;0.087656;0.072901;0.062127
782.1;0.046913;0.76;0.948990;0.841367;0.773654;0.667793;0.550414;0.418015;0.303041;0.209047;0.137782;0.088519
378.4;0.0119;0.13;0.234449;0.225805;0.220420;0.209870;0.194384;0.174405;0.150469;0.125961;0.103761;0.087657
1190.2;0.047119;0.81;1.526732;1.367498;1.279505;1.118619;0.932029;0.725751;0.513706;0.343272;0.216114;0.138851
360.3;0.056872;0.61;0.266918;0.239271;0.228278;0.206963;0.178891;0.142539;0.105335;0.071418;0.043248;0.025612
1145.5;0.035668;0.11;0.805811;0.740761;0.724714;0.686993;0.635148;0.556376;0.458178;0.349270;0.238962;0.157102
316.4;0.022045;0.88;0.364050;0.341255;0.321602;0.288403;0.249208;0.208082;0.161666;0.117262;0.082356;0.057386
915.5;0.022998;0.41;0.849852;0.795454;0.761278;0.700162;0.638344;0.562780;0.468525;0.363664;0.262459;0.188886
1005.4;0.047949;0.42;0.703772;0.633566;0.601187;0.548233;0.489438;0.412816;0.326036;0.240647;0.159080;0.100246
780.7;0.059667;0.51;0.486718;0.440456;0.421164;0.382939;0.337640;0.281065;0.212421;0.149394;0.093873;0.055202
1096.8;0.027835;0.54;1.165061;1.076601;1.013601;0.905887;0.786521;0.660691;0.523809;0.391707;0.275713;0.193196
446;0.043614;0.51;0.382250;0.347560;0.330981;0.300891;0.265281;0.216478;0.165165;0.114684;0.072938;0.045200
1014.9;0.031576;0.15;0.793802;0.739850;0.721667;0.682225;0.630469;0.549584;0.448985;0.342060;0.240367;0.161497
580.1;0.04472;0.29;0.442855;0.402796;0.387743;0.355900;0.313664;0.257071;0.194330;0.134177;0.083530;0.051060
775.7;0.022839;0.19;0.711361;0.674755;0.660097;0.625979;0.579973;0.510227;0.420381;0.320065;0.233642;0.165219
449.1;0.010488;0.18;0.218665;0.212947;0.209004;0.199718;0.187654;0.171755;0.152300;0.132106;0.113068;0.099475
841.8;0.036614;0.81;1.225943;1.093664;1.019124;0.898109;0.749122;0.575409;0.412400;0.279358;0.181922;0.117452
536.7;0.02397;0.13;0.579699;0.541355;0.521863;0.482934;0.432772;0.364397;0.291435;0.216873;0.151745;0.102693
888.7;0.057312;0.77;0.956408;0.847094;0.782477;0.669566;0.543977;0.415852;0.295860;0.204802;0.132511;0.084237
920.3;0.055322;0.51;0.624547;0.558269;0.530172;0.479263;0.422411;0.348750;0.271827;0.193714;0.125797;0.077443
973.3;0.029634;0.19;0.790394;0.739972;0.723144;0.683001;0.630661;0.551654;0.446367;0.344478;0.244916;0.165572
705.5;0.011243;0.49;0.446370;0.432195;0.419567;0.396960;0.367019;0.325468;0.278294;0.233681;0.196810;0.168215
375.4;0.043572;0.58;0.334701;0.304424;0.288789;0.261655;0.228853;0.185728;0.141434;0.098231;0.062333;0.038763
506.1;0.051859;0.17;0.314438;0.285749;0.273932;0.248889;0.215698;0.172984;0.126590;0.085184;0.051549;0.030713
437.1;0.012847;0.62;0.299677;0.288318;0.279299;0.264274;0.243456;0.214926;0.183087;0.153041;0.123739;0.101898
1043.2;0.032516;0.47;0.971724;0.897896;0.853466;0.775531;0.682727;0.569874;0.451640;0.337564;0.239957;0.163737
784.5;0.039124;0.79;1.074504;0.980041;0.909594;0.790245;0.649333;0.494924;0.357663;0.244568;0.159673;0.104348
1196.5;0.044332;0.31;0.793768;0.720256;0.690973;0.633728;0.572362;0.493941;0.399703;0.297480;0.203415;0.131431
370.4;0.045972;0.76;0.377595;0.338932;0.315320;0.276615;0.235105;0.187816;0.139731;0.098015;0.063313;0.039548
698.4;0.042502;0.36;0.540318;0.492279;0.473909;0.437249;0.390924;0.329841;0.253948;0.182832;0.118115;0.073209
396;0.046346;0.85;0.504493;0.455526;0.417392;0.354111;0.285256;0.218030;0.155925;0.106718;0.067472;0.042102
1165.7;0.028692;0.3;0.917981;0.857933;0.832163;0.783316;0.721318;0.633160;0.523306;0.402588;0.294111;0.207588
304.2;0.039079;0.87;0.394877;0.352424;0.324514;0.281754;0.231787;0.178042;0.131124;0.089932;0.058752;0.037536
997.4;0.015806;0.51;0.875067;0.834295;0.800922;0.742813;0.671932;0.584957;0.484175;0.383802;0.301092;0.234512
1035.6;0.012883;0.55;0.780827;0.751566;0.724607;0.680161;0.619246;0.539202;0.452047;0.365235;0.288895;0.237519
376;0.024241;0.72;0.414410;0.386713;0.368552;0.336957;0.297967;0.249020;0.196151;0.144750;0.102295;0.071556
659.8;0.039749;0.35;0.540040;0.491803;0.474059;0.437637;0.391978;0.329273;0.255433;0.184024;0.119192;0.074369
533.9;0.058108;0.15;0.275359;0.247346;0.237703;0.217316;0.191397;0.153021;0.111141;0.074359;0.045027;0.026782
1020.1;0.019289;0.14;0.781177;0.742976;0.725636;0.691981;0.660940;0.609259;0.531452;0.434798;0.330706;0.247101
688.3;0.019652;0.75;0.823802;0.775263;0.732779;0.661076;0.573425;0.476347;0.372309;0.280716;0.201368;0.143818
1119.6;0.027082;0.43;1.036027;0.957837;0.910550;0.831323;0.744321;0.643801;0.524186;0.402350;0.288690;0.204368
463.7;0.056645;0.41;0.303759;0.273119;0.261649;0.237437;0.205951;0.165916;0.121061;0.081665;0.049040;0.028547
537.4;0.029533;0.52;0.559423;0.516812;0.492945;0.449234;0.397258;0.332638;0.260430;0.192763;0.133049;0.089419
431;0.023661;0.81;0.537739;0.499123;0.468205;0.417342;0.357795;0.296966;0.229870;0.167042;0.115471;0.080110
422.5;0.017597;0.42;0.414312;0.393740;0.381398;0.359058;0.329067;0.286544;0.234163;0.180671;0.133170;0.099484
1082.4;0.029855;0.58;1.205921;1.105422;1.035351;0.920452;0.792780;0.656250;0.508195;0.374887;0.260214;0.181288
821.7;0.028736;0.18;0.730039;0.681221;0.664084;0.624053;0.570510;0.490647;0.395406;0.299218;0.210264;0.140768
794.9;0.016556;0.37;0.688036;0.654155;0.633410;0.595250;0.547330;0.479756;0.410030;0.334233;0.256414;0.195412
430.5;0.031752;0.22;0.430382;0.397386;0.380112;0.346733;0.304710;0.253418;0.193768;0.138090;0.089173;0.056879
1067.7;0.014576;0.3;0.761725;0.733598;0.714911;0.680959;0.636155;0.570467;0.489223;0.408647;0.334032;0.269614
859.8;0.040731;0.4;0.683131;0.619907;0.592158;0.540500;0.481027;0.408553;0.324525;0.237743;0.160208;0.102886
615.9;0.010549;0.32;0.360190;0.348586;0.339376;0.322395;0.298269;0.265954;0.236243;0.204290;0.173654;0.151022
761.9;0.038663;0.27;0.605954;0.553150;0.532166;0.494831;0.447794;0.378311;0.298371;0.215516;0.141029;0.089365
661.6;0.049486;0.61;0.557690;0.499091;0.468888;0.417467;0.361732;0.295974;0.225090;0.160957;0.104779;0.065341
368.4;0.021768;0.74;0.389572;0.366700;0.348859;0.319408;0.286561;0.243381;0.193563;0.145727;0.103262;0.073858
515.9;0.032401;0.27;0.503323;0.461203;0.439597;0.403867;0.359352;0.299851;0.234076;0.167066;0.110573;0.070736
411;0.038468;0.82;0.537956;0.482634;0.442800;0.380600;0.317026;0.245187;0.180379;0.125731;0.082786;0.053016
465.5;0.01307;0.7;0.322931;0.311455;0.301777;0.284080;0.259956;0.229300;0.192784;0.158130;0.128050;0.105078
516;0.034814;0.53;0.505406;0.464856;0.442283;0.400724;0.349321;0.291864;0.227666;0.165567;0.111409;0.071918
675.5;0.042116;0.88;1.025658;0.930189;0.861802;0.744081;0.605369;0.458273;0.320240;0.211193;0.130461;0.081999
344.7;0.021063;0.55;0.360716;0.339269;0.326606;0.303117;0.272649;0.232571;0.187287;0.140893;0.101546;0.072901
1112.4;0.051853;0.27;0.638498;0.580939;0.562315;0.523165;0.478950;0.408095;0.321432;0.229483;0.148701;0.091535
1150.3;0.058554;0.79;1.240277;1.102403;1.029949;0.895909;0.738505;0.559782;0.398082;0.266650;0.170762;0.109534
741.8;0.052319;0.79;0.875245;0.780689;0.720195;0.616627;0.499046;0.378050;0.270417;0.185036;0.118482;0.074882
740.3;0.0353;0.35;0.641674;0.588549;0.566146;0.521586;0.464187;0.395007;0.312799;0.231260;0.156566;0.100597
603.9;0.023944;0.36;0.608793;0.572224;0.553142;0.515675;0.468374;0.402173;0.323449;0.243120;0.172493;0.119910
1110;0.047331;0.77;1.362949;1.214510;1.130512;0.979864;0.813640;0.630292;0.444424;0.304460;0.196883;0.127103
632.3;0.021847;0.49;0.633233;0.594690;0.570153;0.529366;0.482362;0.419802;0.342503;0.261492;0.186783;0.133229
400.1;0.057867;0.14;0.201086;0.182412;0.175715;0.159924;0.139003;0.110137;0.080565;0.052754;0.032221;0.020542
1002.2;0.041013;0.72;1.224880;1.112680;1.035980;0.902792;0.748044;0.579076;0.420677;0.294411;0.195370;0.129833
650.8;0.040013;0.44;0.553834;0.501996;0.478185;0.437084;0.389622;0.326104;0.255174;0.184614;0.120227;0.076345
517.5;0.01863;0.32;0.515373;0.490406;0.475550;0.448248;0.411681;0.359252;0.293481;0.225158;0.164576;0.120617
995.2;0.051568;0.64;0.914699;0.819496;0.761592;0.660731;0.550867;0.436184;0.328243;0.236132;0.157070;0.101078
580.7;0.011742;0.41;0.395921;0.381874;0.371177;0.351104;0.323297;0.285309;0.246374;0.208694;0.172337;0.144731
461.1;0.047892;0.79;0.524774;0.470532;0.431928;0.368782;0.303110;0.236704;0.172561;0.120651;0.077495;0.048557
605.1;0.057856;0.64;0.454580;0.408058;0.384611;0.344687;0.296516;0.241139;0.180964;0.126867;0.080267;0.047764
489.1;0.027144;0.59;0.529223;0.491886;0.469776;0.428998;0.378541;0.315911;0.247676;0.183410;0.128496;0.086909
759.1;0.041912;0.45;0.620362;0.561071;0.533614;0.483430;0.430928;0.361982;0.285164;0.207633;0.136461;0.086921
896.4;0.026669;0.45;0.856422;0.792695;0.758801;0.698480;0.632618;0.543125;0.437739;0.332407;0.237674;0.166345
553.4;0.058792;0.51;0.360082;0.323889;0.309367;0.283826;0.250328;0.201784;0.151441;0.102666;0.062238;0.036256
507.3;0.037772;0.25;0.450155;0.410887;0.393307;0.359022;0.317752;0.261039;0.198179;0.138784;0.089175;0.054935
940;0.052315;0.22;0.553557;0.502263;0.488006;0.454900;0.409366;0.341977;0.262593;0.182871;0.114010;0.068797
862.1;0.030403;0.83;1.290795;1.200046;1.122740;0.989305;0.826724;0.647240;0.476619;0.323025;0.211260;0.137853
894.4;0.051315;0.41;0.584264;0.529468;0.508433;0.466951;0.419465;0.352005;0.275120;0.195281;0.126589;0.077969
342.8;0.05956;0.76;0.282879;0.253108;0.236471;0.209258;0.179047;0.141141;0.104100;0.070510;0.043291;0.025559
613.9;0.036197;0.86;0.942797;0.849188;0.788864;0.686944;0.564748;0.427174;0.306217;0.203937;0.131832;0.084155
706.2;0.056272;0.82;0.842764;0.747978;0.687161;0.583730;0.468376;0.354386;0.247554;0.168418;0.106932;0.066856
516.8;0.046951;0.77;0.583712;0.526313;0.485071;0.415655;0.341328;0.266926;0.195900;0.137481;0.088661;0.055823
943.5;0.038372;0.65;1.069406;0.971888;0.906157;0.794454;0.664483;0.526117;0.391812;0.282811;0.192348;0.129083
1070.6;0.058439;0.24;0.554988;0.503896;0.488245;0.453756;0.407962;0.345733;0.262002;0.183121;0.114061;0.066805
553.4;0.051225;0.29;0.373000;0.337043;0.322381;0.295752;0.260921;0.210212;0.155700;0.104636;0.064890;0.038262
957.9;0.05798;0.45;0.577241;0.519471;0.496770;0.456029;0.405894;0.337629;0.263494;0.187558;0.119394;0.070839
424;0.042317;0.12;0.331019;0.298880;0.284231;0.257056;0.224844;0.180196;0.132278;0.090091;0.056226;0.033416
1053.1;0.028979;0.31;0.859283;0.806578;0.783017;0.734520;0.673411;0.586967;0.481403;0.367821;0.265221;0.184803
424.7;0.033829;0.88;0.627479;0.578870;0.535432;0.463181;0.379725;0.288125;0.210068;0.141945;0.092322;0.059459
829.4;0.055594;0.35;0.497108;0.450282;0.434477;0.400770;0.356883;0.299211;0.225632;0.157671;0.098509;0.057967
629.5;0.010743;0.56;0.354717;0.343936;0.334313;0.317776;0.294692;0.262925;0.227565;0.192936;0.164144;0.142727
1026.1;0.017835;0.59;1.049293;0.987154;0.937726;0.856170;0.760613;0.644816;0.521503;0.402131;0.305071;0.227433
753.4;0.033578;0.82;1.124683;1.020211;0.945086;0.820492;0.690480;0.535953;0.382311;0.263818;0.171493;0.110941
740.6;0.03715;0.42;0.640085;0.586381;0.561971;0.513978;0.454147;0.383635;0.303038;0.223424;0.151145;0.097351
1089.3;0.012985;0.65;0.903652;0.868310;0.830077;0.763158;0.685651;0.590638;0.482582;0.385162;0.300027;0.239183
617.8;0.042902;0.26;0.479932;0.436908;0.419616;0.386513;0.344490;0.282801;0.215865;0.148664;0.094606;0.058196
704.5;0.054482;0.15;0.401747;0.364029;0.352030;0.324038;0.286014;0.229272;0.170335;0.113896;0.070257;0.041573
1167.2;0.015482;0.6;1.089319;1.035578;0.991285;0.914347;0.816223;0.694152;0.567094;0.443032;0.334966;0.262144
338.1;0.031889;0.65;0.361692;0.331566;0.314123;0.283066;0.245827;0.203687;0.158516;0.115261;0.078243;0.051217
1175.7;0.024012;0.34;0.984563;0.920058;0.882802;0.816722;0.745545;0.663293;0.561699;0.443850;0.326452;0.236395
470.3;0.059262;0.56;0.317301;0.284863;0.272970;0.249326;0.217532;0.174155;0.129837;0.088007;0.053039;0.030891
900.4;0.040438;0.35;0.692083;0.628131;0.602312;0.552937;0.496523;0.424340;0.338492;0.248469;0.167493;0.107418
827.8;0.022687;0.75;1.092631;1.021352;0.958642;0.853373;0.730330;0.595404;0.452805;0.335669;0.231567;0.160321
907.6;0.016631;0.39;0.766346;0.730159;0.706607;0.663968;0.607946;0.536429;0.451215;0.370703;0.287520;0.220505
624.9;0.03725;0.66;0.691868;0.625962;0.583420;0.511958;0.437708;0.350724;0.267342;0.194167;0.130896;0.084919
858.3;0.05139;0.61;0.737039;0.656321;0.609940;0.534382;0.455503;0.368270;0.280439;0.203088;0.134153;0.084893
317.3;0.051667;0.26;0.208237;0.187148;0.177672;0.160796;0.139037;0.109916;0.079911;0.053287;0.032448;0.020043
375.5;0.020186;0.58;0.380802;0.359551;0.347090;0.323873;0.293243;0.252217;0.203574;0.155120;0.111850;0.081172
1177.3;0.037221;0.17;0.806062;0.740947;0.723377;0.681898;0.628085;0.548205;0.451315;0.344884;0.237054;0.155297
886.2;0.053747;0.54;0.645094;0.576125;0.542707;0.487898;0.425545;0.351229;0.271419;0.194526;0.127582;0.079231
508.1;0.01605;0.78;0.481255;0.459533;0.439165;0.405135;0.360856;0.308012;0.249181;0.192301;0.145971;0.110430
663.1;0.052818;0.13;0.389136;0.353788;0.341694;0.313880;0.276290;0.221005;0.163879;0.109467;0.067835;0.040143
409.8;0.054989;0.36;0.268129;0.243523;0.232654;0.209820;0.181254;0.145826;0.105148;0.070930;0.042792;0.025349
541.6;0.020893;0.67;0.587109;0.554139;0.527125;0.479939;0.424028;0.359807;0.292204;0.221175;0.158879;0.112911
532.1;0.013849;0.79;0.427003;0.409710;0.392371;0.363555;0.328693;0.283625;0.233758;0.185365;0.143860;0.115288
598.5;0.033711;0.5;0.584299;0.535990;0.508841;0.464093;0.408897;0.339771;0.267503;0.197091;0.133625;0.086572
437;0.051751;0.9;0.613519;0.551912;0.504144;0.424284;0.335325;0.248455;0.169764;0.111488;0.068070;0.041394
613.2;0.03347;0.44;0.582590;0.535217;0.511284;0.468733;0.414056;0.347524;0.273798;0.201864;0.136645;0.088334
409.5;0.030689;0.31;0.420928;0.387073;0.369203;0.338165;0.299330;0.247950;0.192644;0.137532;0.091091;0.058585
1095.7;0.035137;0.48;1.007762;0.930137;0.880516;0.792582;0.690344;0.570931;0.447046;0.335703;0.237181;0.161754
384.9;0.016272;0.23;0.383737;0.364461;0.353139;0.331478;0.301742;0.260870;0.212537;0.163734;0.124140;0.093671
1137;0.016614;0.23;0.818351;0.781296;0.764170;0.728967;0.682470;0.615960;0.535943;0.454775;0.363567;0.285031
659.1;0.053524;0.31;0.422114;0.379350;0.364599;0.333354;0.297781;0.243211;0.180656;0.122872;0.076182;0.044796
342.7;0.040148;0.71;0.348946;0.314447;0.295034;0.263138;0.227582;0.185374;0.140495;0.100261;0.065365;0.041408
608.1;0.023265;0.59;0.655976;0.609412;0.577057;0.527775;0.471732;0.404285;0.324080;0.244159;0.172299;0.121570
962.4;0.05324;0.87;1.277737;1.113852;1.039628;0.916282;0.764957;0.580050;0.402148;0.262447;0.162158;0.099626
1015.2;0.012905;0.72;0.876497;0.841777;0.802696;0.735027;0.654283;0.560466;0.454491;0.359556;0.278045;0.219930
790.4;0.032888;0.56;0.816047;0.753412;0.711089;0.638752;0.553780;0.456367;0.353608;0.261787;0.181965;0.122642
917.6;0.04611;0.46;0.694262;0.627585;0.594541;0.535704;0.473993;0.397583;0.313391;0.230480;0.152447;0.096259
1104.3;0.02695;0.33;0.913980;0.851278;0.822634;0.770315;0.710278;0.623939;0.515583;0.399655;0.290646;0.205966
349.3;0.030061;0.7;0.388982;0.356841;0.336529;0.302042;0.264466;0.217154;0.168189;0.123480;0.084274;0.056770
573.3;0.036349;0.18;0.508474;0.465068;0.446174;0.409775;0.361830;0.302014;0.229003;0.163185;0.104662;0.064505
341.6;0.054712;0.19;0.194948;0.176031;0.168778;0.153274;0.132348;0.103759;0.076240;0.049890;0.030599;0.019374
475.9;0.048918;0.69;0.434278;0.389903;0.364399;0.324383;0.278091;0.223690;0.169202;0.118017;0.075909;0.047054
948.1;0.013468;0.38;0.688900;0.665657;0.646600;0.612106;0.567302;0.504747;0.429007;0.353568;0.289382;0.237039
949.6;0.023939;0.56;1.031866;0.953344;0.901730;0.817080;0.713641;0.596617;0.484218;0.367713;0.262895;0.184664
1090;0.028968;0.34;0.903751;0.841245;0.813731;0.761182;0.694999;0.603960;0.494518;0.376646;0.273096;0.191372
824.2;0.053234;0.67;0.764188;0.679448;0.627746;0.542866;0.454654;0.360622;0.269281;0.192718;0.126800;0.080122
363.6;0.030998;0.39;0.376772;0.345707;0.329867;0.301095;0.265887;0.220106;0.170809;0.122252;0.080769;0.052194
1130.5;0.021994;0.67;1.375568;1.278944;1.204680;1.087175;0.941575;0.771833;0.600423;0.447162;0.319844;0.225176
1189.2;0.057316;0.81;1.345531;1.186784;1.112438;0.975352;0.810109;0.611589;0.434732;0.287140;0.183455;0.116957
334;0.048184;0.64;0.287652;0.260863;0.247446;0.222081;0.191967;0.156389;0.115977;0.080521;0.050820;0.030665
1096.7;0.037941;0.65;1.253437;1.138046;1.065572;0.940174;0.790384;0.618316;0.463268;0.328656;0.225629;0.152049
1122;0.019192;0.66;1.280230;1.207192;1.141471;1.030780;0.899171;0.750022;0.592093;0.445246;0.327350;0.237406
1016.6;0.034897;0.74;1.363681;1.229818;1.145069;1.004969;0.852347;0.668962;0.483338;0.338405;0.224894;0.148734
388.8;0.035892;0.63;0.396320;0.363062;0.342985;0.306936;0.267754;0.221041;0.170808;0.122299;0.081301;0.052482
535.7;0.059712;0.52;0.345988;0.310739;0.297670;0.273082;0.239788;0.192393;0.144407;0.097829;0.058841;0.034062
601.8;0.052743;0.37;0.405673;0.365122;0.350156;0.319667;0.284011;0.232544;0.172599;0.118015;0.073268;0.043083
911.8;0.05812;0.85;1.105505;0.985532;0.917870;0.794825;0.649635;0.486670;0.340002;0.222333;0.137971;0.086057
422.9;0.043947;0.3;0.342434;0.311348;0.296387;0.267312;0.233580;0.189497;0.139022;0.095956;0.059864;0.035702
949.1;0.030175;0.51;0.949943;0.872572;0.823544;0.751215;0.663386;0.554488;0.437741;0.324849;0.229920;0.158708
396.1;0.056749;0.69;0.313832;0.281695;0.265363;0.237183;0.205046;0.164857;0.122133;0.083036;0.051864;0.030727
888.4;0.033974;0.3;0.739298;0.679247;0.654309;0.608007;0.550487;0.467556;0.378677;0.285181;0.194936;0.129076
744.8;0.02159;0.78;0.982294;0.920291;0.864548;0.771798;0.659767;0.540429;0.412679;0.304875;0.211689;0.147530
1001.1;0.029815;0.53;1.038235;0.949084;0.893957;0.803122;0.708650;0.591258;0.462781;0.345144;0.243614;0.169021
943.5;0.045254;0.83;1.292765;1.164126;1.084288;0.940847;0.774013;0.595538;0.418088;0.279165;0.175814;0.111624
1113.3;0.037928;0.38;0.888694;0.808052;0.770171;0.700985;0.625852;0.527709;0.423376;0.322340;0.223456;0.149969
1101.8;0.047832;0.85;1.485001;1.327263;1.241351;1.084489;0.902959;0.704119;0.495726;0.326843;0.201200;0.126799
600.7;0.059774;0.84;0.713499;0.623379;0.569749;0.479250;0.388757;0.289269;0.202083;0.134250;0.084533;0.052173
928.9;0.058122;0.57;0.658484;0.584901;0.551425;0.492331;0.426730;0.346709;0.268240;0.191383;0.124001;0.076216
478;0.036753;0.18;0.433029;0.393848;0.375199;0.343066;0.301833;0.246267;0.186643;0.129399;0.082868;0.051137
327.5;0.058194;0.39;0.200373;0.182752;0.174996;0.158437;0.137020;0.107343;0.078427;0.051124;0.030751;0.019543
969.7;0.015781;0.32;0.757995;0.724595;0.706197;0.669382;0.619682;0.551433;0.468393;0.391726;0.310535;0.242491
750;0.012572;0.31;0.545470;0.526150;0.511713;0.485429;0.448446;0.398455;0.341366;0.288489;0.235494;0.194845
731.9;0.025217;0.28;0.694498;0.649918;0.630476;0.592114;0.541469;0.468605;0.379273;0.287661;0.204168;0.141165
1114.3;0.03901;0.1;0.754044;0.691822;0.675049;0.634243;0.589923;0.515976;0.416723;0.308776;0.207957;0.132501
848.9;0.036548;0.81;1.237207;1.104025;1.027579;0.906284;0.756590;0.581670;0.416562;0.282374;0.183763;0.118668
855.9;0.05506;0.46;0.549775;0.496615;0.474156;0.434788;0.387631;0.320995;0.250067;0.176900;0.112622;0.067702
1073.5;0.037028;0.56;1.084422;0.991828;0.931165;0.826453;0.704823;0.568834;0.435235;0.321035;0.223364;0.151796
1024.9;0.031599;0.35;0.862837;0.799281;0.768940;0.712262;0.643284;0.553316;0.445530;0.340331;0.242497;0.165288
464.6;0.045621;0.89;0.686671;0.610769;0.556444;0.474942;0.384122;0.283362;0.198066;0.129341;0.081478;0.050362
515.9;0.010834;0.87;0.252716;0.245684;0.237062;0.223081;0.204350;0.181389;0.156321;0.130874;0.109776;0.094961
1097.9;0.050046;0.63;1.033856;0.915107;0.853960;0.746567;0.622203;0.487125;0.368080;0.264071;0.178143;0.116612
325.8;0.017125;0.68;0.285533;0.271346;0.261604;0.244826;0.224490;0.197400;0.163353;0.127157;0.095731;0.072307
740.9;0.033924;0.37;0.660793;0.606854;0.581218;0.536916;0.479664;0.404617;0.322738;0.240193;0.163189;0.105998
451.1;0.022842;0.52;0.475368;0.447917;0.430882;0.398881;0.358980;0.305729;0.244794;0.182556;0.130104;0.091571
1180.8;0.028455;0.32;0.944446;0.882130;0.851119;0.798145;0.733308;0.642577;0.529885;0.409331;0.298429;0.211328
941.4;0.043088;0.67;1.042680;0.936255;0.868323;0.751246;0.628747;0.492143;0.363680;0.261454;0.176129;0.115317
750.4;0.01848;0.72;0.860545;0.806003;0.759933;0.692180;0.606700;0.503987;0.400477;0.302161;0.222544;0.160726
724;0.023939;0.16;0.695431;0.656431;0.639068;0.601473;0.552283;0.479777;0.388154;0.296010;0.210953;0.146411
353.7;0.019911;0.28;0.385782;0.364974;0.350084;0.323851;0.291119;0.247111;0.196382;0.149133;0.107261;0.076237
913.8;0.019754;0.26;0.768439;0.726655;0.705277;0.664621;0.620511;0.561741;0.481968;0.386169;0.288321;0.212107
338.2;0.026342;0.6;0.367979;0.340558;0.324460;0.296086;0.262599;0.218997;0.172077;0.127778;0.088838;0.060852
364.3;0.054017;0.68;0.296391;0.267093;0.252041;0.225708;0.195095;0.157632;0.116561;0.079764;0.049925;0.029714
769.5;0.033555;0.77;1.070683;0.971108;0.898759;0.788873;0.663153;0.516964;0.376658;0.261869;0.174439;0.114953
387.1;0.030198;0.12;0.396931;0.366456;0.349622;0.317628;0.278022;0.230331;0.174405;0.124495;0.080365;0.051135
1036.3;0.018962;0.26;0.820956;0.779236;0.757424;0.718312;0.665294;0.598861;0.522384;0.428456;0.327273;0.243700
1035.8;0.058446;0.48;0.640457;0.575042;0.547297;0.495494;0.439426;0.364045;0.285570;0.204809;0.131983;0.080116
950.2;0.030373;0.4;0.847214;0.787028;0.755908;0.697932;0.627605;0.535022;0.430655;0.325352;0.231620;0.157716
434.9;0.052224;0.37;0.302033;0.274830;0.263154;0.239162;0.207702;0.165665;0.122296;0.082341;0.049757;0.029370
893.6;0.040766;0.15;0.637789;0.586459;0.571158;0.534514;0.486811;0.414773;0.324775;0.234158;0.150573;0.094407
766.7;0.028831;0.71;0.998778;0.915034;0.851335;0.748329;0.634263;0.515659;0.389826;0.280706;0.189880;0.130057
1175.7;0.053859;0.42;0.739525;0.659589;0.627437;0.570675;0.507606;0.428816;0.336036;0.248357;0.165074;0.103232
884.1;0.049243;0.64;0.831718;0.745999;0.693634;0.603539;0.504321;0.401944;0.304202;0.218847;0.144702;0.092752
1020.3;0.033248;0.54;1.034652;0.947947;0.896053;0.806224;0.698779;0.571811;0.445098;0.327643;0.230809;0.156876
708.4;0.050699;0.14;0.444369;0.401052;0.385540;0.352369;0.314167;0.255906;0.188499;0.128621;0.079782;0.046853
689.2;0.054922;0.35;0.433847;0.390056;0.375140;0.343813;0.306875;0.252176;0.188045;0.128522;0.079730;0.046885
375.1;0.026716;0.85;0.490941;0.451283;0.419909;0.373740;0.320745;0.257579;0.192465;0.138623;0.093582;0.063338
419.9;0.039832;0.4;0.374033;0.342750;0.326711;0.298047;0.261978;0.213272;0.162354;0.112101;0.072033;0.044528
456;0.0551;0.59;0.338973;0.304739;0.289355;0.261842;0.229309;0.186132;0.138492;0.094272;0.058769;0.034673
651.8;0.045103;0.55;0.549835;0.494687;0.467030;0.421394;0.370437;0.306863;0.236047;0.170530;0.111380;0.069596
1048.2;0.028873;0.76;1.461415;1.340188;1.260973;1.123941;0.951931;0.748297;0.563966;0.394959;0.264162;0.175407
354.4;0.057705;0.16;0.182390;0.164272;0.157929;0.143286;0.123853;0.098757;0.071612;0.047188;0.028466;0.018538
659.3;0.037141;0.81;0.936134;0.852520;0.789977;0.685241;0.562222;0.427508;0.310508;0.212074;0.138771;0.090408
774.2;0.037005;0.55;0.759349;0.689785;0.649292;0.578665;0.503878;0.412120;0.321032;0.237637;0.161952;0.106134
675.1;0.025555;0.26;0.662830;0.618524;0.598566;0.559610;0.508374;0.437233;0.348795;0.264965;0.186920;0.126436
891.2;0.013562;0.28;0.646665;0.625000;0.609398;0.580935;0.539994;0.482427;0.411724;0.349456;0.284460;0.231974
865.2;0.019099;0.66;0.971762;0.909143;0.858228;0.782572;0.686899;0.573357;0.456330;0.348395;0.256881;0.186107
562.8;0.014649;0.58;0.476230;0.455835;0.440219;0.412280;0.374814;0.326943;0.271708;0.220879;0.172653;0.135047
688.5;0.033174;0.57;0.714492;0.657668;0.620369;0.556938;0.482508;0.400166;0.309223;0.228272;0.157141;0.105145
605.5;0.016363;0.61;0.568454;0.540647;0.518689;0.480896;0.433597;0.374759;0.307129;0.245115;0.185964;0.141302
1156.5;0.010432;0.4;0.615227;0.599144;0.583628;0.558091;0.521744;0.470472;0.410468;0.348999;0.295581;0.260225
1128.3;0.046354;0.23;0.693522;0.627713;0.610503;0.572910;0.525330;0.453693;0.361588;0.266183;0.173930;0.108168
347.4;0.027706;0.41;0.377041;0.347620;0.330918;0.300969;0.265669;0.222646;0.173783;0.126786;0.086189;0.056439
964.1;0.049022;0.74;1.110660;0.981035;0.905599;0.787444;0.652510;0.496511;0.359228;0.248089;0.164412;0.106336
542.2;0.031833;0.42;0.537221;0.492450;0.471435;0.431073;0.380682;0.319996;0.251165;0.184635;0.124750;0.080554
680.6;0.031828;0.7;0.841093;0.765766;0.717265;0.636794;0.541487;0.431796;0.327175;0.233418;0.159840;0.106753
793.1;0.012461;0.34;0.564748;0.544039;0.529113;0.502870;0.465414;0.413987;0.351109;0.297672;0.244545;0.203363
1148.5;0.012482;0.61;0.887637;0.852301;0.817412;0.756924;0.680514;0.591808;0.489308;0.394107;0.311424;0.252123
676;0.014555;0.81;0.648062;0.621541;0.592642;0.542867;0.478756;0.402874;0.324852;0.251748;0.188067;0.145609
1184.7;0.039702;0.27;0.826421;0.749823;0.723526;0.673198;0.610318;0.526982;0.429747;0.328100;0.226361;0.147586
571.3;0.022054;0.48;0.575115;0.543115;0.523125;0.487837;0.444911;0.384578;0.311268;0.236101;0.168698;0.119869
931;0.052068;0.19;0.547173;0.498431;0.483839;0.450314;0.404014;0.337396;0.257332;0.178665;0.111088;0.066844
899.7;0.052861;0.21;0.530378;0.481550;0.466613;0.432821;0.386982;0.323601;0.244766;0.169964;0.105682;0.062881
785.2;0.058181;0.15;0.413441;0.370321;0.357928;0.330314;0.290438;0.234128;0.173959;0.116921;0.071104;0.042131
928.3;0.034445;0.16;0.734744;0.677126;0.657623;0.616169;0.559639;0.484952;0.390374;0.292877;0.198345;0.128130
899.9;0.021016;0.6;0.980572;0.925307;0.876101;0.792215;0.696300;0.584608;0.466112;0.362380;0.261766;0.187755
460.3;0.02131;0.43;0.482533;0.454639;0.439392;0.409683;0.370656;0.317691;0.255835;0.191675;0.138127;0.098253
415.2;0.036839;0.61;0.414058;0.378750;0.358042;0.320732;0.280430;0.231510;0.178883;0.128260;0.084637;0.054280
1199.2;0.048105;0.79;1.486241;1.324052;1.236364;1.077055;0.896738;0.699523;0.492958;0.332926;0.212527;0.136404
454;0.027378;0.71;0.523467;0.487818;0.462199;0.417148;0.363120;0.297438;0.231208;0.168092;0.116806;0.079604
329.3;0.033062;0.88;0.452851;0.414968;0.382958;0.331489;0.273094;0.214914;0.156848;0.109008;0.071022;0.046609
805.1;0.041966;0.73;0.987622;0.887771;0.820540;0.706622;0.583091;0.453834;0.328737;0.233063;0.154653;0.100142
1093.7;0.055867;0.85;1.348489;1.182375;1.109112;0.976529;0.815044;0.617047;0.433105;0.282252;0.176777;0.110034
902.3;0.018079;0.69;1.022457;0.958823;0.906446;0.820580;0.719893;0.601100;0.477649;0.360635;0.267196;0.195398
471.4;0.045782;0.3;0.365530;0.330863;0.315630;0.285965;0.250363;0.203549;0.149446;0.102823;0.064139;0.038104
632;0.038887;0.68;0.712468;0.639230;0.593089;0.516972;0.439772;0.348568;0.264786;0.190771;0.128274;0.083110
714.7;0.031665;0.65;0.827414;0.757666;0.712846;0.636233;0.545682;0.440390;0.338220;0.244140;0.168942;0.113436
1183.5;0.054212;0.72;1.220736;1.076262;1.004381;0.875710;0.723752;0.550414;0.401020;0.277514;0.183558;0.120097
440.8;0.029653;0.7;0.509438;0.469006;0.441798;0.395685;0.341470;0.280619;0.215222;0.157448;0.108275;0.073184
1070;0.018949;0.35;0.890133;0.842186;0.813285;0.762152;0.699962;0.615057;0.524647;0.431168;0.329341;0.246268
880.3;0.041667;0.51;0.769212;0.691370;0.652548;0.587011;0.508943;0.419751;0.329372;0.243320;0.165550;0.107500
638.6;0.0412;0.72;0.749284;0.671505;0.618847;0.535195;0.449251;0.350195;0.261649;0.185824;0.124093;0.080090
471.8;0.026397;0.56;0.507280;0.471643;0.451071;0.413718;0.366349;0.307658;0.241372;0.179718;0.125970;0.085548
685.4;0.050148;0.86;0.946144;0.834502;0.766427;0.663780;0.541643;0.401590;0.280211;0.183241;0.115564;0.071886
733.8;0.059974;0.24;0.392542;0.352723;0.340321;0.313091;0.274810;0.222913;0.164703;0.110949;0.066509;0.039093
408.6;0.059049;0.83;0.430094;0.379358;0.348638;0.297491;0.241647;0.183280;0.131730;0.089249;0.055808;0.033542
830.6;0.016352;0.7;0.871302;0.826271;0.783458;0.715082;0.627817;0.532427;0.425461;0.326124;0.244473;0.185149
503.6;0.021612;0.33;0.530600;0.499462;0.483209;0.450880;0.408356;0.349950;0.281247;0.211577;0.151203;0.106848
646.2;0.011182;0.6;0.391465;0.378945;0.367314;0.346905;0.320150;0.284437;0.243734;0.203564;0.170126;0.146283
824.7;0.040372;0.47;0.701841;0.634156;0.603047;0.546624;0.478101;0.400697;0.316319;0.233141;0.157928;0.102027
526.6;0.01554;0.2;0.486369;0.466055;0.453668;0.430440;0.398091;0.352047;0.293387;0.232133;0.174634;0.134919
561.4;0.030373;0.54;0.585230;0.539049;0.512702;0.465603;0.410051;0.342816;0.267677;0.197941;0.136374;0.091579
855.4;0.054204;0.88;1.150951;1.007709;0.941128;0.823081;0.679925;0.508990;0.353556;0.227118;0.140435;0.086049
538.8;0.037407;0.45;0.490282;0.447492;0.426205;0.389728;0.345916;0.287874;0.224033;0.161126;0.105158;0.066745
1041.9;0.02845;0.57;1.150316;1.058891;0.993664;0.885766;0.763158;0.638398;0.500188;0.371069;0.259081;0.180902
1184.4;0.020417;0.19;0.863389;0.817054;0.798696;0.760742;0.711736;0.656555;0.579430;0.478684;0.367355;0.271880
957.2;0.032047;0.26;0.784321;0.725076;0.702046;0.656212;0.599326;0.518203;0.418764;0.318196;0.223328;0.150360
609.5;0.05781;0.23;0.344322;0.307903;0.295942;0.270272;0.235106;0.190730;0.139090;0.093830;0.056142;0.032922
825.7;0.016201;0.13;0.674497;0.641249;0.626225;0.595104;0.560260;0.511149;0.443454;0.362816;0.282186;0.215323
397;0.033538;0.32;0.393280;0.360673;0.343724;0.312881;0.274166;0.227785;0.172917;0.123315;0.079823;0.050105
1115.7;0.052845;0.28;0.633925;0.575515;0.556471;0.517716;0.473700;0.402147;0.317154;0.225168;0.145637;0.089494
1091.7;0.01217;0.39;0.702149;0.680999;0.662383;0.630363;0.584682;0.523937;0.450239;0.373035;0.307979;0.262347
1036;0.044581;0.21;0.670129;0.607709;0.591582;0.555594;0.508113;0.437484;0.345848;0.252546;0.164170;0.101955
534.7;0.058949;0.9;0.722748;0.637039;0.583220;0.491410;0.391743;0.289112;0.194448;0.126181;0.076677;0.046248
834.9;0.024163;0.51;0.854992;0.794621;0.753908;0.685045;0.611035;0.527569;0.428659;0.326187;0.231815;0.163978
320.3;0.016689;0.41;0.307459;0.290820;0.282302;0.264981;0.241752;0.209194;0.171186;0.132105;0.099833;0.075438
682.7;0.044264;0.3;0.511040;0.464166;0.446542;0.411292;0.369612;0.306808;0.235325;0.164121;0.105060;0.064502
581.4;0.055473;0.39;0.377050;0.337572;0.323310;0.297962;0.263468;0.212529;0.158525;0.106883;0.065516;0.038437
445.3;0.040543;0.42;0.391118;0.357971;0.341527;0.310866;0.274682;0.224497;0.170971;0.118773;0.076285;0.047208
460.9;0.054999;0.84;0.550844;0.486591;0.442023;0.371081;0.301803;0.227106;0.161159;0.107951;0.068122;0.041967
680.6;0.019672;0.5;0.670045;0.630215;0.605403;0.560737;0.503736;0.439071;0.366667;0.285491;0.209209;0.151401
384.8;0.047721;0.59;0.323005;0.293017;0.279147;0.252010;0.218826;0.178641;0.133361;0.092671;0.058422;0.035101
838.7;0.027313;0.1;0.757317;0.704249;0.687037;0.648379;0.595952;0.516130;0.416562;0.318418;0.224751;0.151363
723.8;0.030931;0.57;0.762758;0.705446;0.668105;0.603388;0.526463;0.433637;0.339406;0.250002;0.174513;0.117780
926.4;0.017786;0.72;1.072431;1.007495;0.952921;0.863000;0.749647;0.626386;0.493343;0.371930;0.272515;0.200004
929.9;0.05095;0.63;0.842529;0.753998;0.700452;0.608381;0.510205;0.407625;0.308528;0.222919;0.147935;0.094635
874.7;0.041246;0.52;0.780796;0.701776;0.659155;0.593207;0.513936;0.422081;0.330540;0.244164;0.166520;0.108296
330.2;0.046928;0.76;0.322265;0.289687;0.271687;0.240232;0.205095;0.163257;0.122762;0.084801;0.054455;0.033904
361.9;0.050256;0.87;0.460604;0.411373;0.373350;0.313359;0.252774;0.191134;0.134753;0.090868;0.057126;0.035275
587.6;0.013361;0.35;0.470152;0.452093;0.437578;0.413269;0.378638;0.334094;0.287658;0.237104;0.188012;0.151664
777.8;0.05754;0.74;0.778885;0.683882;0.628443;0.537711;0.444467;0.342738;0.248837;0.173653;0.112946;0.070863
889;0.034879;0.33;0.738293;0.677446;0.651370;0.603209;0.543897;0.460293;0.372012;0.279928;0.191512;0.125824
666.9;0.047757;0.11;0.446252;0.403344;0.387272;0.353637;0.312128;0.254799;0.186726;0.128435;0.079694;0.047318
1038;0.04712;0.18;0.642075;0.583302;0.567598;0.531650;0.485498;0.416202;0.323640;0.232911;0.149990;0.091978
946.5;0.051556;0.36;0.591428;0.537152;0.517164;0.477396;0.432078;0.363797;0.284849;0.201510;0.130293;0.080070
1171.8;0.017825;0.34;0.921112;0.876291;0.847718;0.798707;0.734962;0.652297;0.551348;0.458669;0.359426;0.275796
778.2;0.032865;0.11;0.682546;0.625387;0.603674;0.560147;0.506168;0.434290;0.342996;0.252277;0.169346;0.107749
592.6;0.040905;0.23;0.478148;0.437915;0.419908;0.385667;0.343684;0.282081;0.214753;0.148963;0.095062;0.058376
395.1;0.056609;0.46;0.269330;0.242307;0.231299;0.208720;0.179920;0.144987;0.104839;0.070739;0.042623;0.025459
849.9;0.051754;0.71;0.872626;0.781604;0.723170;0.622344;0.511553;0.397815;0.292936;0.206899;0.135643;0.086585
1000.9;0.054771;0.65;0.895261;0.795126;0.736403;0.636812;0.530237;0.420412;0.313353;0.226422;0.150516;0.096361
681.1;0.039126;0.67;0.762844;0.685712;0.636301;0.554715;0.470463;0.373332;0.282823;0.204355;0.137604;0.089325
381.7;0.039137;0.47;0.352070;0.322536;0.307209;0.278584;0.245099;0.200190;0.152431;0.106186;0.068613;0.042647
539.8;0.052746;0.84;0.679999;0.608006;0.555698;0.468472;0.374046;0.282771;0.197829;0.134366;0.084744;0.052538
438.3;0.011743;0.89;0.238826;0.230262;0.221848;0.208072;0.190269;0.167998;0.141925;0.117954;0.096026;0.080206
552.9;0.054271;0.85;0.703141;0.627787;0.573518;0.483112;0.384319;0.289607;0.200588;0.135418;0.084988;0.052504
696.1;0.030387;0.47;0.684589;0.632782;0.604773;0.553458;0.491381;0.415039;0.325706;0.244137;0.169979;0.114574
774.4;0.011819;0.82;0.573964;0.549542;0.525535;0.484269;0.435900;0.374879;0.306850;0.246872;0.195837;0.160185
711.7;0.047307;0.41;0.515357;0.468038;0.449905;0.412942;0.370140;0.308443;0.238341;0.167642;0.107883;0.066061
1087.8;0.017741;0.58;1.098235;1.034467;0.983527;0.899107;0.796778;0.677612;0.548089;0.423187;0.321590;0.241047
766.2;0.017195;0.55;0.728162;0.692874;0.663702;0.615610;0.552926;0.477731;0.391030;0.312192;0.236274;0.177879
1149.3;0.040298;0.78;1.522435;1.374326;1.290014;1.140304;0.959003;0.738914;0.532367;0.358972;0.233722;0.151549
873.9;0.022724;0.33;0.775871;0.726619;0.702127;0.661718;0.614361;0.546191;0.455728;0.354733;0.256628;0.183910
1161.9;0.026208;0.63;1.390093;1.281472;1.204980;1.079899;0.931511;0.753118;0.586666;0.434101;0.303421;0.208817
516.6;0.03009;0.58;0.552574;0.509111;0.483147;0.437396;0.383340;0.319520;0.248519;0.183329;0.126226;0.084926
908.5;0.030319;0.63;1.069571;0.976829;0.912701;0.806555;0.697430;0.568947;0.433794;0.316892;0.218929;0.149892
560.2;0.02931;0.35;0.561708;0.520265;0.499979;0.461044;0.410390;0.343457;0.272885;0.201812;0.136761;0.090523
904.6;0.04049;0.37;0.702056;0.637565;0.610479;0.559481;0.499382;0.426314;0.339854;0.250461;0.169260;0.108837
925.6;0.018345;0.25;0.759536;0.722243;0.701672;0.664195;0.613809;0.557155;0.483145;0.392683;0.298560;0.222034
361.2;0.019405;0.18;0.398883;0.375080;0.359915;0.333080;0.298658;0.252646;0.201905;0.152781;0.110472;0.078666
529.3;0.014731;0.33;0.464241;0.443923;0.429331;0.402712;0.371906;0.331485;0.280406;0.225359;0.173422;0.134175
501.6;0.026159;0.38;0.531393;0.492497;0.472405;0.435429;0.389407;0.327616;0.259025;0.192689;0.133874;0.090522
901;0.04848;0.53;0.715734;0.643306;0.603833;0.536950;0.466929;0.385845;0.300040;0.219995;0.145538;0.092294
1060;0.021706;0.89;1.526149;1.427153;1.348084;1.211100;1.046194;0.858053;0.652485;0.471088;0.315156;0.210811
610;0.047018;0.12;0.419813;0.379040;0.363288;0.330101;0.291707;0.236687;0.173533;0.118765;0.073740;0.043639
1002.5;0.044641;0.67;1.092027;0.977250;0.906521;0.783356;0.657084;0.511628;0.377646;0.270440;0.182361;0.119619
907.8;0.051204;0.82;1.157419;1.016397;0.939099;0.820594;0.677917;0.509688;0.358474;0.238205;0.152601;0.096595
306;0.051399;0.79;0.291526;0.262361;0.244242;0.214871;0.180686;0.143531;0.106175;0.073376;0.046372;0.028199
842;0.024668;0.2;0.748288;0.704639;0.688033;0.652038;0.604451;0.531547;0.437000;0.333772;0.240807;0.169021
648.1;0.025468;0.86;0.976903;0.900909;0.840094;0.746615;0.632611;0.496306;0.370152;0.259470;0.172171;0.112844
1124.4;0.036151;0.45;0.989863;0.908293;0.860653;0.776041;0.678195;0.566014;0.443627;0.336246;0.237014;0.161634
301;0.026265;0.8;0.339764;0.315526;0.299002;0.270214;0.234953;0.192786;0.150688;0.109675;0.076804;0.052671
716.2;0.051592;0.79;0.850439;0.758370;0.699709;0.598794;0.484686;0.367314;0.263271;0.180339;0.115465;0.072910
681.9;0.050515;0.38;0.465950;0.422720;0.407588;0.375610;0.333262;0.276249;0.209919;0.146229;0.091481;0.054370
714.8;0.03785;0.6;0.736123;0.664783;0.622124;0.549902;0.475066;0.383772;0.296798;0.217542;0.147544;0.095969
993.1;0.023148;0.79;1.390493;1.283218;1.211569;1.086298;0.930068;0.750362;0.569096;0.407875;0.279790;0.189739
590.2;0.044028;0.12;0.436775;0.397869;0.381269;0.347097;0.302783;0.248662;0.183806;0.126468;0.078300;0.047430
1006.3;0.021683;0.16;0.789556;0.747036;0.736275;0.709202;0.673198;0.611928;0.524435;0.418899;0.308919;0.226705
724.2;0.032821;0.4;0.667042;0.613730;0.587292;0.539333;0.482573;0.405357;0.323272;0.241017;0.164108;0.108616
332.2;0.029228;0.22;0.350606;0.322695;0.307574;0.279471;0.244804;0.203305;0.155157;0.111284;0.072420;0.046836
458.3;0.03693;0.13;0.409899;0.372556;0.355903;0.325035;0.283415;0.229051;0.173705;0.118950;0.075822;0.046836
949.6;0.059585;0.73;0.921932;0.807266;0.745218;0.639982;0.528300;0.406733;0.294229;0.206159;0.135012;0.085770
726.1;0.047761;0.36;0.512053;0.463589;0.445949;0.411845;0.369950;0.306986;0.237080;0.165424;0.105370;0.064228
437.4;0.059023;0.75;0.374811;0.335254;0.312710;0.274131;0.230808;0.183522;0.134030;0.092347;0.057965;0.034469
607;0.021739;0.24;0.614459;0.579835;0.563310;0.529358;0.483460;0.418678;0.339521;0.256418;0.184791;0.130716
846.7;0.036428;0.64;0.951821;0.869985;0.813005;0.715320;0.603086;0.481916;0.362458;0.263477;0.179898;0.120746
472.6;0.012572;0.8;0.302354;0.291597;0.281776;0.265676;0.243168;0.213079;0.180229;0.147102;0.117755;0.098336
964.6;0.047844;0.71;1.072898;0.950959;0.878181;0.762956;0.634351;0.486253;0.356165;0.249369;0.166780;0.108442
518.6;0.040099;0.28;0.437235;0.401319;0.383718;0.351795;0.311371;0.254328;0.193539;0.133900;0.085688;0.052682
1125.7;0.052858;0.39;0.693178;0.623730;0.595985;0.547247;0.489792;0.416389;0.327295;0.239688;0.158064;0.098465
542.2;0.059414;0.39;0.328789;0.295141;0.283046;0.258141;0.224276;0.181767;0.132855;0.089676;0.053705;0.031262
989;0.056474;0.31;0.550297;0.501167;0.485670;0.451217;0.405641;0.341635;0.262366;0.184448;0.115668;0.068246
469.8;0.030476;0.37;0.480539;0.443423;0.423842;0.386112;0.340950;0.286801;0.223874;0.162872;0.109720;0.070793
558.7;0.010017;0.17;0.276944;0.268416;0.261003;0.249038;0.235118;0.217100;0.193753;0.169417;0.146398;0.130187
382;0.037044;0.46;0.363676;0.332868;0.317617;0.288523;0.253041;0.208683;0.158464;0.112375;0.072864;0.045550
818.6;0.020387;0.46;0.783848;0.735758;0.707689;0.655909;0.590020;0.513320;0.431006;0.338227;0.248819;0.179339
915;0.020964;0.12;0.756392;0.720169;0.708257;0.682069;0.644476;0.581848;0.494991;0.392774;0.289661;0.211867
791.9;0.02629;0.61;0.901769;0.834361;0.785868;0.702878;0.609986;0.512632;0.403132;0.299327;0.208995;0.145254
683.2;0.014797;0.15;0.574613;0.551305;0.534704;0.504610;0.473246;0.427815;0.367036;0.299219;0.232755;0.181042
880;0.047377;0.24;0.578578;0.523986;0.507125;0.471411;0.428605;0.359828;0.278732;0.195746;0.125467;0.076601
882.9;0.047425;0.65;0.875042;0.777531;0.725090;0.633365;0.527519;0.415893;0.314744;0.224991;0.150347;0.097477
911.1;0.037165;0.54;0.891440;0.810122;0.761605;0.677722;0.582416;0.479286;0.370126;0.274729;0.189256;0.126608
872.2;0.026907;0.1;0.772488;0.719902;0.703188;0.666424;0.614891;0.536475;0.433494;0.334508;0.237619;0.160386
1150.7;0.051617;0.33;0.681426;0.617707;0.594116;0.550797;0.497612;0.426941;0.336245;0.246601;0.161850;0.100794
488;0.037629;0.4;0.439549;0.404686;0.387683;0.354989;0.312677;0.260398;0.198710;0.142063;0.092027;0.057130
938.4;0.057877;0.22;0.506011;0.453526;0.438103;0.404959;0.365639;0.302751;0.227001;0.155288;0.096280;0.056521
512.6;0.054642;0.16;0.292187;0.265720;0.255135;0.231164;0.201280;0.162120;0.117163;0.079161;0.047727;0.028107
407.5;0.027825;0.47;0.437060;0.403308;0.385729;0.353553;0.312103;0.259494;0.204783;0.151058;0.102761;0.068771
846.6;0.03732;0.4;0.711267;0.648312;0.620449;0.569982;0.506716;0.427291;0.340252;0.253846;0.173085;0.112113
705.1;0.027334;0.76;0.964399;0.892256;0.831780;0.731842;0.615160;0.495416;0.375160;0.266655;0.180309;0.122293
712.9;0.04114;0.53;0.633026;0.574522;0.543464;0.488233;0.424912;0.353393;0.276263;0.200121;0.134023;0.086032
895.8;0.049831;0.75;1.034150;0.911125;0.842566;0.732511;0.602632;0.456776;0.331094;0.228498;0.150086;0.096619
993.3;0.047294;0.47;0.746818;0.673946;0.636596;0.569195;0.500939;0.418726;0.330340;0.243545;0.161959;0.103048
615.2;0.016277;0.11;0.568997;0.543652;0.530980;0.506016;0.469653;0.416196;0.348779;0.276155;0.207621;0.159053
895.8;0.05112;0.1;0.533135;0.482669;0.467223;0.432234;0.384327;0.319977;0.239304;0.165023;0.102120;0.061168
674.5;0.011258;0.23;0.443113;0.427772;0.416714;0.395645;0.365266;0.324896;0.287022;0.244910;0.205287;0.174754
1057.7;0.030721;0.39;0.916435;0.849655;0.815861;0.753400;0.677827;0.579362;0.467991;0.354508;0.253641;0.174980
1049.6;0.04657;0.67;1.116853;0.993275;0.920581;0.797873;0.669770;0.518212;0.383633;0.273154;0.184422;0.120966
530.8;0.049069;0.23;0.365591;0.330853;0.316024;0.289696;0.254443;0.204174;0.150916;0.101494;0.063071;0.037408
361.2;0.019405;0.18;0.398883;0.375080;0.359915;0.333080;0.298658;0.252646;0.201905;0.152781;0.110472;0.078666
529.3;0.014731;0.33;0.464241;0.443923;0.429331;0.402712;0.371906;0.331485;0.280406;0.225359;0.173422;0.134175
501.6;0.026159;0.38;0.531393;0.492497;0.472405;0.435429;0.389407;0.327616;0.259025;0.192689;0.133874;0.090522
901;0.04848;0.53;0.715734;0.643306;0.603833;0.536950;0.466929;0.385845;0.300040;0.219995;0.145538;0.092294
1060;0.021706;0.89;1.526285;1.427277;1.348231;1.211281;1.046414;0.858306;0.652724;0.471305;0.315319;0.210946
610;0.047018;0.12;0.419813;0.379040;0.363288;0.330101;0.291707;0.236687;0.173533;0.118765;0.073740;0.043639
1002.5;0.044641;0.67;1.092027;0.977250;0.906521;0.783356;0.657084;0.511628;0.377646;0.270440;0.182361;0.119619
907.8;0.051204;0.82;1.157419;1.016397;0.939099;0.820594;0.677917;0.509688;0.358474;0.238205;0.152601;0.096595
306;0.051399;0.79;0.291526;0.262361;0.244242;0.214871;0.180686;0.143531;0.106175;0.073376;0.046372;0.028199
842;0.024668;0.2;0.748288;0.704639;0.688033;0.652038;0.604451;0.531547;0.437000;0.333772;0.240807;0.169021
648.1;0.025468;0.86;0.976903;0.900909;0.840094;0.746615;0.632611;0.496306;0.370152;0.259470;0.172171;0.112844
1124.4;0.036151;0.45;0.989863;0.908293;0.860653;0.776041;0.678195;0.566014;0.443627;0.336246;0.237014;0.161634
301;0.026265;0.8;0.339764;0.315526;0.299002;0.270214;0.234953;0.192786;0.150688;0.109675;0.076804;0.052671
716.2;0.051592;0.79;0.850439;0.758370;0.699709;0.598794;0.484686;0.367314;0.263271;0.180339;0.115465;0.072910
681.9;0.050515;0.38;0.465950;0.422720;0.407588;0.375610;0.333262;0.276249;0.209919;0.146229;0.091481;0.054370
714.8;0.03785;0.6;0.736123;0.664783;0.622124;0.549902;0.475066;0.383772;0.296798;0.217542;0.147544;0.095969
993.1;0.023148;0.79;1.390493;1.283218;1.211569;1.086298;0.930068;0.750362;0.569096;0.407875;0.279790;0.189739
590.2;0.044028;0.12;0.436775;0.397869;0.381269;0.347097;0.302783;0.248662;0.183806;0.126468;0.078300;0.047430
1006.3;0.021683;0.16;0.789556;0.747036;0.736275;0.709202;0.673198;0.611928;0.524435;0.418899;0.308919;0.226705
724.2;0.032821;0.4;0.667042;0.613730;0.587292;0.539333;0.482573;0.405357;0.323272;0.241017;0.164108;0.108616
332.2;0.029228;0.22;0.350606;0.322695;0.307574;0.279471;0.244804;0.203305;0.155157;0.111284;0.072420;0.046836
458.3;0.03693;0.13;0.409899;0.372556;0.355903;0.325035;0.283415;0.229051;0.173705;0.118950;0.075822;0.046836
949.6;0.059585;0.73;0.921932;0.807266;0.745218;0.639982;0.528300;0.406733;0.294229;0.206159;0.135012;0.085770
726.1;0.047761;0.36;0.512053;0.463589;0.445949;0.411845;0.369950;0.306986;0.237080;0.165424;0.105370;0.064228
437.4;0.059023;0.75;0.374811;0.335254;0.312710;0.274131;0.230808;0.183522;0.134030;0.092347;0.057965;0.034469
607;0.021739;0.24;0.614459;0.579835;0.563310;0.529358;0.483460;0.418678;0.339521;0.256418;0.184791;0.130716
846.7;0.036428;0.64;0.951821;0.869985;0.813005;0.715320;0.603086;0.481916;0.362458;0.263477;0.179898;0.120746
472.6;0.012572;0.8;0.302354;0.291597;0.281776;0.265676;0.243168;0.213079;0.180229;0.147102;0.117755;0.098336
964.6;0.047844;0.71;1.072898;0.950959;0.878181;0.762956;0.634351;0.486253;0.356165;0.249369;0.166780;0.108442
518.6;0.040099;0.28;0.437235;0.401319;0.383718;0.351795;0.311371;0.254328;0.193539;0.133900;0.085688;0.052682
1125.7;0.052858;0.39;0.693178;0.623730;0.595985;0.547247;0.489792;0.416389;0.327295;0.239688;0.158064;0.098465
542.2;0.059414;0.39;0.328789;0.295141;0.283046;0.258141;0.224276;0.181767;0.132855;0.089676;0.053705;0.031262
989;0.056474;0.31;0.550297;0.501167;0.485670;0.451217;0.405641;0.341635;0.262366;0.184448;0.115668;0.068246
469.8;0.030476;0.37;0.480539;0.443423;0.423842;0.386112;0.340950;0.286801;0.223874;0.162872;0.109720;0.070793
558.7;0.010017;0.17;0.276936;0.268405;0.260998;0.249028;0.235112;0.217093;0.193748;0.169412;0.146394;0.130184
382;0.037044;0.46;0.363676;0.332868;0.317617;0.288523;0.253041;0.208683;0.158464;0.112375;0.072864;0.045550
818.6;0.020387;0.46;0.783848;0.735758;0.707689;0.655909;0.590020;0.513320;0.431006;0.338227;0.248819;0.179339
915;0.020964;0.12;0.756392;0.720169;0.708257;0.682069;0.644476;0.581848;0.494991;0.392774;0.289661;0.211867
791.9;0.02629;0.61;0.901769;0.834361;0.785868;0.702878;0.609986;0.512632;0.403132;0.299327;0.208995;0.145254
683.2;0.014797;0.15;0.574613;0.551305;0.534704;0.504610;0.473246;0.427815;0.367036;0.299219;0.232755;0.181042
880;0.047377;0.24;0.578578;0.523986;0.507125;0.471411;0.428605;0.359828;0.278732;0.195746;0.125467;0.076601
882.9;0.047425;0.65;0.875042;0.777531;0.725090;0.633365;0.527519;0.415893;0.314744;0.224991;0.150347;0.097477
911.1;0.037165;0.54;0.891440;0.810122;0.761605;0.677722;0.582416;0.479286;0.370126;0.274729;0.189256;0.126608
872.2;0.026907;0.1;0.772488;0.719902;0.703188;0.666424;0.614891;0.536475;0.433494;0.334508;0.237619;0.160386
1150.7;0.051617;0.33;0.681426;0.617707;0.594116;0.550797;0.497612;0.426941;0.336245;0.246601;0.161850;0.100794
488;0.037629;0.4;0.439549;0.404686;0.387683;0.354989;0.312677;0.260398;0.198710;0.142063;0.092027;0.057130
938.4;0.057877;0.22;0.506011;0.453526;0.438103;0.404959;0.365639;0.302751;0.227001;0.155288;0.096280;0.056521
512.6;0.054642;0.16;0.292187;0.265720;0.255135;0.231164;0.201280;0.162120;0.117163;0.079161;0.047727;0.028107
407.5;0.027825;0.47;0.437060;0.403308;0.385729;0.353553;0.312103;0.259494;0.204783;0.151058;0.102761;0.068771
846.6;0.03732;0.4;0.711267;0.648312;0.620449;0.569982;0.506716;0.427291;0.340252;0.253846;0.173085;0.112113
705.1;0.027334;0.76;0.964399;0.892256;0.831780;0.731842;0.615160;0.495416;0.375160;0.266655;0.180309;0.122293
712.9;0.04114;0.53;0.633026;0.574522;0.543464;0.488233;0.424912;0.353393;0.276263;0.200121;0.134023;0.086032
895.8;0.049831;0.75;1.034150;0.911125;0.842566;0.732511;0.602632;0.456776;0.331094;0.228498;0.150086;0.096619
993.3;0.047294;0.47;0.746818;0.673946;0.636596;0.569195;0.500939;0.418726;0.330340;0.243545;0.161959;0.103048
615.2;0.016277;0.11;0.568997;0.543652;0.530980;0.506016;0.469653;0.416196;0.348779;0.276155;0.207621;0.159053
895.8;0.05112;0.1;0.533135;0.482669;0.467223;0.432234;0.384327;0.319977;0.239304;0.165023;0.102120;0.061168
674.5;0.011258;0.23;0.443113;0.427772;0.416714;0.395645;0.365266;0.324896;0.287022;0.244910;0.205287;0.174754
1057.7;0.030721;0.39;0.916435;0.849655;0.815861;0.753400;0.677827;0.579362;0.467991;0.354508;0.253641;0.174980
1049.6;0.04657;0.67;1.116853;0.993275;0.920581;0.797873;0.669770;0.518212;0.383633;0.273154;0.184422;0.120966
530.8;0.049069;0.23;0.365591;0.330853;0.316024;0.289696;0.254443;0.204174;0.150916;0.101494;0.063071;0.037408
852.1;0.028364;0.32;0.755440;0.707188;0.686431;0.642053;0.584844;0.504509;0.407374;0.309407;0.220087;0.149488
824;0.047243;0.62;0.762064;0.686736;0.640756;0.560685;0.473082;0.381274;0.291269;0.210263;0.138816;0.089127
786.7;0.054613;0.33;0.483188;0.435515;0.419944;0.387088;0.343617;0.287406;0.215198;0.149907;0.093366;0.054938
1082.9;0.02213;0.36;0.931453;0.875913;0.843585;0.783409;0.710085;0.628366;0.536054;0.426770;0.316239;0.229018
538.3;0.01648;0.22;0.511942;0.487574;0.475809;0.451176;0.416997;0.366604;0.304012;0.238118;0.177827;0.135062
586.3;0.021253;0.41;0.579972;0.548642;0.531123;0.499043;0.457222;0.397366;0.323804;0.246624;0.177468;0.126536
407.3;0.027501;0.82;0.528834;0.484561;0.450665;0.403053;0.345192;0.277301;0.208958;0.149602;0.101746;0.068688
1145.8;0.024354;0.81;1.631264;1.504981;1.426184;1.283755;1.104515;0.889007;0.673698;0.474877;0.322041;0.214327
881;0.056374;0.41;0.530082;0.479352;0.462262;0.426560;0.380663;0.318350;0.244879;0.172730;0.108946;0.064342
731.5;0.012566;0.64;0.543493;0.524878;0.506396;0.474091;0.429185;0.374486;0.312290;0.253431;0.202141;0.167563
875.4;0.039633;0.3;0.668925;0.609097;0.586195;0.539843;0.490314;0.419321;0.334260;0.243598;0.163337;0.104295
790.2;0.018145;0.86;1.016724;0.964388;0.909091;0.818720;0.705149;0.579920;0.446684;0.330995;0.230009;0.163857
882.6;0.05192;0.6;0.740425;0.658869;0.612705;0.538115;0.460088;0.372773;0.284280;0.206107;0.136332;0.086197
789.5;0.018378;0.27;0.692843;0.657460;0.636515;0.598695;0.558311;0.503397;0.428721;0.341607;0.255314;0.189619
948.9;0.03511;0.19;0.739648;0.679529;0.659885;0.617879;0.561510;0.486211;0.392194;0.294713;0.200348;0.129205
770.2;0.059966;0.55;0.501383;0.450213;0.429152;0.388286;0.340016;0.281131;0.213061;0.150328;0.094896;0.056020
1194.3;0.02777;0.32;0.957432;0.892361;0.861893;0.805376;0.742468;0.652705;0.540337;0.420002;0.306227;0.217822
496.8;0.012354;0.16;0.369496;0.353089;0.345710;0.329287;0.306247;0.273451;0.233881;0.193264;0.156535;0.128175
395.2;0.020683;0.23;0.437600;0.412576;0.396060;0.366571;0.328836;0.278360;0.220968;0.166882;0.118997;0.083193
398.7;0.029892;0.14;0.410869;0.379889;0.363018;0.330886;0.289519;0.240605;0.183587;0.131048;0.084547;0.054440
357.2;0.026683;0.64;0.391554;0.362149;0.344946;0.314318;0.276726;0.231375;0.180587;0.134099;0.093551;0.063934
664.1;0.02148;0.73;0.809350;0.758824;0.712902;0.637720;0.556790;0.457421;0.358625;0.270088;0.189936;0.133344
703.5;0.056806;0.75;0.715706;0.629881;0.577670;0.493310;0.408229;0.314628;0.228581;0.158660;0.102789;0.064148
629.2;0.044159;0.31;0.481617;0.436766;0.419168;0.386510;0.345018;0.284111;0.217498;0.150443;0.095746;0.058783
987.2;0.058106;0.82;1.135241;1.011479;0.942119;0.815862;0.667654;0.502994;0.353843;0.235126;0.148234;0.093656
865.1;0.031899;0.59;0.942025;0.860563;0.811408;0.728953;0.630469;0.514137;0.397880;0.290313;0.202580;0.137094
994.8;0.057017;0.11;0.518619;0.463143;0.447823;0.415126;0.374503;0.308354;0.229543;0.156672;0.097052;0.057132
1139.6;0.010292;0.38;0.592064;0.576840;0.563541;0.540169;0.505446;0.456449;0.399638;0.341501;0.291563;0.257676
1175.5;0.040515;0.53;1.099750;0.995096;0.931863;0.823697;0.700582;0.570891;0.437098;0.325026;0.225330;0.152176
472.8;0.050054;0.6;0.381598;0.344375;0.326944;0.296495;0.258083;0.210498;0.159329;0.111142;0.070109;0.041978
425;0.021649;0.46;0.450731;0.423973;0.409033;0.379918;0.342589;0.292126;0.234542;0.175751;0.125835;0.089201
926.6;0.056623;0.75;0.968941;0.860264;0.795178;0.681680;0.555958;0.426733;0.306196;0.213453;0.138998;0.088782
384.4;0.048163;0.22;0.271936;0.245583;0.234140;0.211325;0.181623;0.145079;0.106038;0.071718;0.043414;0.026008
772.9;0.051322;0.88;1.082099;0.951138;0.878326;0.766373;0.632569;0.473415;0.327102;0.211768;0.131189;0.080525
777.3;0.038673;0.77;1.038349;0.946163;0.877934;0.762544;0.627094;0.481457;0.349234;0.241702;0.159015;0.104508
1075;0.049629;0.37;0.690565;0.621014;0.595562;0.547715;0.493557;0.420800;0.331633;0.244416;0.161019;0.100768
736.4;0.026452;0.59;0.812088;0.748892;0.708053;0.638568;0.564703;0.474174;0.373027;0.277964;0.194772;0.135393
654.1;0.021173;0.34;0.626871;0.594128;0.577246;0.545100;0.502464;0.440136;0.361397;0.276931;0.200107;0.142804
904.3;0.025619;0.17;0.777878;0.729854;0.713017;0.678167;0.629971;0.555559;0.457599;0.351568;0.253056;0.176882
967.1;0.039226;0.52;0.901150;0.813344;0.763700;0.678812;0.588198;0.481070;0.374726;0.279594;0.192037;0.126994
768;0.051496;0.76;0.865984;0.772744;0.713783;0.612163;0.498196;0.381090;0.276120;0.191401;0.123782;0.078587
612.9;0.024523;0.71;0.753399;0.698118;0.655804;0.584818;0.503698;0.417822;0.326881;0.239538;0.166346;0.115409
435;0.030128;0.86;0.627101;0.571226;0.526479;0.464333;0.388928;0.303605;0.222625;0.154782;0.102412;0.066992
827.5;0.053103;0.37;0.523357;0.470544;0.453882;0.420879;0.376279;0.313559;0.241753;0.169684;0.106687;0.063839
535.9;0.040737;0.41;0.454863;0.415908;0.398554;0.364854;0.322974;0.268668;0.204714;0.145395;0.093768;0.058145
340;0.059559;0.22;0.174606;0.158136;0.151813;0.137357;0.118370;0.094988;0.068309;0.045153;0.027178;0.017677
979.4;0.020185;0.37;0.857833;0.806962;0.777785;0.728093;0.663125;0.583481;0.498264;0.399930;0.299323;0.217611
518.5;0.05136;0.54;0.390686;0.353700;0.338084;0.307336;0.269032;0.221210;0.165978;0.115706;0.072614;0.043168
698.2;0.043793;0.54;0.599454;0.541308;0.510604;0.456899;0.400372;0.332147;0.258241;0.187479;0.123023;0.077366
919;0.022447;0.23;0.765799;0.727008;0.712213;0.678976;0.638260;0.572108;0.481815;0.377865;0.276118;0.198358
623.3;0.033789;0.19;0.572502;0.520529;0.498099;0.461456;0.413813;0.346422;0.271249;0.193985;0.127898;0.081307
962.7;0.029954;0.42;0.874444;0.808522;0.776154;0.715966;0.642611;0.547062;0.439996;0.331336;0.235869;0.162398
655.2;0.039972;0.77;0.858272;0.773410;0.712729;0.612848;0.501121;0.390132;0.281719;0.198054;0.130146;0.084171
915.1;0.050026;0.25;0.568081;0.515122;0.498477;0.465947;0.421959;0.352524;0.274193;0.191350;0.121306;0.073923
933.6;0.015253;0.5;0.797321;0.760371;0.732639;0.682163;0.620753;0.541405;0.450341;0.359503;0.284234;0.222999
698.1;0.051072;0.2;0.446271;0.402766;0.387473;0.354351;0.315611;0.258478;0.190648;0.130740;0.081067;0.047593
317.6;0.052054;0.79;0.303065;0.272259;0.253075;0.222351;0.186596;0.147937;0.109333;0.075443;0.047651;0.028952
597.8;0.027725;0.71;0.741858;0.680592;0.635377;0.563785;0.489584;0.399906;0.304644;0.221964;0.152707;0.104317
681.9;0.031503;0.55;0.705926;0.649799;0.615896;0.556702;0.486811;0.405355;0.314436;0.233985;0.162059;0.109151
543.2;0.038612;0.41;0.475226;0.434805;0.417546;0.382811;0.339626;0.283515;0.217944;0.156364;0.101332;0.062961
477.3;0.045041;0.49;0.394335;0.357554;0.341005;0.311473;0.274176;0.223646;0.170697;0.118537;0.074643;0.045941
1039.5;0.047123;0.81;1.356327;1.211117;1.127837;0.978170;0.807410;0.626326;0.438849;0.295309;0.187568;0.119207
686.9;0.047894;0.82;0.909946;0.804866;0.737655;0.635318;0.519051;0.388030;0.275607;0.185099;0.119298;0.075447
1099;0.029456;0.5;1.102157;1.008156;0.950921;0.855881;0.756172;0.636500;0.503044;0.378158;0.267833;0.187699
652.1;0.031465;0.52;0.660196;0.607886;0.577722;0.524429;0.460726;0.386498;0.301790;0.223965;0.154694;0.103821
992.2;0.057817;0.83;1.164464;1.035515;0.965671;0.838536;0.687808;0.516297;0.363565;0.239745;0.150380;0.094861
657.1;0.038649;0.56;0.628895;0.566342;0.536081;0.482582;0.417843;0.344130;0.268034;0.195722;0.132016;0.085246
1027.7;0.052486;0.72;1.086599;0.960067;0.893117;0.775304;0.637519;0.486066;0.355901;0.247351;0.163194;0.105894
979.6;0.023817;0.63;1.159933;1.074509;1.010232;0.903503;0.785831;0.643161;0.507160;0.382199;0.270182;0.187790
639.7;0.041116;0.48;0.548375;0.495015;0.469897;0.428054;0.379848;0.316724;0.247012;0.178854;0.116678;0.073452
494.4;0.039418;0.28;0.426020;0.390260;0.373037;0.341522;0.301639;0.246072;0.187054;0.129297;0.082885;0.050988
1011.4;0.058173;0.58;0.742310;0.656382;0.613876;0.544790;0.467411;0.378669;0.290956;0.208622;0.137530;0.085905
1154.4;0.014295;0.25;0.765820;0.740930;0.724240;0.693242;0.652679;0.591009;0.512304;0.432986;0.358338;0.294074
594.8;0.035025;0.26;0.538873;0.490724;0.470176;0.435051;0.388533;0.324473;0.253197;0.181436;0.118302;0.075178
904.1;0.036079;0.79;1.288475;1.152538;1.068925;0.944953;0.792573;0.613260;0.439972;0.300916;0.197140;0.128252
694.8;0.014508;0.2;0.574551;0.552291;0.536261;0.506868;0.466498;0.422299;0.364620;0.299020;0.234170;0.183838
1050.2;0.055233;0.62;0.886513;0.785550;0.728565;0.633654;0.533259;0.425200;0.320409;0.232785;0.155375;0.099384
992;0.054219;0.45;0.638737;0.573016;0.546742;0.498649;0.443960;0.371385;0.291131;0.208187;0.136179;0.083995
450.5;0.031949;0.59;0.476121;0.435911;0.412305;0.373864;0.327431;0.269952;0.211112;0.154591;0.104673;0.068601
1075.8;0.049086;0.69;1.142005;1.008356;0.932869;0.815648;0.679352;0.522207;0.383514;0.269574;0.181325;0.118570
1190.9;0.017423;0.34;0.924539;0.878601;0.850520;0.802360;0.740013;0.656993;0.554897;0.461832;0.364597;0.281845
763;0.040991;0.13;0.573768;0.526695;0.509380;0.470346;0.423895;0.355061;0.270514;0.191667;0.122408;0.074994
1095.9;0.023031;0.77;1.501956;1.386193;1.305628;1.175494;1.011508;0.815608;0.623737;0.446504;0.309576;0.210513
829.2;0.032283;0.4;0.751250;0.691751;0.662508;0.608857;0.543851;0.462948;0.367383;0.276176;0.192531;0.129477
439.3;0.0522;0.63;0.351158;0.317260;0.301249;0.271332;0.235114;0.191890;0.142934;0.099474;0.062517;0.037349
479.9;0.01981;0.82;0.560774;0.528389;0.498316;0.449685;0.394374;0.326168;0.254208;0.192057;0.135273;0.096881
666.3;0.025193;0.32;0.654936;0.612008;0.591865;0.553158;0.502719;0.432281;0.347051;0.262202;0.185532;0.127267
1043;0.026891;0.77;1.470675;1.355731;1.269604;1.128446;0.966737;0.769677;0.573638;0.409765;0.273717;0.182218
1011;0.049924;0.73;1.132493;0.996988;0.920654;0.804755;0.666726;0.507767;0.368339;0.254896;0.169335;0.109908
586.7;0.059374;0.63;0.420585;0.379488;0.359410;0.321801;0.278651;0.227755;0.169563;0.117958;0.074044;0.043632
780.7;0.017952;0.53;0.752498;0.711503;0.681436;0.630703;0.567339;0.488955;0.401877;0.321094;0.240517;0.179212
381;0.021844;0.41;0.414442;0.388544;0.373943;0.345829;0.309953;0.263442;0.208571;0.157467;0.112114;0.078276
400.5;0.045112;0.76;0.424002;0.380499;0.351832;0.306765;0.259530;0.206839;0.153736;0.108531;0.070173;0.044001
422.7;0.028774;0.58;0.455671;0.420889;0.400522;0.363572;0.321111;0.266728;0.208568;0.153787;0.105763;0.071243
910.8;0.058685;0.73;0.892655;0.783623;0.722862;0.620024;0.511409;0.394225;0.285673;0.200334;0.131039;0.083094
745.7;0.058615;0.89;0.970105;0.867076;0.804813;0.692567;0.561250;0.418640;0.287070;0.185095;0.111673;0.067843
470.7;0.042185;0.73;0.508497;0.460982;0.428626;0.374336;0.314354;0.251425;0.189481;0.134205;0.087634;0.055803
745.5;0.053005;0.78;0.852256;0.763462;0.703358;0.600810;0.486665;0.370988;0.265694;0.183228;0.117883;0.074492
432.8;0.030094;0.49;0.452487;0.417019;0.398451;0.363341;0.319357;0.266649;0.209015;0.153351;0.103915;0.067884
349.5;0.041597;0.8;0.399970;0.361220;0.334223;0.289813;0.241790;0.192046;0.143025;0.100552;0.064983;0.041449
1065.6;0.059262;0.37;0.581825;0.524299;0.506356;0.468511;0.420828;0.354824;0.275668;0.195710;0.123654;0.072777
804.5;0.037974;0.26;0.638459;0.583541;0.562816;0.519479;0.472651;0.402304;0.319194;0.230927;0.153836;0.097869
1136.6;0.05668;0.5;0.757965;0.673160;0.634636;0.569606;0.497242;0.411617;0.320379;0.233723;0.155339;0.097229
927;0.046017;0.12;0.605102;0.547777;0.531222;0.495627;0.451408;0.377915;0.291103;0.203443;0.129892;0.079278
824.5;0.034202;0.76;1.133858;1.024510;0.949570;0.835239;0.702472;0.547243;0.398633;0.276963;0.184650;0.121822
1033.9;0.041952;0.31;0.735660;0.667361;0.641487;0.590130;0.534366;0.460105;0.370065;0.272962;0.184836;0.118743
1091.1;0.054382;0.64;0.970192;0.864316;0.802516;0.694792;0.578774;0.457427;0.341998;0.246807;0.164858;0.106541
1190;0.019937;0.74;1.487295;1.404806;1.328324;1.196292;1.034073;0.853831;0.658656;0.488637;0.345545;0.245754
300.5;0.029768;0.65;0.321532;0.296992;0.282291;0.255797;0.223222;0.185709;0.145185;0.106354;0.072734;0.048195
1078.9;0.059609;0.62;0.846757;0.741980;0.690983;0.603583;0.511985;0.407948;0.307804;0.221253;0.146983;0.093038
851.3;0.030118;0.29;0.743078;0.692319;0.670521;0.625610;0.568805;0.490541;0.392614;0.298378;0.209779;0.141349
1191;0.042943;0.48;0.997396;0.897307;0.842398;0.748966;0.651428;0.530254;0.417298;0.312966;0.217123;0.143990
774.9;0.055067;0.85;0.989589;0.878130;0.813473;0.700600;0.567576;0.421804;0.295144;0.193855;0.120891;0.075326
731.6;0.059769;0.29;0.401887;0.362764;0.350305;0.323304;0.285228;0.230529;0.172055;0.115921;0.069867;0.040901
1021.2;0.042658;0.27;0.705638;0.637614;0.614343;0.569620;0.521201;0.448247;0.359950;0.264311;0.175425;0.111699
505.1;0.015422;0.32;0.459540;0.436713;0.421911;0.400474;0.370146;0.328257;0.274868;0.217884;0.165637;0.126860
748.3;0.011806;0.72;0.518766;0.501253;0.483103;0.452430;0.409259;0.354821;0.297592;0.241977;0.194336;0.160852
1110.8;0.040905;0.37;0.838355;0.756086;0.720815;0.660751;0.588063;0.497618;0.400272;0.302936;0.208881;0.136596
817.2;0.038357;0.58;0.826979;0.746026;0.698135;0.617213;0.530663;0.430216;0.331438;0.244408;0.166468;0.109242
1060.7;0.058098;0.25;0.555446;0.504813;0.489142;0.454656;0.409006;0.346335;0.263158;0.184158;0.114820;0.067270
964.8;0.047305;0.17;0.611642;0.553471;0.537132;0.501535;0.458268;0.386482;0.299420;0.210945;0.135113;0.082493
827.4;0.043126;0.35;0.614252;0.553471;0.532262;0.492922;0.444926;0.376990;0.295965;0.215451;0.140424;0.087308
522.1;0.036166;0.28;0.474305;0.434630;0.416582;0.382342;0.337135;0.281413;0.214459;0.153138;0.098649;0.061194
899.8;0.022995;0.83;1.300053;1.201801;1.133784;1.015368;0.867839;0.698414;0.527964;0.374684;0.254750;0.171188
375.1;0.0581;0.85;0.415128;0.364331;0.334248;0.284418;0.229740;0.173011;0.123530;0.083046;0.051761;0.031187
863.4;0.03701;0.13;0.672567;0.615598;0.595910;0.557198;0.509217;0.434035;0.344667;0.248334;0.165465;0.104723
894.9;0.011514;0.57;0.596394;0.575274;0.556578;0.524564;0.480100;0.421537;0.357550;0.294227;0.239041;0.201679
956.8;0.044816;0.14;0.630475;0.573277;0.557520;0.520983;0.474063;0.403524;0.311130;0.222480;0.142717;0.087443
1101.7;0.035986;0.44;0.960701;0.881803;0.836593;0.756154;0.662822;0.555643;0.436805;0.331099;0.233196;0.158717
1184.1;0.012952;0.52;0.874866;0.842080;0.810317;0.757510;0.692717;0.606484;0.509218;0.412355;0.325987;0.268118
992.1;0.054502;0.77;1.110307;0.981854;0.912695;0.790499;0.646746;0.488328;0.350790;0.238499;0.154558;0.099296
823.3;0.02651;0.6;0.930416;0.860202;0.810211;0.724489;0.628717;0.528704;0.416156;0.309255;0.216088;0.150308
1135.5;0.021485;0.3;0.913349;0.861598;0.835306;0.782858;0.718081;0.643837;0.556842;0.450012;0.338316;0.246887
822.1;0.015697;0.82;0.910498;0.867211;0.823261;0.750671;0.656492;0.543371;0.430184;0.324718;0.236412;0.176329
315.3;0.025546;0.71;0.344206;0.319401;0.303813;0.276857;0.243601;0.204242;0.159913;0.118873;0.083685;0.057605
408.8;0.021422;0.55;0.425246;0.401317;0.387108;0.359744;0.324685;0.277537;0.223313;0.167594;0.120755;0.086165
1076.4;0.0426;0.82;1.457237;1.331624;1.248092;1.097568;0.916865;0.699319;0.503050;0.331974;0.212940;0.135990
735.9;0.013308;0.39;0.562821;0.543108;0.527468;0.499515;0.459491;0.405712;0.342427;0.286421;0.230795;0.187284
1060.4;0.023772;0.37;0.932106;0.870604;0.833869;0.769181;0.701786;0.621830;0.521790;0.408437;0.297406;0.214454
488.5;0.024091;0.6;0.524587;0.487904;0.467634;0.431175;0.385480;0.326118;0.259066;0.192328;0.136483;0.095470
797.1;0.054003;0.17;0.465532;0.418060;0.403178;0.370954;0.332422;0.271823;0.201417;0.137063;0.084924;0.049972
866.9;0.032217;0.4;0.779766;0.718388;0.687938;0.632315;0.564841;0.481449;0.381690;0.288343;0.201955;0.136303
328.8;0.047796;0.25;0.238754;0.214687;0.204070;0.183266;0.156558;0.125909;0.091201;0.061958;0.037535;0.022344
853.2;0.040165;0.75;1.099723;0.997355;0.925345;0.803190;0.661240;0.510423;0.369004;0.257131;0.169528;0.111634
626.2;0.049163;0.68;0.596769;0.534030;0.494408;0.431481;0.365845;0.293250;0.220182;0.157089;0.102305;0.064246
344.6;0.015697;0.64;0.285560;0.271142;0.262343;0.246936;0.226688;0.200377;0.168203;0.133601;0.102465;0.078980
740.6;0.058928;0.83;0.877282;0.772553;0.711164;0.604750;0.486747;0.366602;0.253973;0.171572;0.108407;0.067560
473.3;0.05243;0.76;0.471374;0.419923;0.386827;0.336641;0.281574;0.220443;0.163749;0.112487;0.071893;0.044518
410.8;0.012532;0.54;0.276597;0.266261;0.258491;0.244460;0.224939;0.201027;0.173982;0.145096;0.117549;0.097600
484.9;0.03331;0.11;0.464744;0.425917;0.406772;0.370488;0.326335;0.270171;0.203630;0.144687;0.092846;0.057784
431.9;0.026283;0.18;0.472920;0.436726;0.416264;0.379280;0.336369;0.283163;0.220998;0.161777;0.109467;0.071505
470.2;0.04151;0.51;0.413807;0.376578;0.359179;0.327100;0.287819;0.237883;0.181270;0.128254;0.082871;0.051619
338.4;0.021515;0.86;0.382683;0.360495;0.340351;0.306367;0.266143;0.222344;0.174538;0.127700;0.090321;0.063109
871.7;0.038994;0.77;1.163911;1.060265;0.986900;0.861452;0.712114;0.542302;0.395487;0.270483;0.178409;0.117096
553.7;0.040158;0.85;0.813736;0.734199;0.674612;0.576452;0.464493;0.355997;0.250416;0.170420;0.108864;0.069023
784.7;0.039994;0.88;1.197604;1.087626;1.014919;0.888838;0.736924;0.557575;0.395895;0.258485;0.162322;0.101285
925.6;0.032421;0.4;0.819970;0.757248;0.724517;0.665674;0.594473;0.506682;0.401216;0.305017;0.214763;0.145371
749.2;0.011771;0.36;0.507742;0.490624;0.477548;0.453942;0.419794;0.372671;0.317137;0.270277;0.224891;0.189448
782.2;0.035691;0.73;1.007535;0.915712;0.854307;0.748500;0.624641;0.484464;0.359690;0.251485;0.169872;0.112741
700.7;0.030387;0.27;0.652429;0.604420;0.583468;0.541482;0.487711;0.411125;0.330189;0.245976;0.167174;0.110964
411.5;0.015402;0.87;0.357507;0.342381;0.327793;0.302547;0.269796;0.230121;0.187212;0.143070;0.108937;0.083322
741.3;0.032994;0.84;1.134791;1.035134;0.959428;0.830847;0.697371;0.543394;0.387904;0.265861;0.170677;0.110420
1067.7;0.032544;0.39;0.912596;0.846205;0.809379;0.743558;0.664757;0.565732;0.453770;0.344986;0.246185;0.167983
1086.5;0.037557;0.38;0.872782;0.795130;0.758331;0.690935;0.617292;0.520854;0.417906;0.317757;0.220010;0.147522
543.3;0.05027;0.65;0.465453;0.417451;0.392274;0.350696;0.302863;0.244672;0.186533;0.130108;0.083614;0.051689
487.6;0.045042;0.67;0.463494;0.416424;0.389606;0.345555;0.298398;0.242533;0.183074;0.130593;0.084825;0.053044
808.5;0.053612;0.74;0.853580;0.763427;0.703748;0.601910;0.491528;0.379985;0.275744;0.193537;0.126087;0.080028
876.3;0.01261;0.57;0.650965;0.629323;0.608140;0.570877;0.518876;0.452338;0.379557;0.307726;0.245694;0.203685
675.3;0.020984;0.18;0.657139;0.621863;0.606034;0.573570;0.529059;0.463304;0.380444;0.290190;0.211724;0.151427
485.4;0.032982;0.55;0.495545;0.454173;0.431490;0.392016;0.342783;0.284611;0.222213;0.162544;0.109947;0.071364
1153.1;0.057927;0.13;0.573863;0.519577;0.504641;0.470628;0.423987;0.357875;0.269118;0.186864;0.116048;0.068504
373.9;0.049502;0.71;0.335156;0.302934;0.284655;0.253836;0.217940;0.174664;0.131723;0.091559;0.057998;0.035097
395.1;0.032594;0.63;0.419998;0.383934;0.364168;0.328752;0.285689;0.235892;0.183244;0.133472;0.090341;0.058898
427.8;0.026671;0.58;0.464296;0.430705;0.411242;0.376134;0.331844;0.278442;0.217196;0.161928;0.113083;0.076882
449.8;0.012955;0.28;0.351252;0.336075;0.325968;0.309566;0.287020;0.256026;0.217480;0.177577;0.141226;0.114189
858.9;0.047045;0.67;0.885725;0.785726;0.730562;0.637793;0.530124;0.413736;0.311546;0.221969;0.148107;0.095988
816.3;0.03534;0.68;0.975743;0.894040;0.835981;0.735314;0.618334;0.485477;0.366035;0.261038;0.178236;0.119226
346.9;0.019996;0.38;0.371385;0.351110;0.337359;0.313164;0.281738;0.240661;0.191567;0.145637;0.104835;0.075277
1138.1;0.03136;0.13;0.835229;0.780613;0.764420;0.727937;0.678876;0.601258;0.493021;0.383668;0.273882;0.185455
955.8;0.018435;0.77;1.180058;1.116296;1.053446;0.950148;0.820861;0.678574;0.526127;0.393106;0.280041;0.201970
964.1;0.047585;0.72;1.094644;0.971531;0.897593;0.776971;0.646774;0.494918;0.360740;0.251934;0.167949;0.109097
357.1;0.028418;0.51;0.383350;0.354241;0.338480;0.308369;0.270633;0.225936;0.177116;0.130130;0.088746;0.058564
1074.4;0.057091;0.67;0.968893;0.856331;0.793568;0.685610;0.567953;0.445492;0.328468;0.235937;0.156790;0.100887
1141;0.010859;0.73;0.788714;0.765713;0.732704;0.677038;0.604613;0.517493;0.433959;0.349788;0.282757;0.235203
1186;0.051453;0.36;0.726250;0.650972;0.623843;0.573276;0.516510;0.441366;0.349121;0.258505;0.171103;0.107408
1073;0.04133;0.83;1.492497;1.356138;1.272662;1.124200;0.943348;0.723975;0.517957;0.343613;0.218763;0.138548
1007;0.036937;0.56;1.017061;0.929061;0.872113;0.773750;0.660478;0.536252;0.409480;0.303232;0.210098;0.142347
762;0.042525;0.33;0.574413;0.521421;0.503327;0.465729;0.419109;0.354827;0.275243;0.198942;0.128789;0.079777
459.8;0.046331;0.31;0.354260;0.320277;0.305506;0.276287;0.242560;0.196308;0.144521;0.098804;0.061627;0.036629
658.7;0.014724;0.81;0.636365;0.609258;0.580674;0.531488;0.468338;0.395224;0.317792;0.246323;0.183374;0.142119
420.5;0.053879;0.39;0.286778;0.260669;0.249222;0.225661;0.195268;0.156622;0.114455;0.077148;0.046434;0.027034
327.8;0.010718;0.22;0.000062;0.000065;0.000064;0.000062;0.000059;0.000056;0.000052;0.000048;0.000044;0.000041
571.2;0.018996;0.62;0.585705;0.548433;0.525409;0.485342;0.433197;0.370635;0.305480;0.236909;0.173300;0.125663
566;0.056315;0.89;0.766660;0.682667;0.626334;0.530593;0.421451;0.313319;0.212563;0.139126;0.085006;0.051719
599.6;0.013409;0.26;0.484959;0.466500;0.451963;0.426254;0.390010;0.350076;0.301480;0.247516;0.196066;0.157610
720.4;0.039055;0.76;0.944153;0.855306;0.791151;0.684147;0.560731;0.435665;0.315649;0.220936;0.145943;0.095462
883.4;0.041858;0.5;0.758945;0.682210;0.646260;0.581629;0.504939;0.418057;0.328779;0.242769;0.164975;0.106983
322.7;0.042563;0.57;0.293884;0.267166;0.254161;0.229955;0.199577;0.162174;0.122474;0.085337;0.053987;0.033313
1058;0.053231;0.14;0.584396;0.530107;0.516723;0.482959;0.436250;0.365299;0.280181;0.194687;0.120900;0.073344
803.1;0.012798;0.55;0.602009;0.581375;0.561854;0.527629;0.479927;0.421616;0.353242;0.285720;0.231367;0.190907
1068.7;0.050843;0.61;0.952726;0.850615;0.792580;0.691427;0.578750;0.460679;0.349948;0.252939;0.169195;0.109875
613.1;0.036446;0.5;0.572112;0.523697;0.499455;0.453286;0.396538;0.331679;0.259639;0.189602;0.127840;0.082258
701.4;0.044718;0.15;0.501667;0.456895;0.441679;0.407731;0.361146;0.295983;0.224393;0.154268;0.096418;0.059052
348.8;0.02062;0.51;0.366149;0.344424;0.331722;0.308226;0.277649;0.237076;0.190899;0.144054;0.103856;0.074779
459.4;0.037164;0.14;0.409636;0.372291;0.355833;0.324897;0.283306;0.228898;0.173633;0.118980;0.075827;0.046799
896.5;0.045126;0.77;1.137808;1.017394;0.942373;0.810421;0.667579;0.513037;0.363037;0.251807;0.164339;0.105582
597.7;0.057822;0.58;0.413832;0.374816;0.356679;0.321990;0.281292;0.231694;0.173015;0.120219;0.075313;0.044387
1108.6;0.032227;0.65;1.334651;1.222376;1.141358;1.004392;0.857507;0.692351;0.518973;0.373543;0.254582;0.173988
406.3;0.01427;0.62;0.315290;0.302685;0.293418;0.276058;0.252489;0.222107;0.188434;0.153528;0.120127;0.095677
1189.6;0.012867;0.6;0.940260;0.904574;0.867000;0.800905;0.721105;0.626017;0.516346;0.415020;0.325662;0.261892
786;0.041473;0.86;1.159827;1.056442;0.982945;0.855146;0.703042;0.529654;0.376823;0.248094;0.156097;0.098809
936.2;0.049809;0.24;0.578335;0.524759;0.507688;0.474619;0.431051;0.361124;0.281048;0.196175;0.124985;0.076236
1199.5;0.04456;0.48;0.976620;0.875212;0.821211;0.734734;0.635878;0.519253;0.407678;0.304740;0.211344;0.139825
559.1;0.027265;0.77;0.744178;0.683803;0.635761;0.558970;0.477618;0.387452;0.292402;0.210503;0.142152;0.097166
673.1;0.057341;0.5;0.436294;0.395771;0.378792;0.345021;0.304259;0.252596;0.189316;0.131560;0.082256;0.048395
718.4;0.03601;0.71;0.884209;0.808814;0.752958;0.657839;0.548934;0.432231;0.321086;0.229169;0.154348;0.102721
987.6;0.057691;0.24;0.528387;0.478986;0.463237;0.429759;0.386110;0.324213;0.243325;0.169194;0.105215;0.061692
1036.4;0.01368;0.65;0.903280;0.865733;0.824489;0.761942;0.684110;0.585937;0.478860;0.376921;0.290836;0.230131
390.2;0.020352;0.83;0.431473;0.409130;0.388207;0.352304;0.308059;0.254795;0.203888;0.152151;0.108215;0.076783
460.3;0.048751;0.23;0.321348;0.290708;0.278467;0.253689;0.220120;0.174674;0.129452;0.086847;0.053520;0.031914
623.7;0.055709;0.44;0.408439;0.367233;0.351962;0.321785;0.285918;0.234367;0.175164;0.119609;0.074287;0.043675
351;0.049128;0.13;0.226246;0.202201;0.192491;0.172896;0.150351;0.119807;0.086465;0.058580;0.035596;0.021091
769.7;0.024777;0.28;0.712876;0.669601;0.650765;0.613141;0.563475;0.490953;0.400307;0.303570;0.217368;0.151933
602.3;0.017592;0.63;0.597854;0.566066;0.540625;0.498380;0.448125;0.382757;0.312167;0.246944;0.183283;0.136740
458.1;0.052396;0.8;0.504610;0.447156;0.408806;0.347884;0.288025;0.222089;0.161473;0.110292;0.070396;0.043696
488.1;0.049243;0.38;0.361452;0.326713;0.312178;0.283029;0.249689;0.202705;0.149848;0.102188;0.063638;0.037650
1114.6;0.023542;0.12;0.822439;0.784034;0.774260;0.749059;0.714416;0.651404;0.558464;0.445655;0.330608;0.239227
907.9;0.021391;0.82;1.264022;1.180277;1.107113;0.990862;0.854465;0.689705;0.529407;0.376830;0.262707;0.178140
721.6;0.026051;0.48;0.718115;0.667685;0.640123;0.594687;0.535491;0.456725;0.365899;0.273631;0.195204;0.135365
1120.9;0.051478;0.83;1.418682;1.246069;1.161710;1.015987;0.856405;0.657760;0.456145;0.305655;0.191809;0.120241
393.6;0.051109;0.36;0.280200;0.254938;0.243469;0.220337;0.190251;0.151942;0.111467;0.075171;0.045193;0.026858
971;0.038534;0.65;1.098935;0.999974;0.932665;0.817930;0.684018;0.540420;0.402369;0.289935;0.197102;0.132539
962.6;0.038591;0.11;0.698758;0.639259;0.620301;0.583876;0.537675;0.461100;0.368097;0.266245;0.176943;0.112059
805.7;0.024301;0.51;0.825803;0.766184;0.726718;0.662960;0.591722;0.511791;0.414684;0.315187;0.223773;0.157800
465.8;0.044957;0.37;0.374096;0.340547;0.325413;0.295626;0.257752;0.211412;0.157170;0.108670;0.067948;0.040637
837.5;0.049813;0.37;0.555874;0.503470;0.484465;0.446687;0.403392;0.337526;0.262824;0.184692;0.118787;0.072784
569.9;0.032079;0.86;0.877073;0.799318;0.736333;0.639080;0.534585;0.413598;0.294944;0.203088;0.131485;0.084435
420.7;0.032311;0.7;0.476479;0.436639;0.409371;0.363841;0.315053;0.256711;0.196648;0.143463;0.096864;0.064416
491.3;0.033283;0.37;0.481626;0.439190;0.418027;0.381410;0.339176;0.283279;0.220979;0.158196;0.104949;0.067304
1105.4;0.023952;0.61;1.281873;1.189138;1.120526;1.003042;0.872094;0.715928;0.560846;0.426091;0.301921;0.210505
364.3;0.043769;0.43;0.312303;0.283802;0.269841;0.243146;0.211126;0.172046;0.127059;0.088087;0.055236;0.033158
518.2;0.055183;0.56;0.373910;0.336368;0.320217;0.290403;0.254390;0.208423;0.155174;0.106813;0.066682;0.039394
348.4;0.055426;0.87;0.414397;0.365943;0.330846;0.281280;0.226572;0.168517;0.120466;0.079937;0.049636;0.030199
697.5;0.04736;0.59;0.598277;0.537532;0.503353;0.448277;0.389202;0.319157;0.244477;0.176819;0.115695;0.072684
312;0.023026;0.22;0.346753;0.322777;0.308105;0.281433;0.249899;0.211202;0.165873;0.122889;0.084696;0.057566
1107.5;0.044482;0.77;1.394875;1.259233;1.176166;1.025225;0.849482;0.656020;0.467443;0.318690;0.206028;0.134502
477;0.016592;0.68;0.443448;0.420967;0.403008;0.375131;0.338882;0.291336;0.240013;0.190236;0.142740;0.108468
384;0.016175;0.19;0.383419;0.365359;0.353274;0.331242;0.300932;0.260194;0.211694;0.163837;0.123900;0.093846
576.6;0.019545;0.23;0.577724;0.550134;0.533955;0.503401;0.462316;0.403346;0.329607;0.251218;0.183480;0.132896
710.5;0.017287;0.34;0.639373;0.607196;0.587695;0.551842;0.504899;0.451281;0.384272;0.306324;0.230967;0.171855
391.5;0.039252;0.44;0.358035;0.327581;0.311982;0.283645;0.249370;0.203335;0.154783;0.107376;0.069238;0.042944
1195.9;0.013668;0.52;0.927604;0.891027;0.854953;0.800238;0.728741;0.635554;0.531894;0.428104;0.335278;0.272988
598.9;0.051116;0.32;0.407807;0.368530;0.353488;0.322377;0.286059;0.233915;0.173054;0.118482;0.073536;0.043266
567.6;0.046145;0.76;0.650140;0.583416;0.539510;0.464575;0.380874;0.296373;0.218494;0.152779;0.098856;0.062730
355.8;0.056293;0.73;0.295858;0.265651;0.249255;0.221106;0.189625;0.151971;0.111966;0.076343;0.047795;0.028446
568.4;0.034632;0.32;0.526479;0.480789;0.459010;0.421842;0.376698;0.314974;0.246597;0.176822;0.116514;0.074375
341.7;0.042744;0.59;0.311382;0.283067;0.268456;0.243205;0.211940;0.171789;0.130687;0.090947;0.057689;0.035957
754.9;0.054506;0.18;0.439634;0.393940;0.379267;0.351250;0.312787;0.253769;0.188353;0.126805;0.078569;0.046324
985.3;0.036926;0.64;1.114198;1.016818;0.951312;0.838732;0.706430;0.556189;0.419989;0.301644;0.207227;0.139582
868;0.02411;0.38;0.795962;0.738782;0.712513;0.665690;0.612757;0.538496;0.443500;0.341632;0.245739;0.174237
380.9;0.058798;0.64;0.454328;0.410923;0.388420;0.350759;0.305520;0.248544;0.189667;0.132981;0.084383;0.050614
372.8;0.011821;0.34;0.227996;0.220429;0.215959;0.206275;0.192878;0.173302;0.150068;0.125920;0.104166;0.087532
999.5;0.026312;0.64;1.208858;1.109251;1.047025;0.936472;0.802360;0.648958;0.510501;0.374747;0.261535;0.180680
1114.6;0.058651;0.42;0.639499;0.575902;0.550629;0.503813;0.451740;0.377623;0.298248;0.214007;0.137315;0.083002
780.4;0.028252;0.41;0.732302;0.685682;0.661073;0.612773;0.552505;0.470811;0.377929;0.283996;0.201235;0.137024
398.2;0.025457;0.27;0.440043;0.408041;0.389488;0.355574;0.313271;0.264519;0.207613;0.153197;0.104221;0.069513
1043.2;0.016046;0.68;1.076701;1.025753;0.975905;0.893738;0.787930;0.660106;0.530955;0.407752;0.301325;0.231048
604.3;0.055788;0.76;0.618104;0.544335;0.499474;0.427337;0.354128;0.273770;0.200256;0.137941;0.088594;0.054917
564.6;0.016774;0.84;0.621034;0.584302;0.552407;0.502182;0.442125;0.367619;0.292145;0.218890;0.160748;0.118200
971.7;0.026606;0.51;0.993749;0.919072;0.870257;0.785960;0.692347;0.591446;0.474349;0.358660;0.254209;0.178354
309.3;0.054874;0.25;0.184173;0.166331;0.159090;0.144035;0.123909;0.097379;0.071171;0.046590;0.028362;0.018189
343.6;0.034982;0.58;0.346995;0.316464;0.299877;0.272025;0.238711;0.197285;0.152020;0.109279;0.071380;0.046022
901.1;0.040764;0.26;0.662213;0.600225;0.578179;0.538091;0.491088;0.418868;0.333984;0.243295;0.160017;0.101567
843.1;0.039157;0.43;0.706008;0.638710;0.610462;0.557016;0.491229;0.414030;0.328078;0.243327;0.165362;0.106931
773.5;0.044913;0.78;0.995519;0.889064;0.819664;0.700220;0.578276;0.440385;0.314612;0.217144;0.141973;0.090994
956.7;0.011467;0.44;0.606739;0.588601;0.572333;0.543070;0.502170;0.447585;0.382564;0.317713;0.264684;0.226868
936.5;0.036394;0.84;1.409777;1.264131;1.176350;1.035127;0.874601;0.680127;0.481052;0.326316;0.207102;0.131509
1003.2;0.011604;0.4;0.631238;0.612227;0.596068;0.566860;0.525914;0.470867;0.403682;0.335730;0.281183;0.240936
559.2;0.051357;0.66;0.478629;0.429866;0.402705;0.359018;0.308886;0.248564;0.189187;0.132022;0.084659;0.052312
923.3;0.026999;0.57;1.015129;0.937475;0.882913;0.789701;0.686428;0.578128;0.456848;0.340856;0.238857;0.166709
801;0.052336;0.18;0.485890;0.438750;0.423332;0.389643;0.347276;0.287207;0.212379;0.146690;0.090956;0.053315
656.9;0.022303;0.43;0.640097;0.604492;0.583616;0.544829;0.500087;0.435435;0.355193;0.270980;0.194052;0.137739
355.4;0.039075;0.84;0.458194;0.410013;0.375402;0.326853;0.270197;0.208535;0.153868;0.106221;0.069938;0.044783
1002.2;0.056884;0.14;0.530338;0.474031;0.458663;0.424922;0.383279;0.317807;0.236859;0.162902;0.100928;0.059310
603.8;0.012389;0.41;0.442349;0.426174;0.413261;0.390106;0.358497;0.316060;0.270423;0.227029;0.184422;0.152499
847.1;0.012699;0.29;0.598971;0.577255;0.562508;0.535760;0.497607;0.444665;0.379172;0.322788;0.265265;0.220242
967.1;0.011031;0.28;0.565411;0.549309;0.537231;0.514127;0.481172;0.434300;0.376678;0.323036;0.277931;0.241394
394.3;0.044074;0.39;0.330600;0.299998;0.285540;0.257656;0.224107;0.182778;0.134726;0.093292;0.058362;0.034933
415.1;0.039931;0.84;0.563697;0.503991;0.460458;0.393922;0.324975;0.248254;0.180508;0.124049;0.081008;0.051531
794.6;0.015702;0.5;0.698108;0.663466;0.640953;0.599835;0.545791;0.475087;0.392777;0.317927;0.247870;0.191109
736.7;0.049812;0.74;0.814612;0.725726;0.670643;0.576736;0.471222;0.364235;0.267060;0.186834;0.121297;0.077095
1101.4;0.040893;0.38;0.840712;0.758042;0.721422;0.660540;0.586887;0.495364;0.397926;0.300915;0.207491;0.135738
1019.1;0.013511;0.47;0.761644;0.737509;0.714045;0.671130;0.614613;0.541443;0.456103;0.370213;0.297013;0.243919
960.9;0.013464;0.86;0.942381;0.903673;0.857511;0.781119;0.683690;0.578242;0.462591;0.354676;0.265276;0.204911
346.2;0.0168;0.21;0.353196;0.333940;0.323080;0.301933;0.273205;0.234301;0.188758;0.146440;0.109404;0.082381
365.6;0.049445;0.16;0.239730;0.214963;0.204594;0.184227;0.159251;0.127250;0.091524;0.062318;0.037735;0.022342
379.7;0.01462;0.66;0.294599;0.282306;0.273448;0.257204;0.235019;0.206696;0.175094;0.141925;0.110528;0.087685
1018.5;0.021893;0.85;1.459396;1.359734;1.280517;1.144335;0.991580;0.804434;0.613610;0.436544;0.297802;0.199152
1148.7;0.022182;0.19;0.855452;0.806417;0.786955;0.751247;0.713878;0.655147;0.568318;0.459649;0.344149;0.253081
915.3;0.015241;0.62;0.852210;0.814128;0.779098;0.718039;0.640368;0.548950;0.447392;0.350930;0.268883;0.210457
418.9;0.052918;0.22;0.262087;0.236496;0.225817;0.203798;0.176878;0.141673;0.101902;0.068970;0.041684;0.024463
950.5;0.04491;0.66;1.009039;0.901839;0.835446;0.724154;0.609146;0.474429;0.354545;0.254081;0.171831;0.112431
399.3;0.046687;0.6;0.342034;0.309353;0.293915;0.266311;0.231798;0.188432;0.142603;0.099157;0.062662;0.038019
405.7;0.042527;0.13;0.315522;0.284727;0.270509;0.245637;0.214182;0.171051;0.125878;0.085290;0.053308;0.031763
876.6;0.035814;0.74;1.161922;1.041574;0.974580;0.858526;0.718598;0.557423;0.408989;0.283526;0.190391;0.125760
595.9;0.026319;0.89;0.923196;0.849872;0.795911;0.705611;0.593889;0.461290;0.343127;0.236153;0.155064;0.099929
888.4;0.043089;0.45;0.703673;0.638019;0.606127;0.547108;0.483235;0.406692;0.321894;0.235716;0.158096;0.101529
974.2;0.015878;0.38;0.786317;0.748526;0.726718;0.685965;0.631771;0.558228;0.468914;0.387317;0.306511;0.238671
824.9;0.017391;0.14;0.690495;0.656203;0.639563;0.610283;0.577490;0.524571;0.451056;0.364472;0.277690;0.209147
966;0.010988;0.28;0.562573;0.546496;0.534517;0.511535;0.478762;0.432129;0.374961;0.321757;0.277029;0.240848
511.3;0.058215;0.56;0.349987;0.314394;0.299999;0.272599;0.240429;0.193838;0.145195;0.098574;0.060223;0.035197
961.5;0.058519;0.58;0.693488;0.614755;0.576444;0.513712;0.442480;0.358140;0.276468;0.197405;0.128412;0.079641
1173.5;0.016193;0.3;0.859152;0.818897;0.797449;0.758240;0.705969;0.632426;0.540698;0.452835;0.364929;0.287917
1080.2;0.03337;0.62;1.234066;1.125098;1.050104;0.932569;0.800756;0.643562;0.485077;0.349937;0.242364;0.165182
377.6;0.042835;0.15;0.292383;0.263879;0.252301;0.228424;0.198266;0.157634;0.116449;0.078287;0.049051;0.029338
629.8;0.024509;0.85;0.925005;0.855982;0.799039;0.709271;0.603158;0.476249;0.356838;0.253263;0.169645;0.112455
632.3;0.047727;0.17;0.435356;0.393870;0.378004;0.345119;0.304041;0.248699;0.182734;0.125735;0.078109;0.046180
916.5;0.037906;0.37;0.739990;0.673226;0.645780;0.594626;0.530837;0.449997;0.359987;0.269878;0.184479;0.119586
838.1;0.03139;0.62;0.953467;0.871406;0.813409;0.730633;0.630444;0.512037;0.393309;0.285419;0.198075;0.134466
1010.4;0.02336;0.5;1.021694;0.947924;0.899338;0.821027;0.724850;0.615767;0.507647;0.391910;0.283612;0.201206
630.9;0.047687;0.52;0.490776;0.444192;0.423988;0.385760;0.340800;0.281915;0.217027;0.153125;0.098847;0.060864
485.4;0.054919;0.4;0.323326;0.292255;0.280675;0.256094;0.223558;0.178641;0.132275;0.089146;0.053604;0.031436
378;0.046422;0.72;0.359635;0.324100;0.303807;0.270455;0.232179;0.186430;0.140670;0.097916;0.063073;0.039206
994.7;0.030342;0.33;0.837354;0.779660;0.753143;0.701543;0.638012;0.550863;0.446563;0.340682;0.243407;0.165712
485.1;0.056916;0.62;0.357421;0.321572;0.304859;0.274712;0.239671;0.194851;0.145093;0.099240;0.061932;0.036552
649.4;0.022771;0.84;0.919648;0.857724;0.802927;0.710926;0.607410;0.489212;0.364945;0.265585;0.178615;0.121958
796.6;0.036658;0.36;0.666066;0.610814;0.587722;0.541099;0.481854;0.410064;0.325605;0.241261;0.163631;0.105316
506.1;0.057738;0.75;0.460566;0.410100;0.380643;0.331141;0.277098;0.216578;0.160432;0.110986;0.070283;0.042308
877.7;0.023387;0.73;1.153672;1.072559;1.006842;0.895304;0.768271;0.623527;0.473737;0.352151;0.242712;0.167170
736;0.022504;0.2;0.690285;0.655018;0.640039;0.605850;0.559620;0.490466;0.402944;0.305868;0.223060;0.157658
436.7;0.056384;0.23;0.248068;0.225467;0.215855;0.196137;0.171825;0.136641;0.099141;0.065894;0.039950;0.024201
1003.7;0.013429;0.43;0.733787;0.709171;0.687803;0.648884;0.596777;0.529718;0.448144;0.364399;0.297275;0.244382
390.5;0.02497;0.65;0.427670;0.398103;0.379551;0.347275;0.307501;0.257090;0.203417;0.150634;0.106139;0.073468
564.7;0.039579;0.63;0.568396;0.512370;0.482335;0.429733;0.366928;0.300153;0.231497;0.166528;0.111204;0.071588
513.6;0.020165;0.64;0.537822;0.505753;0.482810;0.442289;0.395055;0.339859;0.277596;0.211474;0.153114;0.109848
777.8;0.041794;0.11;0.572624;0.524963;0.507294;0.468431;0.423157;0.352672;0.268759;0.188660;0.120226;0.073703
382.3;0.049919;0.2;0.255178;0.229739;0.218839;0.197452;0.169468;0.136104;0.098257;0.066727;0.040280;0.023902
664.8;0.035085;0.71;0.813056;0.745936;0.695077;0.608413;0.509477;0.403595;0.300881;0.215687;0.145539;0.096820
559.2;0.051357;0.66;0.478629;0.429866;0.402705;0.359018;0.308886;0.248564;0.189187;0.132022;0.084659;0.052312
923.3;0.026999;0.57;1.015129;0.937475;0.882913;0.789701;0.686428;0.578128;0.456848;0.340856;0.238857;0.166709
801;0.052336;0.18;0.485890;0.438750;0.423332;0.389643;0.347276;0.287207;0.212379;0.146690;0.090956;0.053315
656.9;0.022303;0.43;0.640097;0.604492;0.583616;0.544829;0.500087;0.435435;0.355193;0.270980;0.194052;0.137739
355.4;0.039075;0.84;0.458194;0.410013;0.375402;0.326853;0.270197;0.208535;0.153868;0.106221;0.069938;0.044783
1002.2;0.056884;0.14;0.530338;0.474031;0.458663;0.424922;0.383279;0.317807;0.236859;0.162902;0.100928;0.059310
603.8;0.012389;0.41;0.442349;0.426174;0.413261;0.390106;0.358497;0.316060;0.270423;0.227029;0.184422;0.152499
847.1;0.012699;0.29;0.598971;0.577255;0.562508;0.535760;0.497607;0.444665;0.379172;0.322788;0.265265;0.220242
967.1;0.011031;0.28;0.565411;0.549309;0.537231;0.514127;0.481172;0.434300;0.376678;0.323036;0.277931;0.241394
394.3;0.044074;0.39;0.330600;0.299998;0.285540;0.257656;0.224107;0.182778;0.134726;0.093292;0.058362;0.034933
415.1;0.039931;0.84;0.563697;0.503991;0.460458;0.393922;0.324975;0.248254;0.180508;0.124049;0.081008;0.051531
794.6;0.015702;0.5;0.698108;0.663466;0.640953;0.599835;0.545791;0.475087;0.392777;0.317927;0.247870;0.191109
736.7;0.049812;0.74;0.814612;0.725726;0.670643;0.576736;0.471222;0.364235;0.267060;0.186834;0.121297;0.077095
1101.4;0.040893;0.38;0.840712;0.758042;0.721422;0.660540;0.586887;0.495364;0.397926;0.300915;0.207491;0.135738
1019.1;0.013511;0.47;0.761644;0.737509;0.714045;0.671130;0.614613;0.541443;0.456103;0.370213;0.297013;0.243919
960.9;0.013464;0.86;0.942381;0.903673;0.857511;0.781119;0.683690;0.578242;0.462591;0.354676;0.265276;0.204911
394.4;0.042541;0.77;0.436565;0.394884;0.365745;0.317390;0.266071;0.212148;0.158479;0.111994;0.072455;0.045868
401.1;0.049798;0.7;0.355760;0.321772;0.302573;0.269515;0.231888;0.186125;0.140540;0.097704;0.061910;0.037561
1006;0.021669;0.86;1.440850;1.345944;1.267600;1.133786;0.980840;0.797495;0.607835;0.433827;0.294887;0.197550
562.4;0.040042;0.84;0.815088;0.735149;0.675564;0.577603;0.465856;0.357977;0.252735;0.172850;0.110906;0.070552
843.2;0.015623;0.28;0.683009;0.652019;0.635159;0.601977;0.558090;0.493662;0.427705;0.354274;0.277655;0.215495
1168;0.035788;0.51;1.108527;1.021883;0.964900;0.863851;0.745978;0.606635;0.473284;0.351303;0.248333;0.169909
689.2;0.051892;0.73;0.716144;0.638413;0.587534;0.502750;0.413954;0.324225;0.238011;0.168146;0.109342;0.068834
925.3;0.05604;0.52;0.627816;0.561185;0.532755;0.480572;0.422529;0.347896;0.270987;0.193277;0.125091;0.076996
982.3;0.034911;0.59;1.047806;0.961754;0.904852;0.805040;0.687808;0.551910;0.423828;0.308357;0.215111;0.145622
689.4;0.023881;0.55;0.728933;0.675754;0.640003;0.585830;0.524174;0.450400;0.362207;0.273680;0.193523;0.136135
889.9;0.042626;0.68;1.004417;0.901517;0.835068;0.721794;0.603551;0.472049;0.348718;0.250227;0.168191;0.109812
398.8;0.055865;0.15;0.213938;0.193548;0.186411;0.169820;0.147695;0.116405;0.085304;0.056147;0.034340;0.021403
1140.4;0.035492;0.49;1.056884;0.975670;0.922588;0.828553;0.718867;0.590424;0.461986;0.345486;0.244321;0.167044
468.7;0.05871;0.28;0.266211;0.238040;0.227882;0.207348;0.181911;0.145008;0.105346;0.069886;0.042146;0.025595
539.6;0.019864;0.37;0.539277;0.510090;0.494002;0.465486;0.427080;0.371684;0.303112;0.231779;0.167769;0.121039
1018;0.015559;0.54;0.904253;0.863325;0.828179;0.766754;0.688887;0.597560;0.491624;0.388098;0.302831;0.237147
738.8;0.024868;0.69;0.916525;0.848473;0.798815;0.713518;0.610818;0.499068;0.392071;0.286747;0.200041;0.138064
992.1;0.029821;0.43;0.908455;0.836317;0.801592;0.739157;0.662547;0.563656;0.452866;0.340508;0.243082;0.168320
656.4;0.031038;0.51;0.662216;0.610392;0.580888;0.528423;0.465651;0.391150;0.305737;0.227443;0.157382;0.105854
545.6;0.025574;0.2;0.576427;0.537084;0.516161;0.476963;0.427046;0.358780;0.286674;0.212682;0.146694;0.098870
333.5;0.044692;0.27;0.261972;0.237541;0.226127;0.203843;0.175968;0.139340;0.103355;0.069692;0.043106;0.025901
906;0.014594;0.33;0.693272;0.667426;0.650296;0.617058;0.571837;0.508779;0.429912;0.360751;0.289434;0.230238
686.6;0.030104;0.46;0.674186;0.623746;0.596829;0.547224;0.486578;0.411473;0.323258;0.242391;0.168806;0.113760
706.6;0.024759;0.29;0.678718;0.636601;0.617222;0.579049;0.529243;0.457811;0.370433;0.280391;0.199164;0.138113
848.9;0.025325;0.31;0.758422;0.709369;0.690025;0.651421;0.599584;0.524524;0.430012;0.326803;0.236198;0.165659
353.5;0.015278;0.81;0.274235;0.261451;0.252381;0.236527;0.215475;0.186989;0.153770;0.123491;0.095004;0.073891
584.2;0.039691;0.57;0.551167;0.499070;0.471765;0.422769;0.367705;0.304441;0.236497;0.170266;0.112943;0.072451
995.4;0.024136;0.85;1.467317;1.358725;1.285016;1.153651;0.988642;0.794743;0.598825;0.419570;0.281517;0.185733
926.8;0.017761;0.59;0.941036;0.884695;0.840678;0.771015;0.687840;0.582679;0.472997;0.366376;0.278499;0.207091
412.8;0.010033;0.3;0.161553;0.158123;0.155658;0.149646;0.142340;0.131157;0.118311;0.104613;0.091435;0.082341
417.1;0.02418;0.18;0.465553;0.432910;0.414582;0.379581;0.335363;0.282738;0.223017;0.165005;0.112552;0.076017
383.1;0.037541;0.54;0.364811;0.335411;0.319391;0.290180;0.253905;0.210185;0.160092;0.114478;0.074581;0.046729
307;0.053545;0.45;0.220758;0.200049;0.189846;0.170073;0.146695;0.117023;0.084561;0.056778;0.034423;0.021073
680.8;0.012113;0.65;0.475412;0.458597;0.442533;0.415485;0.377113;0.331863;0.278574;0.227905;0.183799;0.154391
890;0.055236;0.71;0.877680;0.778762;0.718547;0.616552;0.506011;0.395153;0.288412;0.204990;0.134666;0.085731
950.6;0.016549;0.42;0.805641;0.766040;0.740618;0.695177;0.635445;0.558375;0.464440;0.380851;0.297015;0.228261
778.1;0.051686;0.55;0.585251;0.526873;0.497180;0.448473;0.391652;0.323480;0.249388;0.177715;0.115859;0.071942
397.9;0.050023;0.26;0.276215;0.249166;0.237691;0.214881;0.184569;0.147878;0.107816;0.072845;0.043814;0.026165
868.6;0.055894;0.85;1.093286;0.967183;0.899550;0.780016;0.637295;0.473104;0.332512;0.217595;0.135493;0.084656
413.8;0.016865;0.51;0.386097;0.365712;0.354309;0.332954;0.305958;0.268884;0.222280;0.173287;0.129248;0.097554
420.9;0.035237;0.32;0.404810;0.369129;0.352189;0.320186;0.281610;0.232656;0.176272;0.125196;0.080770;0.050327
388.7;0.030248;0.28;0.400101;0.369912;0.354802;0.324134;0.285895;0.236419;0.182946;0.130712;0.086010;0.055410
427.8;0.018679;0.86;0.476714;0.449521;0.424820;0.384717;0.338549;0.282294;0.219685;0.166262;0.118402;0.085431
451.4;0.038759;0.65;0.456428;0.414778;0.390371;0.347255;0.299831;0.245949;0.189159;0.135248;0.089140;0.057254
476.6;0.040311;0.67;0.487244;0.440197;0.412602;0.365082;0.312643;0.254800;0.195077;0.139352;0.091513;0.058601
585.7;0.020722;0.63;0.622556;0.587840;0.560475;0.511933;0.453565;0.386532;0.316149;0.240857;0.173693;0.123797
584.8;0.035997;0.72;0.709247;0.645818;0.600072;0.523098;0.436602;0.349415;0.260211;0.186850;0.125370;0.082417
495.8;0.059459;0.56;0.332358;0.298712;0.284740;0.260745;0.228437;0.183017;0.137114;0.092974;0.056053;0.032437
525.9;0.034496;0.5;0.510453;0.469966;0.447492;0.406380;0.355568;0.298103;0.232832;0.169343;0.113869;0.073477
1103.6;0.044744;0.8;1.440387;1.300709;1.216460;1.063099;0.883066;0.679637;0.484235;0.324851;0.206919;0.133818
932.9;0.030571;0.41;0.840797;0.780167;0.748300;0.689684;0.618691;0.525949;0.422317;0.318597;0.226501;0.154047
800.2;0.011739;0.29;0.532775;0.515184;0.502762;0.479235;0.444568;0.396268;0.340176;0.291583;0.243813;0.206094
466;0.024642;0.33;0.503142;0.470116;0.450941;0.415095;0.371750;0.312896;0.248018;0.184371;0.128691;0.087537
490.8;0.050072;0.82;0.596627;0.533970;0.488061;0.412432;0.332303;0.255144;0.181881;0.125368;0.079821;0.049809
369.6;0.027325;0.66;0.407304;0.377289;0.358989;0.325895;0.285435;0.238317;0.185329;0.137217;0.095522;0.065047
1122.4;0.014166;0.78;1.142663;1.087209;1.033042;0.939997;0.822933;0.697623;0.556713;0.427062;0.318791;0.242527
936;0.035555;0.4;0.797813;0.731484;0.698702;0.638107;0.570098;0.480477;0.383182;0.289297;0.199495;0.133106
802;0.028342;0.61;0.916269;0.837984;0.786283;0.701275;0.613964;0.509013;0.394598;0.291246;0.202820;0.139918
582.1;0.046974;0.13;0.403985;0.364133;0.348547;0.316679;0.279712;0.226044;0.165990;0.113112;0.070294;0.041630
449.6;0.036237;0.84;0.634935;0.576502;0.530749;0.455791;0.371645;0.289244;0.208403;0.144447;0.094121;0.060967
860.2;0.050226;0.48;0.613949;0.552875;0.525518;0.478108;0.422808;0.354289;0.274463;0.198606;0.129905;0.080859
1189.1;0.050846;0.52;0.919256;0.823119;0.770909;0.679258;0.581719;0.475718;0.370361;0.273127;0.184237;0.119135
453.4;0.019474;0.71;0.471980;0.444302;0.423952;0.389112;0.345621;0.294614;0.240804;0.183835;0.133599;0.096430
532;0.016185;0.37;0.492452;0.466501;0.451654;0.423990;0.391993;0.347298;0.290871;0.229640;0.173377;0.131003
657.1;0.05105;0.6;0.527359;0.474500;0.446168;0.401141;0.348299;0.284512;0.218033;0.153634;0.099416;0.061569
366.6;0.041895;0.36;0.317931;0.289949;0.275639;0.248541;0.215179;0.175599;0.129794;0.089937;0.056407;0.033791
915.7;0.010806;0.35;0.535305;0.520530;0.508164;0.484790;0.451015;0.405627;0.350527;0.298097;0.255823;0.222508
662.1;0.054798;0.62;0.513817;0.460906;0.434543;0.387585;0.336327;0.272158;0.208037;0.146204;0.093434;0.056516
1184.6;0.035769;0.45;1.041623;0.959660;0.909540;0.820477;0.716882;0.595710;0.468587;0.354447;0.251483;0.172259
662;0.037226;0.18;0.551853;0.510024;0.492329;0.455850;0.405888;0.340832;0.261990;0.187300;0.120412;0.074997
858.6;0.040322;0.29;0.649700;0.589767;0.567097;0.525161;0.477399;0.406498;0.323362;0.235436;0.155285;0.098669
438.9;0.048022;0.88;0.612908;0.546171;0.501032;0.425184;0.338878;0.251710;0.176542;0.117070;0.072749;0.044987
643.2;0.052767;0.66;0.554636;0.495122;0.461258;0.407845;0.348329;0.280179;0.212298;0.148819;0.096312;0.059771
445;0.029143;0.63;0.489380;0.451865;0.428349;0.387182;0.337857;0.281491;0.218150;0.160756;0.110824;0.074981
982.3;0.014232;0.36;0.729976;0.703405;0.683582;0.646615;0.600817;0.534637;0.454544;0.375241;0.304859;0.246010
1084;0.046694;0.12;0.662027;0.600268;0.585308;0.550048;0.503573;0.432434;0.335427;0.241317;0.155065;0.094876
615.7;0.026599;0.56;0.649876;0.602539;0.577708;0.531044;0.472056;0.396170;0.313635;0.232026;0.163693;0.112432
917;0.051987;0.13;0.537358;0.487034;0.471944;0.437449;0.389835;0.325454;0.244327;0.168848;0.104626;0.062551
564.7;0.028586;0.31;0.570615;0.528125;0.508410;0.469634;0.418732;0.350179;0.278842;0.206380;0.140011;0.093090
777.6;0.051411;0.25;0.492440;0.446223;0.430794;0.397573;0.352963;0.294211;0.220758;0.153061;0.095151;0.056168
705.8;0.037828;0.58;0.705971;0.637949;0.598613;0.533323;0.462495;0.375799;0.292242;0.214437;0.145536;0.094529
792.3;0.036468;0.78;1.101907;0.990970;0.924008;0.809687;0.672062;0.515663;0.375458;0.256512;0.170354;0.111481
566.7;0.051499;0.5;0.412467;0.373862;0.358256;0.326927;0.287296;0.236974;0.178476;0.124441;0.078049;0.046297
970.2;0.052938;0.11;0.548841;0.496803;0.482147;0.447234;0.399198;0.333903;0.250666;0.173199;0.107289;0.064192
470.1;0.049451;0.84;0.595954;0.535445;0.489531;0.413575;0.331438;0.251931;0.178501;0.121793;0.077018;0.047961
918.1;0.025892;0.43;0.864562;0.798212;0.765232;0.706785;0.642270;0.556255;0.452230;0.345606;0.247410;0.174315
465.2;0.03261;0.69;0.529942;0.485495;0.454931;0.403782;0.347678;0.283641;0.216596;0.157695;0.106810;0.071022
631.6;0.047611;0.22;0.443376;0.401784;0.386108;0.353343;0.309926;0.255604;0.189381;0.130494;0.081162;0.048147
863.1;0.015493;0.75;0.899174;0.859438;0.817424;0.746600;0.656776;0.547619;0.439470;0.336658;0.248258;0.189848
1002.2;0.015487;0.83;1.136551;1.074084;1.015741;0.923996;0.814201;0.678942;0.530143;0.400879;0.292912;0.213691
373;0.023494;0.72;0.405790;0.378746;0.361673;0.331671;0.294632;0.247592;0.195230;0.145376;0.102653;0.072437
1136.4;0.036232;0.71;1.447889;1.296676;1.208017;1.073252;0.909424;0.713530;0.519870;0.363098;0.243595;0.162365
998.1;0.058633;0.42;0.577264;0.519275;0.498317;0.459517;0.410225;0.343561;0.267467;0.190248;0.120707;0.071349
738.1;0.04552;0.66;0.741338;0.664702;0.620113;0.541955;0.453211;0.361298;0.274022;0.195686;0.129837;0.083439
692.3;0.025593;0.55;0.730097;0.675264;0.642680;0.587491;0.526654;0.446597;0.354576;0.265947;0.187956;0.130891
702.1;0.024573;0.57;0.757435;0.700879;0.662447;0.603031;0.536273;0.457582;0.365568;0.274988;0.193711;0.135702
575.7;0.052518;0.38;0.393295;0.354200;0.339449;0.309326;0.274808;0.224232;0.166438;0.113453;0.070413;0.041419
757.7;0.055582;0.66;0.647512;0.573509;0.532387;0.466731;0.395881;0.315828;0.238306;0.167956;0.109412;0.067969
759.7;0.041964;0.23;0.567640;0.518647;0.501608;0.464616;0.417605;0.352886;0.269999;0.193462;0.124041;0.076495
1035.9;0.022769;0.1;0.801363;0.763813;0.755319;0.729901;0.693328;0.629022;0.536975;0.426233;0.316468;0.228350
1015.3;0.014433;0.55;0.853056;0.820146;0.788620;0.733963;0.662517;0.572985;0.475593;0.379120;0.294924;0.236751
879.9;0.051913;0.54;0.664066;0.591261;0.557212;0.498215;0.435537;0.359832;0.276584;0.200699;0.132114;0.082764
640.7;0.039236;0.54;0.593060;0.537474;0.509625;0.458749;0.398869;0.331880;0.259036;0.187620;0.125709;0.080855
1030.4;0.057405;0.66;0.905222;0.797033;0.737725;0.638882;0.533913;0.420066;0.311953;0.223963;0.148697;0.094969
779.5;0.013051;0.84;0.688427;0.660211;0.626906;0.574382;0.511772;0.433851;0.347473;0.272899;0.209126;0.163694
615.7;0.039232;0.86;0.926324;0.842837;0.778903;0.671757;0.545975;0.412635;0.292417;0.195657;0.123920;0.079240
1145.1;0.024255;0.82;1.640923;1.512012;1.433552;1.291972;1.113097;0.894965;0.679821;0.477151;0.323843;0.214638
1088.3;0.051387;0.58;0.912662;0.816839;0.761702;0.665569;0.562560;0.453066;0.347079;0.253297;0.169864;0.109519
795.1;0.019549;0.84;1.064288;1.002380;0.942146;0.841305;0.727340;0.593729;0.457367;0.331903;0.232415;0.161356
860.2;0.032127;0.19;0.726020;0.671621;0.650830;0.609877;0.554498;0.474245;0.384449;0.288478;0.196127;0.129933
828.3;0.029671;0.37;0.751004;0.699429;0.674257;0.625551;0.564586;0.483820;0.386202;0.292758;0.206645;0.139849
487;0.051329;0.13;0.300579;0.270856;0.259297;0.235269;0.203066;0.163349;0.118996;0.080268;0.048434;0.029010
571.1;0.043844;0.53;0.481742;0.435790;0.414888;0.376838;0.332045;0.276035;0.210843;0.151294;0.098115;0.061043
723.8;0.02038;0.69;0.837415;0.788675;0.745228;0.671555;0.587147;0.489799;0.385574;0.295749;0.211550;0.151422
507.4;0.025905;0.24;0.542271;0.503473;0.482827;0.445044;0.396508;0.332119;0.264733;0.196046;0.134003;0.090156
1059.9;0.016691;0.44;0.901393;0.857021;0.823087;0.768110;0.701396;0.613009;0.511810;0.411679;0.323781;0.249571
475.3;0.043573;0.18;0.366722;0.334957;0.319298;0.288221;0.252498;0.204680;0.149679;0.103088;0.064112;0.038113
503.3;0.03855;0.34;0.441891;0.406241;0.389572;0.355809;0.314678;0.260367;0.197878;0.139872;0.090193;0.055726
453.6;0.018488;0.72;0.458017;0.431933;0.413196;0.381374;0.339702;0.289038;0.236773;0.182857;0.133695;0.097990
504.9;0.017383;0.53;0.481510;0.456765;0.438909;0.408253;0.371634;0.326263;0.271773;0.212278;0.158155;0.117545
692.1;0.033804;0.72;0.870356;0.797669;0.745009;0.655171;0.550687;0.432167;0.324607;0.229408;0.156154;0.103829
580;0.055405;0.61;0.432978;0.390195;0.369558;0.333553;0.289441;0.236632;0.178329;0.124886;0.078896;0.047117
1131;0.037609;0.81;1.606042;1.433885;1.339846;1.191063;1.011690;0.791687;0.563472;0.384071;0.245013;0.156980
687.2;0.011647;0.15;0.469616;0.452326;0.440909;0.418672;0.385911;0.348629;0.306928;0.260487;0.217001;0.182933
466.3;0.012693;0.24;0.357475;0.341954;0.332407;0.316092;0.293337;0.261794;0.222985;0.183009;0.146499;0.119094
1114.4;0.050253;0.43;0.761258;0.679540;0.641998;0.582063;0.516709;0.434402;0.343444;0.254659;0.169497;0.107380
1181.8;0.032569;0.69;1.492597;1.370043;1.282063;1.129220;0.951637;0.767081;0.570219;0.403448;0.269870;0.183553
695;0.029132;0.81;1.018832;0.939929;0.873949;0.764101;0.633919;0.504683;0.372650;0.259520;0.171109;0.114090
400;0.049482;0.12;0.255534;0.229550;0.218833;0.197584;0.170344;0.136518;0.098598;0.067048;0.040468;0.024189
532.3;0.028214;0.21;0.551133;0.509555;0.488973;0.449286;0.397026;0.335908;0.263346;0.194181;0.130884;0.085365
667.8;0.036617;0.44;0.596265;0.547034;0.523360;0.477352;0.420444;0.354913;0.279128;0.204090;0.137557;0.088342
835.4;0.045583;0.71;0.946312;0.843043;0.777679;0.673070;0.560110;0.431332;0.318426;0.224201;0.149955;0.097199
536;0.053574;0.52;0.385425;0.347951;0.332166;0.301964;0.264656;0.218219;0.162123;0.112399;0.070210;0.041507
842.6;0.026434;0.7;1.085947;1.000689;0.939898;0.835051;0.709478;0.571218;0.442916;0.319512;0.220325;0.151059
940.1;0.042506;0.24;0.657991;0.593135;0.575144;0.538119;0.491559;0.419783;0.332715;0.242447;0.157500;0.099020
499.6;0.058742;0.64;0.363567;0.328048;0.310488;0.278776;0.242760;0.196812;0.146664;0.099938;0.062354;0.036633
405.7;0.013798;0.59;0.305522;0.293640;0.284781;0.268252;0.245839;0.217185;0.185298;0.151955;0.119811;0.096416
567;0.039351;0.11;0.467353;0.425765;0.408714;0.375850;0.330698;0.268033;0.203380;0.139286;0.088862;0.054380
586.9;0.030694;0.69;0.697955;0.641851;0.603228;0.538081;0.460942;0.371356;0.285192;0.205267;0.141530;0.094933
681.8;0.025457;0.89;1.055522;0.977877;0.914350;0.808499;0.689801;0.545654;0.399229;0.279795;0.181815;0.118713
757.1;0.023192;0.2;0.703760;0.666767;0.651020;0.615734;0.568922;0.498622;0.408801;0.310617;0.225221;0.158718
377;0.047938;0.39;0.293059;0.264065;0.251415;0.228735;0.198725;0.158254;0.117337;0.079032;0.048982;0.029230
536.2;0.059761;0.25;0.291992;0.259839;0.249159;0.226795;0.199631;0.159983;0.116159;0.077506;0.046707;0.027950
1020.9;0.019329;0.67;1.178653;1.109503;1.047471;0.943280;0.826633;0.686212;0.542830;0.407012;0.299559;0.215656
326.3;0.049057;0.24;0.227968;0.204315;0.194109;0.174150;0.150146;0.119971;0.086354;0.058724;0.035639;0.021177
1136;0.01979;0.89;1.525786;1.455190;1.380193;1.251641;1.089881;0.890354;0.692909;0.505444;0.345154;0.237314
957.3;0.059618;0.11;0.467939;0.421021;0.408793;0.380194;0.338426;0.273796;0.204900;0.137145;0.084764;0.050146
739.7;0.050113;0.13;0.467362;0.422168;0.406442;0.372277;0.330708;0.271361;0.199412;0.137305;0.085136;0.050085
820.7;0.031211;0.74;1.113867;1.018310;0.945610;0.824635;0.697570;0.555668;0.410073;0.290731;0.194465;0.130405
513.6;0.046443;0.79;0.610037;0.548604;0.505715;0.433161;0.352933;0.272831;0.199084;0.138275;0.088696;0.055924
713;0.034918;0.55;0.712139;0.652560;0.615999;0.552038;0.481562;0.397070;0.308466;0.228494;0.155575;0.103074
1166.8;0.05045;0.7;1.235509;1.086491;1.007159;0.883777;0.737189;0.564837;0.411765;0.287261;0.192715;0.126397
792.1;0.027825;0.52;0.805855;0.747170;0.709235;0.650646;0.579852;0.489123;0.387871;0.288213;0.204383;0.141259
769;0.013662;0.57;0.620029;0.596989;0.575541;0.536866;0.488079;0.426296;0.354854;0.284598;0.227166;0.183343
508.4;0.03955;0.25;0.432956;0.396478;0.379419;0.347820;0.306894;0.250003;0.189980;0.130963;0.083835;0.051499
740;0.055509;0.5;0.491981;0.444156;0.424477;0.388630;0.342919;0.283955;0.217279;0.152964;0.096742;0.057459
861.7;0.019688;0.14;0.721598;0.689456;0.677122;0.650651;0.614060;0.554886;0.472477;0.376330;0.277417;0.206418
911.2;0.031618;0.14;0.754944;0.699543;0.680324;0.640398;0.585833;0.503213;0.410479;0.309038;0.212247;0.141089
656;0.047458;0.37;0.476089;0.430275;0.413914;0.382398;0.340754;0.280075;0.215515;0.149903;0.094235;0.057281
630.7;0.011959;0.6;0.426632;0.411067;0.397004;0.373715;0.343646;0.303312;0.257240;0.211900;0.174423;0.146873
1049.2;0.018826;0.46;0.960320;0.904137;0.867645;0.805010;0.724502;0.627419;0.516968;0.417192;0.317023;0.236154
837.7;0.016476;0.71;0.893733;0.846751;0.802140;0.731687;0.641017;0.541769;0.431358;0.330034;0.246079;0.185718
601.8;0.053994;0.6;0.454328;0.410923;0.388420;0.350759;0.305520;0.248544;0.189667;0.132981;0.084383;0.050614
569.3;0.012204;0.35;0.414659;0.398981;0.387302;0.365925;0.336176;0.297084;0.257817;0.215595;0.175450;0.145384
707.3;0.044336;0.33;0.527039;0.478781;0.461389;0.424996;0.381822;0.319537;0.245692;0.173474;0.111563;0.068641
680.4;0.046689;0.16;0.473414;0.429404;0.413451;0.379463;0.333717;0.274976;0.204895;0.141114;0.087464;0.052755
623.6;0.031859;0.24;0.590242;0.543756;0.522088;0.479591;0.427491;0.363374;0.285068;0.208355;0.139857;0.089545
802.5;0.028992;0.68;1.008224;0.922591;0.859192;0.757517;0.647087;0.528026;0.401437;0.291073;0.198612;0.136292
968.3;0.058983;0.17;0.497497;0.444865;0.429653;0.400298;0.360307;0.295320;0.221332;0.149498;0.092627;0.054491
681.9;0.02995;0.83;1.026370;0.945059;0.877505;0.764660;0.631774;0.501567;0.366431;0.253409;0.165069;0.109139
686.4;0.032009;0.44;0.656435;0.604220;0.577195;0.527923;0.470637;0.395361;0.312634;0.232800;0.159467;0.106263
412.4;0.01784;0.16;0.440949;0.415886;0.402353;0.375475;0.339564;0.290218;0.232968;0.179123;0.131795;0.097352
322;0.026302;0.56;0.350039;0.323422;0.308204;0.282417;0.249744;0.207744;0.164450;0.121994;0.084085;0.057432
561.2;0.025703;0.77;0.736115;0.681882;0.638189;0.563702;0.478351;0.391614;0.299580;0.216033;0.147633;0.100951
585.8;0.054725;0.38;0.383391;0.343618;0.329244;0.302557;0.268108;0.216821;0.161574;0.108817;0.067145;0.039432
888.3;0.022351;0.72;1.133569;1.060946;0.997358;0.891258;0.762935;0.626860;0.480873;0.358737;0.250465;0.174718
1161.2;0.025534;0.67;1.451004;1.344614;1.267341;1.127937;0.974077;0.787058;0.600749;0.444941;0.307869;0.211026
1142.2;0.030443;0.57;1.252135;1.146875;1.074442;0.955445;0.824263;0.681153;0.526798;0.388867;0.270542;0.188429
712.1;0.045401;0.4;0.530928;0.481688;0.463132;0.426230;0.380746;0.319779;0.246412;0.175670;0.113599;0.069952
516.4;0.017182;0.42;0.491265;0.464843;0.447734;0.421266;0.387547;0.342659;0.284564;0.221942;0.164973;0.123567
987.5;0.053566;0.44;0.635537;0.571349;0.545490;0.498594;0.444432;0.372840;0.292232;0.209334;0.136873;0.084547
983.4;0.014158;0.44;0.757660;0.730042;0.706556;0.663910;0.608863;0.539078;0.454365;0.367582;0.296813;0.239555
966.6;0.033087;0.28;0.786302;0.724809;0.699841;0.652405;0.594003;0.511092;0.413343;0.313317;0.218868;0.146916
969.3;0.011519;0.5;0.630208;0.608893;0.590755;0.558964;0.514550;0.454748;0.388006;0.320614;0.262651;0.223348
395.3;0.04766;0.13;0.267679;0.241069;0.229989;0.207410;0.177959;0.142881;0.103938;0.070369;0.042598;0.025632
913.4;0.045002;0.55;0.795256;0.715995;0.673745;0.597545;0.510445;0.418019;0.325102;0.236832;0.160148;0.103866
716.9;0.020726;0.14;0.681202;0.646244;0.630528;0.598866;0.555079;0.488874;0.404399;0.310909;0.227845;0.163458
490.9;0.043995;0.8;0.610817;0.543626;0.501240;0.432158;0.353178;0.270490;0.198652;0.137249;0.088876;0.056577
388.7;0.037865;0.79;0.470944;0.422751;0.389974;0.342506;0.287271;0.225775;0.169353;0.119220;0.079359;0.051205
1041.2;0.052534;0.37;0.636165;0.574845;0.552977;0.509932;0.459759;0.389555;0.306373;0.219870;0.143306;0.088606
457.5;0.037928;0.88;0.694945;0.629173;0.577810;0.494009;0.398015;0.304293;0.214715;0.145009;0.092049;0.058489
447.2;0.055089;0.86;0.560902;0.495579;0.449328;0.376040;0.303270;0.226396;0.158318;0.105315;0.066033;0.040531
1105;0.027906;0.23;0.849663;0.802177;0.785651;0.747148;0.694937;0.615104;0.511885;0.394625;0.288310;0.202697
764.9;0.034449;0.1;0.657678;0.597862;0.576062;0.535221;0.486238;0.412042;0.325138;0.233566;0.155339;0.098538
932.4;0.022798;0.3;0.800498;0.750190;0.725449;0.686345;0.639876;0.572231;0.480662;0.376495;0.273450;0.196967
438.2;0.056458;0.38;0.283146;0.255099;0.243948;0.220420;0.190484;0.153838;0.111100;0.074929;0.045089;0.026669
1158.1;0.033338;0.29;0.890290;0.824298;0.794566;0.739855;0.672967;0.584778;0.472288;0.366248;0.261569;0.178388
786.8;0.0227;0.7;0.980233;0.910991;0.854253;0.761397;0.661211;0.540078;0.422043;0.316101;0.221629;0.153968
911.8;0.031561;0.28;0.767679;0.710991;0.687871;0.641446;0.583993;0.503782;0.405461;0.307328;0.215567;0.145117
332.9;0.045126;0.46;0.283311;0.256243;0.243009;0.218176;0.190672;0.153721;0.113547;0.077780;0.048780;0.029351
1028.3;0.030116;0.31;0.846629;0.790303;0.765028;0.715096;0.652970;0.565938;0.461455;0.352924;0.252879;0.172910
973.8;0.019092;0.38;0.849212;0.801329;0.772126;0.721333;0.660338;0.575461;0.491555;0.398502;0.300697;0.222532
408.2;0.052813;0.82;0.453767;0.402546;0.367472;0.313960;0.258255;0.197749;0.143816;0.097332;0.061634;0.038155
772.5;0.03921;0.11;0.596490;0.549359;0.531900;0.494254;0.443215;0.374094;0.286465;0.204948;0.131245;0.080956
593.3;0.028679;0.21;0.594226;0.550092;0.530661;0.490044;0.436339;0.368269;0.291512;0.215531;0.145616;0.095698
791.8;0.021085;0.41;0.742756;0.699851;0.673764;0.624037;0.570955;0.504423;0.421751;0.328112;0.239112;0.172635
659;0.02095;0.77;0.825604;0.778304;0.731678;0.653829;0.565321;0.465387;0.358532;0.269169;0.188399;0.132985
673.6;0.036112;0.27;0.579272;0.530751;0.509129;0.470893;0.423439;0.356406;0.280319;0.201550;0.133024;0.084380
462.7;0.031671;0.85;0.668628;0.606888;0.564583;0.494126;0.411337;0.318272;0.233691;0.160864;0.106357;0.069361
529.8;0.047065;0.88;0.771186;0.684986;0.625188;0.535266;0.433602;0.320220;0.223444;0.145955;0.091835;0.056903
318.5;0.013522;0.4;0.236016;0.227384;0.221339;0.210032;0.194580;0.172572;0.145755;0.118706;0.093484;0.075988
888.3;0.043994;0.2;0.610897;0.555888;0.539549;0.503156;0.455147;0.388054;0.298698;0.215019;0.138350;0.085005
1139.4;0.016833;0.71;1.265031;1.190108;1.132176;1.035152;0.908391;0.753288;0.598757;0.453372;0.329802;0.247087
447.2;0.05292;0.56;0.338586;0.304977;0.290152;0.262692;0.230162;0.187447;0.139097;0.095242;0.059385;0.035125
1129;0.019992;0.6;1.225192;1.152154;1.089919;0.988001;0.869935;0.725202;0.579815;0.441211;0.328433;0.238048
1015.2;0.040367;0.49;0.893404;0.805771;0.757451;0.675658;0.590570;0.483063;0.381128;0.285194;0.196442;0.129190
819.7;0.037152;0.28;0.659697;0.604026;0.582864;0.538375;0.485617;0.415868;0.330560;0.241999;0.162910;0.104082
696;0.018116;0.22;0.633485;0.599207;0.584552;0.556939;0.520468;0.464890;0.390436;0.307507;0.227097;0.169846
531.9;0.010283;0.61;0.251053;0.243941;0.238468;0.227959;0.212870;0.193004;0.169908;0.146954;0.127259;0.112987
976.8;0.048574;0.74;1.132774;1.002411;0.926155;0.802852;0.666995;0.508078;0.366985;0.253867;0.168115;0.108816
505.8;0.048239;0.64;0.437531;0.394236;0.371872;0.333714;0.289406;0.235004;0.179096;0.125200;0.080617;0.049815
357.8;0.031053;0.48;0.374569;0.344085;0.326669;0.295870;0.261685;0.217911;0.169826;0.121688;0.081794;0.053193
990.6;0.012841;0.86;0.915707;0.881187;0.837457;0.764703;0.671941;0.566775;0.458131;0.352604;0.268073;0.209473
904.1;0.039287;0.57;0.898769;0.810854;0.758035;0.668977;0.573172;0.464323;0.356630;0.263846;0.180218;0.118860
943.7;0.018708;0.28;0.779424;0.739977;0.718563;0.679390;0.626500;0.563778;0.488112;0.396284;0.300503;0.222534
877.9;0.046431;0.65;0.884174;0.785617;0.730773;0.640032;0.534645;0.419914;0.317845;0.227890;0.152823;0.099282
677.1;0.036715;0.36;0.586671;0.536649;0.514711;0.471125;0.422112;0.356753;0.281013;0.202814;0.135812;0.086614
651.7;0.022653;0.7;0.782350;0.726642;0.685276;0.617485;0.534762;0.440696;0.351317;0.261587;0.184414;0.128331
585.7;0.04791;0.32;0.425402;0.385698;0.370576;0.338877;0.297579;0.245509;0.182960;0.126455;0.078887;0.046598
1033.1;0.054352;0.85;1.307497;1.141533;1.069873;0.941411;0.784591;0.593765;0.415061;0.271319;0.170016;0.105791
1010.2;0.01344;0.66;0.869208;0.833631;0.794698;0.733370;0.659172;0.564954;0.461811;0.364439;0.282003;0.223282
1067;0.019176;0.18;0.806028;0.767509;0.749505;0.713889;0.668566;0.616445;0.541827;0.445777;0.341875;0.254518
755.1;0.046854;0.3;0.527644;0.477738;0.460517;0.426530;0.384371;0.319161;0.246280;0.171207;0.109511;0.066710
872.1;0.044836;0.85;1.236068;1.115332;1.037978;0.899714;0.738685;0.566194;0.396085;0.262760;0.163896;0.103272
1155.8;0.04885;0.48;0.866951;0.779556;0.733398;0.651782;0.564701;0.468209;0.368740;0.272900;0.183543;0.119312
699.6;0.035095;0.81;1.016870;0.912988;0.849841;0.744601;0.618564;0.474495;0.343414;0.233987;0.154014;0.100000
354;0.031275;0.72;0.398415;0.364495;0.342392;0.306077;0.266535;0.217333;0.167832;0.122524;0.082929;0.055450
1080.1;0.040562;0.11;0.723911;0.660146;0.642593;0.606439;0.563088;0.486957;0.391916;0.285356;0.189401;0.120176
868.1;0.052789;0.72;0.895958;0.803227;0.742572;0.638231;0.523132;0.405292;0.296557;0.208803;0.136696;0.087291
619.6;0.04354;0.65;0.608311;0.551170;0.515217;0.452863;0.384699;0.311489;0.238039;0.170643;0.112120;0.071504
1197.3;0.03618;0.79;1.672966;1.505563;1.408869;1.238090;1.057457;0.836399;0.602930;0.411999;0.263507;0.172177
501.8;0.024941;0.56;0.534328;0.499182;0.478042;0.440434;0.393184;0.331657;0.263668;0.195750;0.138093;0.095581
887.2;0.045198;0.6;0.834368;0.744678;0.697639;0.615082;0.520173;0.416398;0.320403;0.232292;0.156768;0.101857
844.5;0.029081;0.19;0.737901;0.689092;0.672097;0.631657;0.578231;0.498556;0.401717;0.304784;0.214310;0.143709
648.5;0.038384;0.27;0.535966;0.493154;0.476129;0.440143;0.392977;0.330073;0.254338;0.182465;0.117751;0.073175
428;0.054393;0.13;0.237629;0.213765;0.204614;0.186996;0.163302;0.129651;0.094259;0.062886;0.038330;0.023108
322.6;0.052147;0.46;0.239480;0.217710;0.207034;0.186132;0.159654;0.127994;0.092971;0.062911;0.038072;0.022694
679;0.05494;0.36;0.429990;0.386584;0.371664;0.340499;0.303771;0.249516;0.186092;0.127145;0.078883;0.046387
465.7;0.05695;0.33;0.287306;0.258528;0.247391;0.223657;0.194505;0.156718;0.112803;0.076137;0.045799;0.027088
953.2;0.050772;0.5;0.700264;0.624280;0.588329;0.529098;0.465294;0.387083;0.300761;0.220161;0.145537;0.091637
633.3;0.010068;0.25;0.339286;0.328883;0.320159;0.304545;0.282623;0.256634;0.229866;0.200591;0.173013;0.152960
1057.4;0.010155;0.85;0.649479;0.629734;0.606029;0.560966;0.502089;0.431167;0.361042;0.296446;0.240377;0.204749
960.8;0.014373;0.85;1.017829;0.966671;0.916930;0.831899;0.731511;0.615479;0.486668;0.370667;0.274023;0.205922
813.9;0.023036;0.57;0.878019;0.816907;0.774880;0.703240;0.616524;0.521569;0.425524;0.323093;0.230973;0.163066
459.2;0.01114;0.1;0.266543;0.258528;0.252499;0.240683;0.224534;0.203053;0.177145;0.150854;0.126397;0.108413
1161.6;0.031204;0.82;1.686773;1.556802;1.468045;1.311183;1.116381;0.874708;0.651054;0.445313;0.288782;0.185372
538.8;0.027053;0.65;0.605186;0.559595;0.533052;0.484611;0.425549;0.351915;0.275051;0.201286;0.140765;0.096271
1132.1;0.037068;0.16;0.787755;0.725426;0.708265;0.667323;0.613111;0.536065;0.438439;0.333395;0.228263;0.148150
501.4;0.056308;0.9;0.691141;0.613920;0.560990;0.472470;0.372319;0.276921;0.186170;0.121811;0.074237;0.044873
636.2;0.024925;0.35;0.634284;0.593271;0.572949;0.534455;0.484762;0.415915;0.333690;0.251418;0.177857;0.122340
378.8;0.026904;0.75;0.437561;0.406842;0.385472;0.347759;0.302318;0.247152;0.192497;0.140034;0.097557;0.066539
876.1;0.052974;0.47;0.587437;0.529784;0.506147;0.461244;0.410459;0.341690;0.266638;0.189045;0.122505;0.075584
462.6;0.027024;0.57;0.498964;0.463051;0.442558;0.404791;0.357428;0.299446;0.233805;0.174188;0.121726;0.082486
340.5;0.016906;0.48;0.320738;0.305092;0.296134;0.278520;0.254925;0.221909;0.181686;0.141293;0.105475;0.079906
950.9;0.03539;0.54;0.943860;0.867465;0.817420;0.729979;0.628872;0.515472;0.397219;0.295569;0.205840;0.139245
612.7;0.052833;0.24;0.385234;0.347334;0.334743;0.307899;0.271737;0.218394;0.162003;0.108406;0.067112;0.039548
894.6;0.029216;0.57;0.974884;0.891608;0.838061;0.749946;0.659457;0.547914;0.426253;0.315974;0.221555;0.153052
645.5;0.044785;0.22;0.475533;0.432512;0.417417;0.384492;0.339887;0.278720;0.211169;0.145549;0.090732;0.055553
864.6;0.041395;0.46;0.714199;0.646423;0.614357;0.556312;0.486900;0.409663;0.323924;0.238389;0.161316;0.104109
319.5;0.032519;0.53;0.330203;0.301890;0.286901;0.260688;0.229457;0.190131;0.147257;0.105797;0.069725;0.045379
1119.5;0.033681;0.47;1.029330;0.951098;0.902257;0.817067;0.715723;0.593780;0.469277;0.350901;0.249886;0.170800
1020.5;0.057485;0.77;1.089433;0.969184;0.900344;0.776543;0.635081;0.483460;0.344217;0.235759;0.152186;0.097571
971.3;0.014175;0.9;1.020688;0.972582;0.923545;0.840014;0.734002;0.620697;0.494442;0.374495;0.275421;0.208486
1031.8;0.023991;0.88;1.537152;1.420404;1.342907;1.211792;1.045629;0.838333;0.639163;0.442465;0.298008;0.193111
645;0.03235;0.7;0.784498;0.720647;0.674666;0.597037;0.506476;0.403148;0.306537;0.218805;0.150039;0.100272
855.6;0.039379;0.26;0.650017;0.594025;0.572441;0.530564;0.483437;0.412283;0.327922;0.238112;0.157709;0.100331
817.9;0.053882;0.13;0.468802;0.421158;0.406291;0.374583;0.335318;0.273701;0.202511;0.137629;0.085289;0.050212
777;0.033455;0.25;0.670719;0.618191;0.596719;0.554280;0.497477;0.425925;0.339099;0.252263;0.170598;0.109825
547.6;0.031871;0.56;0.569866;0.523344;0.495902;0.447848;0.394090;0.326372;0.254590;0.187913;0.127728;0.085018
523.8;0.047309;0.6;0.440872;0.398216;0.377855;0.340896;0.297818;0.243508;0.186141;0.130484;0.084122;0.051868
706.5;0.033396;0.39;0.645215;0.593489;0.567687;0.523389;0.466586;0.392423;0.312535;0.232265;0.157782;0.102839
504.9;0.053041;0.61;0.391994;0.352502;0.334891;0.302847;0.262887;0.214908;0.161332;0.112656;0.070970;0.042391
1024;0.033326;0.81;1.495601;1.369667;1.282898;1.126304;0.940879;0.747326;0.543184;0.369689;0.237920;0.155302
1187.5;0.034905;0.3;0.900079;0.829639;0.798442;0.739868;0.669557;0.579471;0.468630;0.361462;0.257248;0.174817
327;0.034372;0.33;0.323853;0.295465;0.280307;0.254563;0.223003;0.181742;0.138322;0.096300;0.062485;0.039284
782.1;0.021473;0.2;0.704708;0.669535;0.655452;0.624986;0.581895;0.515943;0.429295;0.332547;0.242823;0.173497
378.4;0.014278;0.52;0.301274;0.288454;0.279105;0.263234;0.243141;0.216295;0.183066;0.147901;0.115371;0.091116
1021.9;0.013369;0.76;0.950060;0.911282;0.865007;0.789983;0.697063;0.593864;0.477405;0.372365;0.283491;0.220479
1190.2;0.05442;0.34;0.678749;0.610873;0.588370;0.543564;0.492180;0.419207;0.332085;0.239708;0.157261;0.096969
360.3;0.021658;0.73;0.376432;0.354338;0.337587;0.311024;0.279292;0.237437;0.189114;0.142789;0.101385;0.072670
1145.5;0.05308;0.45;0.761942;0.676426;0.641081;0.578514;0.511930;0.429282;0.336163;0.248566;0.165697;0.104273
316.4;0.045587;0.54;0.275159;0.248935;0.235834;0.212098;0.184222;0.149461;0.110237;0.076271;0.047980;0.028979
1005.4;0.0569;0.65;0.871563;0.767183;0.709948;0.616184;0.517158;0.408638;0.304881;0.219265;0.145589;0.092667
780.7;0.016984;0.88;0.961193;0.909635;0.862060;0.781963;0.678224;0.554351;0.433963;0.322073;0.226654;0.163050
1096.8;0.029695;0.18;0.832613;0.783503;0.767518;0.728863;0.678585;0.600107;0.493678;0.383030;0.275599;0.188420
1109.1;0.059028;0.82;1.247563;1.109458;1.037561;0.903507;0.745706;0.563235;0.398251;0.263024;0.165477;0.105078
863.3;0.04224;0.15;0.613522;0.560874;0.544504;0.507202;0.458570;0.390046;0.299742;0.215078;0.137686;0.084619
424.1;0.05482;0.2;0.245649;0.222775;0.213128;0.193156;0.169046;0.134441;0.097410;0.065026;0.039495;0.023748
496;0.034112;0.6;0.513809;0.470333;0.443326;0.401062;0.349118;0.286988;0.223298;0.162966;0.110201;0.071450
463.9;0.010705;0.4;0.249850;0.241755;0.235654;0.224649;0.208113;0.189976;0.168851;0.145553;0.123629;0.107515
337.6;0.041144;0.36;0.298882;0.271696;0.257913;0.232094;0.201190;0.163548;0.120566;0.083630;0.052608;0.031542
396.2;0.021555;0.74;0.425885;0.400244;0.380403;0.346566;0.309133;0.263155;0.209796;0.157471;0.111629;0.079905
854.8;0.036372;0.34;0.701495;0.642489;0.619295;0.572550;0.512550;0.436230;0.348457;0.260313;0.177325;0.114431
1145.7;0.04625;0.59;1.078051;0.959797;0.893028;0.784127;0.664072;0.524152;0.398368;0.290350;0.199220;0.131656
619;0.040371;0.47;0.535048;0.483903;0.459935;0.419831;0.372957;0.310995;0.242360;0.175236;0.114164;0.072026
669.6;0.039418;0.33;0.546639;0.498320;0.480842;0.444506;0.398601;0.334962;0.260154;0.187379;0.121355;0.075887
1185.9;0.031672;0.77;1.634602;1.514021;1.423790;1.264822;1.069017;0.843114;0.628390;0.430793;0.284158;0.187139
1151;0.022209;0.56;1.228114;1.152992;1.091372;0.986483;0.861159;0.723596;0.574644;0.446474;0.323670;0.231569
909;0.031448;0.16;0.754022;0.699838;0.680534;0.639961;0.585892;0.504092;0.410294;0.309226;0.213533;0.142310
1189.5;0.010509;0.31;0.609090;0.595177;0.583443;0.561099;0.527625;0.480232;0.422567;0.362412;0.312492;0.276684
990.1;0.040441;0.24;0.708105;0.643054;0.621159;0.575606;0.528335;0.455602;0.365874;0.267686;0.179888;0.114831
603;0.057899;0.55;0.406183;0.367498;0.350443;0.317869;0.279614;0.229895;0.172115;0.118457;0.073953;0.043439
896.1;0.014772;0.26;0.683420;0.657830;0.641501;0.609875;0.567195;0.506554;0.436591;0.367054;0.293079;0.232604
519.7;0.01178;0.49;0.342489;0.330096;0.320697;0.303293;0.279833;0.247526;0.213248;0.180861;0.149375;0.125741
566;0.054312;0.68;0.478631;0.428244;0.401752;0.355189;0.304238;0.243222;0.183979;0.128327;0.081748;0.049528
912.2;0.022347;0.86;1.332544;1.236020;1.161104;1.042085;0.897388;0.720329;0.549883;0.385161;0.263527;0.174553
775.1;0.010446;0.71;0.426207;0.413613;0.400480;0.378203;0.347029;0.306587;0.263188;0.220412;0.185287;0.160057
670.4;0.050746;0.16;0.424930;0.383630;0.368279;0.337551;0.299804;0.243149;0.179366;0.121736;0.075529;0.044429
842.4;0.017025;0.85;1.030584;0.975350;0.924607;0.839099;0.728317;0.595362;0.466951;0.347249;0.245449;0.177900
825.2;0.014769;0.59;0.728251;0.694940;0.667594;0.618949;0.557128;0.482582;0.397456;0.314267;0.246369;0.193964
796.6;0.027628;0.87;1.242943;1.141907;1.064702;0.950544;0.805661;0.630944;0.464683;0.320546;0.208142;0.133493
825.2;0.039671;0.36;0.656004;0.596135;0.571612;0.523751;0.470683;0.400592;0.318151;0.231740;0.155654;0.099584
760.6;0.039259;0.82;1.083543;0.989419;0.918676;0.798391;0.655627;0.495109;0.356696;0.240026;0.155157;0.100332
374.3;0.043384;0.1;0.277069;0.251513;0.240064;0.216630;0.187067;0.147918;0.109648;0.073559;0.045811;0.027487
947.6;0.042401;0.49;0.798455;0.718653;0.679545;0.611232;0.531181;0.439230;0.345769;0.256358;0.174937;0.113803
1196.5;0.031668;0.22;0.883229;0.820058;0.797782;0.752624;0.696077;0.614164;0.504187;0.392796;0.283075;0.193661
619.1;0.016988;0.35;0.572477;0.542778;0.524794;0.491206;0.453909;0.404121;0.340200;0.268658;0.201656;0.150859
1174.1;0.047596;0.24;0.703693;0.635425;0.617086;0.577924;0.530096;0.458568;0.365474;0.269876;0.176622;0.109858
611.8;0.022089;0.57;0.642791;0.602299;0.572905;0.524153;0.469640;0.406464;0.329552;0.249997;0.177530;0.126752
1097.9;0.042523;0.63;1.159213;1.044647;0.972881;0.847936;0.708171;0.562103;0.416579;0.302179;0.204979;0.136487
709.2;0.052869;0.38;0.463718;0.420178;0.404349;0.371846;0.329664;0.274485;0.206600;0.143988;0.089959;0.053026
672.1;0.014219;0.14;0.553564;0.532757;0.516610;0.487906;0.456123;0.412448;0.354772;0.290762;0.228289;0.180166
496;0.058604;0.14;0.246283;0.222652;0.215285;0.197225;0.172906;0.137342;0.100478;0.066534;0.040490;0.024733
413.1;0.011573;0.14;0.253647;0.245064;0.239240;0.227906;0.211752;0.190499;0.165000;0.139011;0.114876;0.097042
578;0.05177;0.16;0.356150;0.324143;0.311867;0.285177;0.249302;0.198326;0.147215;0.098550;0.060615;0.035941
953.5;0.051786;0.11;0.552581;0.501737;0.486833;0.452313;0.404147;0.337229;0.254350;0.175717;0.108809;0.065515
1004.6;0.012493;0.88;0.894624;0.863887;0.823099;0.752146;0.663012;0.556152;0.453062;0.350851;0.268192;0.209601
924.4;0.037294;0.69;1.120166;1.019062;0.950952;0.834937;0.697507;0.541931;0.404483;0.285694;0.193925;0.129577
308.8;0.057158;0.7;0.243280;0.218188;0.205820;0.185819;0.159989;0.126356;0.093820;0.063750;0.038855;0.023187
1058.9;0.026074;0.13;0.828464;0.778324;0.764719;0.734602;0.690655;0.618768;0.518452;0.401878;0.295229;0.208553
1130.1;0.050323;0.19;0.647914;0.587319;0.570896;0.534311;0.491801;0.419857;0.329178;0.234726;0.151155;0.092750
993.9;0.04007;0.31;0.735487;0.669071;0.643834;0.594525;0.534045;0.460727;0.369713;0.275523;0.187129;0.120564
338.4;0.049481;0.81;0.356502;0.318234;0.292837;0.255475;0.213240;0.166177;0.123041;0.084116;0.053639;0.033366
640.4;0.049959;0.88;0.913409;0.806966;0.739886;0.640557;0.522360;0.386321;0.267796;0.173047;0.108183;0.066618
933.9;0.012478;0.9;0.822602;0.792458;0.754673;0.689257;0.607231;0.511692;0.416215;0.322020;0.246522;0.192880
956.6;0.02416;0.38;0.864432;0.803409;0.768310;0.714913;0.654337;0.578141;0.479610;0.372060;0.268309;0.191271
501.8;0.042673;0.33;0.410549;0.373946;0.358890;0.328269;0.288752;0.235163;0.178274;0.123231;0.077098;0.047460
542.1;0.034483;0.25;0.505055;0.459500;0.441681;0.406301;0.360818;0.300828;0.232379;0.166154;0.107313;0.068128
905.7;0.058643;0.69;0.815842;0.714319;0.661008;0.569418;0.477000;0.372780;0.275059;0.194578;0.127877;0.080632
729.7;0.047425;0.67;0.721048;0.649660;0.603627;0.524403;0.438312;0.349384;0.263492;0.188511;0.123649;0.078673
861.3;0.038392;0.25;0.662995;0.607073;0.586240;0.541607;0.494028;0.422924;0.336865;0.244667;0.163873;0.104553
512.8;0.024948;0.45;0.539856;0.503692;0.483532;0.446848;0.400717;0.340280;0.269467;0.201920;0.142211;0.097046
459.4;0.022805;0.14;0.512839;0.478340;0.459686;0.424570;0.377919;0.316975;0.253493;0.188526;0.131806;0.090107
1046.7;0.054328;0.62;0.895364;0.796208;0.738976;0.641572;0.538114;0.430114;0.323892;0.235628;0.157309;0.100863
990.2;0.03234;0.72;1.307327;1.197668;1.115536;0.976546;0.825069;0.658571;0.485333;0.342991;0.228813;0.154057
1141;0.050799;0.79;1.379444;1.212987;1.128611;0.984418;0.826764;0.632551;0.444176;0.301022;0.193531;0.123883
397.1;0.014917;0.73;0.314042;0.299383;0.289272;0.271760;0.248237;0.215647;0.179181;0.145389;0.112842;0.088449
464;0.05298;0.45;0.330485;0.298001;0.284163;0.259806;0.228277;0.183252;0.136242;0.091848;0.056418;0.033174
389.2;0.011381;0.38;0.220008;0.212789;0.208709;0.199748;0.187148;0.169647;0.148493;0.125880;0.105497;0.090124
740.8;0.054958;0.14;0.415772;0.374969;0.362983;0.334721;0.296070;0.238018;0.176827;0.118212;0.073067;0.043239
473.9;0.054997;0.76;0.452799;0.402480;0.373122;0.324876;0.271887;0.212442;0.157635;0.108532;0.068827;0.041767
1106.3;0.036205;0.18;0.792869;0.728639;0.710089;0.669235;0.614168;0.533360;0.437535;0.333071;0.228577;0.149802
389.2;0.01601;0.1;0.387544;0.371107;0.358111;0.334723;0.303933;0.262407;0.212968;0.166443;0.125664;0.095894
339.7;0.01889;0.32;0.362400;0.341748;0.328622;0.305391;0.275047;0.235295;0.187623;0.143480;0.104383;0.076127
801.6;0.045305;0.85;1.139522;1.024344;0.949762;0.817955;0.665866;0.511688;0.355130;0.236799;0.148497;0.092786
1132.1;0.013389;0.34;0.760087;0.736321;0.717244;0.682568;0.634630;0.571355;0.490993;0.404808;0.335872;0.279500
501.4;0.054882;0.58;0.369272;0.332449;0.316158;0.285986;0.249623;0.204696;0.152159;0.105100;0.065706;0.038895
636.2;0.024428;0.53;0.659525;0.613972;0.585903;0.540830;0.487690;0.416769;0.333073;0.250603;0.177657;0.124492
378.8;0.023452;0.2;0.425465;0.395894;0.379167;0.347316;0.306395;0.258450;0.203955;0.151202;0.103570;0.070538
876.1;0.03971;0.54;0.826608;0.744203;0.697744;0.620128;0.538249;0.437470;0.342098;0.253187;0.173130;0.113224
462.6;0.033794;0.22;0.446030;0.408589;0.390326;0.356263;0.312895;0.260154;0.197255;0.140516;0.090471;0.056569
340.5;0.028416;0.31;0.364024;0.334610;0.319307;0.292273;0.257944;0.213668;0.166348;0.119305;0.079778;0.052074
950.9;0.042781;0.52;0.830841;0.746527;0.700870;0.627587;0.542115;0.443319;0.346776;0.256323;0.175226;0.114290
612.7;0.05691;0.75;0.601582;0.529628;0.486312;0.419999;0.348074;0.269343;0.198720;0.136837;0.087445;0.053995
894.6;0.041021;0.67;1.014202;0.914231;0.848147;0.736601;0.612506;0.484370;0.357856;0.257907;0.173607;0.114215
645.5;0.024142;0.5;0.656590;0.612818;0.586420;0.544011;0.492474;0.422811;0.339327;0.255815;0.181979;0.127781
864.6;0.020259;0.82;1.169333;1.098953;1.032343;0.920278;0.796654;0.648064;0.498653;0.360057;0.252331;0.174068
319.5;0.031957;0.86;0.416055;0.381741;0.353810;0.308599;0.257261;0.205450;0.152149;0.107442;0.071110;0.047247
1119.5;0.011363;0.47;0.697307;0.674137;0.652132;0.616655;0.571251;0.508663;0.435691;0.361987;0.296536;0.253570
1020.5;0.053809;0.33;0.597241;0.541346;0.521422;0.484373;0.439609;0.369426;0.290324;0.205352;0.130672;0.079932
971.3;0.040505;0.84;1.395166;1.262693;1.182761;1.041355;0.871003;0.665419;0.474966;0.314393;0.200039;0.126593
1031.8;0.02018;0.5;1.002395;0.946947;0.904400;0.829114;0.737613;0.632300;0.516230;0.410846;0.305592;0.223157
645;0.035996;0.8;0.904692;0.823842;0.764674;0.664649;0.547870;0.417976;0.306091;0.210080;0.138746;0.090774
855.6;0.012691;0.27;0.601168;0.579885;0.565357;0.538699;0.500899;0.448220;0.383690;0.327193;0.269190;0.223699
817.9;0.053109;0.19;0.489015;0.440646;0.425542;0.391852;0.349923;0.289464;0.214104;0.147994;0.091789;0.053861
777;0.032147;0.2;0.685435;0.630535;0.609859;0.567532;0.511155;0.437585;0.349630;0.260230;0.176148;0.114390
547.6;0.0374;0.56;0.525096;0.481199;0.456600;0.411118;0.357670;0.297097;0.231194;0.166769;0.111649;0.071804
523.8;0.038343;0.47;0.473224;0.430851;0.410684;0.375787;0.333021;0.276812;0.214036;0.153982;0.100120;0.062995
706.5;0.04402;0.4;0.539330;0.490222;0.470738;0.433385;0.386877;0.326025;0.250593;0.180641;0.117031;0.072460
504.9;0.028569;0.7;0.592204;0.547580;0.516815;0.464681;0.402008;0.327681;0.253494;0.183575;0.127055;0.086094
1024;0.013911;0.46;0.780622;0.754043;0.729527;0.684829;0.626749;0.553283;0.465161;0.376552;0.302594;0.246236
1187.5;0.032818;0.66;1.443006;1.320190;1.234241;1.086770;0.924680;0.744873;0.555601;0.397315;0.268787;0.183681
327;0.012392;0.84;0.164730;0.158888;0.154618;0.147274;0.136711;0.122594;0.105324;0.087656;0.072901;0.062127
782.1;0.046913;0.76;0.948990;0.841367;0.773654;0.667793;0.550414;0.418015;0.303041;0.209047;0.137782;0.088519
378.4;0.0119;0.13;0.234449;0.225805;0.220420;0.209870;0.194384;0.174405;0.150469;0.125961;0.103761;0.087657
1190.2;0.047119;0.81;1.526732;1.367498;1.279505;1.118619;0.932029;0.725751;0.513706;0.343272;0.216114;0.138851
360.3;0.056872;0.61;0.266918;0.239271;0.228278;0.206963;0.178891;0.142539;0.105335;0.071418;0.043248;0.025612
1145.5;0.035668;0.11;0.805811;0.740761;0.724714;0.686993;0.635148;0.556376;0.458178;0.349270;0.238962;0.157102
316.4;0.022045;0.88;0.364050;0.341255;0.321602;0.288403;0.249208;0.208082;0.161666;0.117262;0.082356;0.057386
915.5;0.022998;0.41;0.849852;0.795454;0.761278;0.700162;0.638344;0.562780;0.468525;0.363664;0.262459;0.188886
1005.4;0.047949;0.42;0.703772;0.633566;0.601187;0.548233;0.489438;0.412816;0.326036;0.240647;0.159080;0.100246
780.7;0.059667;0.51;0.486718;0.440456;0.421164;0.382939;0.337640;0.281065;0.212421;0.149394;0.093873;0.055202
1096.8;0.027835;0.54;1.165061;1.076601;1.013601;0.905887;0.786521;0.660691;0.523809;0.391707;0.275713;0.193196
863.3;0.015502;0.78;0.924256;0.879829;0.836545;0.763709;0.670473;0.557610;0.444341;0.337980;0.248214;0.187726
424.1;0.039852;0.48;0.383109;0.350670;0.334867;0.303922;0.267897;0.220081;0.167632;0.117881;0.076163;0.047373
496;0.03153;0.8;0.667703;0.611677;0.570014;0.500783;0.419875;0.328925;0.245839;0.171814;0.115767;0.076433
463.9;0.046536;0.41;0.366211;0.333021;0.318262;0.288893;0.251732;0.206750;0.153301;0.106067;0.066299;0.039519
337.6;0.023059;0.14;0.377543;0.351065;0.334651;0.305468;0.271887;0.229262;0.179789;0.132712;0.091209;0.061579
396.2;0.01474;0.35;0.346867;0.333317;0.323737;0.306027;0.282541;0.248737;0.207087;0.164851;0.125724;0.098545
854.8;0.032548;0.36;0.750743;0.691428;0.663945;0.612871;0.551441;0.470204;0.375557;0.282553;0.196632;0.131892
1145.7;0.042004;0.47;0.958556;0.864271;0.812583;0.724900;0.633128;0.517836;0.409287;0.307523;0.213086;0.140848
619;0.016602;0.49;0.571206;0.541951;0.521736;0.488474;0.444059;0.386520;0.325327;0.259815;0.196230;0.148361
669.6;0.032641;0.67;0.781033;0.721609;0.676235;0.599770;0.510670;0.409259;0.312834;0.225664;0.155004;0.103834
624.3;0.054189;0.16;0.362907;0.329121;0.317424;0.290165;0.254164;0.203332;0.150234;0.100787;0.061397;0.036411
469.9;0.030219;0.54;0.494781;0.454965;0.432664;0.393602;0.347696;0.287757;0.226388;0.166840;0.113178;0.075468
301.1;0.02506;0.89;0.373137;0.343490;0.321187;0.288476;0.249132;0.201540;0.151639;0.109871;0.073940;0.050788
584.8;0.057529;0.23;0.332313;0.297391;0.285785;0.260302;0.226243;0.183689;0.133461;0.090078;0.053975;0.031548
929.7;0.033032;0.23;0.755846;0.697187;0.675084;0.632438;0.576976;0.494508;0.402226;0.303972;0.208721;0.139108
862.7;0.024382;0.23;0.754411;0.711191;0.694916;0.659309;0.612532;0.540670;0.446616;0.341241;0.248220;0.175138
788.8;0.014231;0.16;0.614697;0.591862;0.576262;0.548046;0.507998;0.458890;0.401695;0.334623;0.266323;0.212396
695.1;0.039109;0.67;0.781543;0.702986;0.652268;0.568517;0.481036;0.381865;0.288524;0.208615;0.140471;0.091239
558.7;0.017653;0.46;0.533623;0.505669;0.486304;0.452825;0.414751;0.365927;0.305233;0.238455;0.177066;0.131398
751.5;0.013655;0.51;0.594141;0.572709;0.553528;0.519112;0.476296;0.416544;0.348883;0.283340;0.227701;0.183676
985.4;0.039028;0.58;1.005373;0.908835;0.849346;0.748417;0.632576;0.512825;0.389714;0.286678;0.196947;0.131982
986.2;0.024351;0.81;1.413709;1.315007;1.240574;1.108401;0.944341;0.761786;0.569483;0.406350;0.273087;0.183027
818.5;0.028096;0.2;0.732169;0.683366;0.665705;0.626549;0.572199;0.494484;0.396830;0.302836;0.213759;0.143611
972.9;0.046241;0.33;0.652711;0.589151;0.568962;0.527566;0.477628;0.407937;0.321404;0.235698;0.154167;0.095885
881;0.052916;0.15;0.514990;0.464867;0.449837;0.415434;0.370329;0.308163;0.229295;0.158417;0.098213;0.057994
410.9;0.027396;0.21;0.444265;0.409245;0.389124;0.354539;0.315620;0.263431;0.205604;0.148281;0.100024;0.064905
754;0.058087;0.15;0.399156;0.357026;0.344725;0.317302;0.278303;0.224807;0.166158;0.111785;0.067695;0.040154
612.5;0.057678;0.25;0.351490;0.314730;0.302635;0.276684;0.240992;0.195184;0.142860;0.096307;0.057550;0.033809
382.9;0.020302;0.71;0.391383;0.367702;0.351834;0.323872;0.291489;0.250807;0.202540;0.153742;0.110631;0.080140
433.1;0.048412;0.82;0.517612;0.464405;0.424737;0.360280;0.292759;0.226238;0.162721;0.112773;0.071937;0.044934
478.4;0.040777;0.51;0.424447;0.387010;0.368909;0.336301;0.295652;0.245344;0.186469;0.133247;0.086324;0.053867
905;0.055946;0.78;1.005488;0.896606;0.829833;0.713288;0.580057;0.440303;0.313239;0.214337;0.137935;0.087891
688.4;0.040127;0.28;0.544484;0.500878;0.483203;0.447271;0.400176;0.337346;0.259537;0.186361;0.120163;0.074175
925;0.045107;0.44;0.699514;0.631775;0.599898;0.541107;0.481338;0.405133;0.320618;0.235787;0.155961;0.099405
531.1;0.047184;0.39;0.403449;0.366926;0.352205;0.321618;0.282140;0.232037;0.173721;0.120272;0.075249;0.044760
308.8;0.029255;0.66;0.332940;0.306559;0.291622;0.264958;0.231955;0.192127;0.150568;0.110541;0.075570;0.050645
779.1;0.022575;0.86;1.139553;1.056658;0.995218;0.889300;0.757997;0.610391;0.460201;0.325859;0.220336;0.147724
551.5;0.011838;0.27;0.389554;0.374745;0.364521;0.344648;0.315295;0.283887;0.246806;0.206691;0.169842;0.141876
1151.6;0.033606;0.7;1.470211;1.339382;1.251956;1.098728;0.933299;0.744625;0.548367;0.387126;0.258688;0.174560
1115.8;0.042254;0.52;0.999381;0.899792;0.842288;0.742565;0.642496;0.519263;0.403819;0.300837;0.207693;0.137447
653.4;0.023949;0.71;0.808562;0.749190;0.705082;0.630607;0.542016;0.445035;0.350859;0.257274;0.179925;0.124572
322.4;0.035893;0.8;0.374762;0.340225;0.317800;0.280733;0.237539;0.189099;0.143257;0.101521;0.068094;0.044164
904.3;0.022283;0.29;0.778030;0.731577;0.709346;0.672502;0.627928;0.561848;0.472436;0.370298;0.269144;0.194367
1053.5;0.024875;0.85;1.556440;1.441334;1.363516;1.223194;1.048870;0.845252;0.635050;0.444136;0.295606;0.194382
1174.3;0.042524;0.12;0.741425;0.669863;0.651532;0.618629;0.575037;0.499651;0.404303;0.296269;0.196266;0.124551
351.2;0.05457;0.55;0.260307;0.235833;0.224950;0.203409;0.175829;0.140364;0.103287;0.069884;0.042263;0.024863
705.3;0.053055;0.81;0.853315;0.762553;0.702435;0.599567;0.483300;0.364715;0.258319;0.175539;0.111641;0.070180
824.2;0.020496;0.23;0.718866;0.676661;0.662539;0.632796;0.593135;0.531823;0.448252;0.352909;0.257456;0.188686
918;0.029955;0.44;0.853432;0.789380;0.756620;0.696230;0.622761;0.527920;0.422970;0.317498;0.225422;0.154448
947.5;0.054394;0.36;0.565759;0.512293;0.493264;0.458349;0.412652;0.343981;0.269306;0.190103;0.120255;0.072627
885;0.022826;0.55;0.938657;0.872951;0.826802;0.752827;0.662359;0.559372;0.457568;0.350494;0.252039;0.178102
954.2;0.05834;0.76;0.997190;0.879307;0.813912;0.698089;0.568402;0.435854;0.310540;0.215721;0.140110;0.089386
636.5;0.040958;0.41;0.524813;0.475470;0.456622;0.419775;0.374598;0.314151;0.242873;0.175126;0.113459;0.070645
823.4;0.018267;0.6;0.847273;0.794744;0.758414;0.697472;0.619285;0.526594;0.424372;0.333132;0.248816;0.183742
404.5;0.05131;0.87;0.527806;0.470528;0.427338;0.357958;0.285973;0.215408;0.150435;0.101089;0.063306;0.039002
351.9;0.042785;0.76;0.371353;0.333683;0.309595;0.272322;0.232248;0.186356;0.139564;0.098874;0.064110;0.040488
1181.8;0.037323;0.75;1.564490;1.396762;1.303515;1.161095;0.984242;0.770117;0.552948;0.382514;0.251272;0.164984
556.3;0.022566;0.86;0.780082;0.725633;0.678142;0.600223;0.515736;0.414009;0.310915;0.225122;0.151674;0.103345
835.5;0.012008;0.25;0.560826;0.542640;0.529952;0.505581;0.470054;0.420019;0.362294;0.310956;0.259313;0.218272
1165.9;0.021669;0.64;1.364266;1.271519;1.197607;1.083718;0.942650;0.776201;0.608483;0.457322;0.330639;0.234851
467.2;0.028056;0.69;0.534913;0.497255;0.470432;0.424215;0.369007;0.302176;0.235321;0.171202;0.119129;0.080673
473.7;0.041673;0.76;0.550438;0.491427;0.456601;0.398064;0.330248;0.259537;0.194474;0.136554;0.089772;0.057457
607.5;0.059305;0.64;0.445439;0.399763;0.377888;0.337842;0.291240;0.237173;0.177045;0.123830;0.078008;0.046176
1139.6;0.020358;0.36;0.959536;0.904778;0.871857;0.811151;0.741806;0.647212;0.553287;0.450809;0.341180;0.250914
651.6;0.047854;0.13;0.439170;0.397019;0.381097;0.347780;0.307021;0.250478;0.183571;0.126228;0.078371;0.046382
545.9;0.054316;0.2;0.325081;0.295161;0.283714;0.257977;0.224401;0.180500;0.131901;0.088773;0.053318;0.031613
436.8;0.033611;0.33;0.426765;0.391629;0.374281;0.342063;0.301153;0.250644;0.192225;0.137349;0.088837;0.056482
657.4;0.017946;0.77;0.753589;0.705406;0.665491;0.606925;0.531702;0.440715;0.350272;0.262181;0.193255;0.139731
637.3;0.050546;0.82;0.807780;0.717053;0.660924;0.564793;0.455097;0.341505;0.243183;0.164442;0.104289;0.065417
418;0.033825;0.46;0.417389;0.380526;0.360598;0.329272;0.290817;0.241429;0.187419;0.134372;0.088363;0.056813
691.5;0.015814;0.89;0.780487;0.744427;0.705298;0.642430;0.559156;0.459945;0.363065;0.272359;0.196089;0.143531
382.4;0.053786;0.13;0.213780;0.192500;0.184989;0.168691;0.146419;0.115640;0.084546;0.055991;0.034299;0.021137
853.2;0.041759;0.79;1.147537;1.040105;0.965500;0.836221;0.685639;0.525642;0.374349;0.256055;0.165714;0.107615
309.9;0.014864;0.52;0.248348;0.237817;0.231477;0.219376;0.202868;0.179382;0.150212;0.120317;0.092790;0.072994
815.9;0.055422;0.88;1.084940;0.957502;0.891687;0.775526;0.635812;0.471710;0.328722;0.211097;0.129982;0.079757
1010.8;0.011751;0.8;0.810237;0.775372;0.740835;0.681073;0.602090;0.511722;0.420725;0.331807;0.261074;0.211324
511.8;0.011987;0.23;0.367089;0.351972;0.341963;0.322657;0.299934;0.269727;0.232547;0.193580;0.158489;0.131474
703.2;0.059428;0.38;0.410189;0.368141;0.353807;0.327627;0.291252;0.236205;0.177753;0.120052;0.073083;0.042625
812.4;0.044309;0.15;0.570018;0.516935;0.499479;0.463697;0.419098;0.348743;0.267239;0.186084;0.118695;0.072676
355.3;0.028834;0.46;0.380306;0.350860;0.334850;0.304127;0.267718;0.223877;0.174751;0.127315;0.086512;0.056503
746.7;0.035216;0.45;0.679254;0.622359;0.592968;0.541300;0.480277;0.400265;0.317958;0.236400;0.161094;0.104688
878.1;0.048175;0.36;0.589570;0.534484;0.515042;0.476347;0.428421;0.362988;0.282608;0.203094;0.131529;0.081145
499.1;0.012444;0.83;0.324541;0.313587;0.302258;0.282386;0.256670;0.224696;0.187646;0.153867;0.122209;0.100970
1053.4;0.046296;0.5;0.843375;0.760381;0.716963;0.638383;0.549664;0.454298;0.356754;0.261883;0.178014;0.115975
1174;0.045066;0.67;1.276217;1.143623;1.065331;0.925300;0.771245;0.604264;0.439354;0.313582;0.210809;0.139301
1061.7;0.032945;0.63;1.234132;1.126868;1.051267;0.929597;0.798796;0.642657;0.482480;0.348886;0.240794;0.163831
755.4;0.039115;0.77;1.006330;0.914523;0.847180;0.733909;0.601949;0.464116;0.335012;0.232852;0.152959;0.100334
551;0.026954;0.31;0.571185;0.528544;0.507883;0.469253;0.420386;0.353089;0.280508;0.208329;0.143842;0.096572
972;0.018531;0.72;1.153418;1.087717;1.026608;0.926408;0.803591;0.668741;0.524436;0.392655;0.285612;0.206959
513.2;0.02996;0.43;0.523151;0.482950;0.461774;0.423871;0.375658;0.313398;0.247761;0.182685;0.123780;0.081533
1161.6;0.055989;0.14;0.595975;0.541579;0.527178;0.493788;0.446604;0.377202;0.288523;0.201154;0.125137;0.075133
858.2;0.021302;0.8;1.168978;1.090506;1.021214;0.917525;0.788931;0.637264;0.490423;0.352930;0.247127;0.169971
840.2;0.02805;0.88;1.315156;1.210859;1.130919;1.011584;0.859869;0.675541;0.495270;0.341182;0.219699;0.140102
455.3;0.026228;0.19;0.495611;0.458972;0.438315;0.400511;0.353244;0.299021;0.233994;0.172322;0.116623;0.076809
381.3;0.014179;0.51;0.302560;0.289959;0.280572;0.264561;0.244533;0.217608;0.184252;0.149015;0.116439;0.092102
529.7;0.035633;0.7;0.610950;0.556398;0.518591;0.454810;0.387772;0.310850;0.235290;0.170269;0.114326;0.074653
1072.7;0.051643;0.19;0.613504;0.553712;0.537714;0.505239;0.461784;0.388326;0.303528;0.212366;0.135083;0.082544
1120;0.055231;0.13;0.591151;0.533264;0.518894;0.485102;0.437584;0.368971;0.280913;0.195352;0.121347;0.072903
929.7;0.04618;0.45;0.694789;0.627953;0.595376;0.537721;0.476845;0.400528;0.316073;0.232627;0.153848;0.097089
952.7;0.02915;0.2;0.785359;0.734886;0.718496;0.678649;0.625996;0.546860;0.443057;0.341164;0.242887;0.164264
506.9;0.024901;0.88;0.740260;0.687229;0.644503;0.570785;0.481222;0.375594;0.284207;0.198399;0.133065;0.087398
818.4;0.044586;0.85;1.168828;1.053331;0.978278;0.845083;0.690524;0.528840;0.368834;0.245355;0.153704;0.096563
1029.6;0.054023;0.85;1.309047;1.141094;1.069671;0.941693;0.785263;0.594789;0.415340;0.271939;0.170274;0.105957
663.5;0.056227;0.89;0.893653;0.797939;0.737426;0.632380;0.509181;0.376907;0.258796;0.167138;0.101356;0.061672
1189.6;0.014063;0.65;1.079726;1.031315;0.981878;0.899206;0.803750;0.687269;0.556058;0.437787;0.334955;0.260391
381;0.034134;0.66;0.401667;0.369609;0.349159;0.313553;0.270198;0.222992;0.172562;0.124665;0.084079;0.054707
588.8;0.016413;0.4;0.540289;0.513083;0.496637;0.465036;0.424846;0.376751;0.318222;0.252701;0.191130;0.143363
760.3;0.022646;0.15;0.709403;0.672569;0.657905;0.623642;0.576779;0.506053;0.416153;0.317121;0.231138;0.163210
354.5;0.054198;0.45;0.250468;0.227817;0.216935;0.195245;0.167789;0.134918;0.097618;0.065907;0.039834;0.023786
953.1;0.019814;0.53;0.951285;0.897827;0.856620;0.784880;0.696724;0.595847;0.484478;0.383740;0.284465;0.207602
800.9;0.016068;0.53;0.724954;0.688511;0.661733;0.617365;0.559328;0.484551;0.399077;0.319716;0.247790;0.189776
776.4;0.037185;0.73;0.988012;0.900339;0.836728;0.729805;0.604896;0.469862;0.346353;0.243963;0.163216;0.108258
1047;0.025731;0.58;1.172326;1.079654;1.022896;0.920387;0.795068;0.653393;0.523258;0.391181;0.277089;0.193381
1010.1;0.049577;0.6;0.897688;0.802970;0.748863;0.654838;0.550294;0.441208;0.337095;0.244265;0.163031;0.105661
586;0.051959;0.8;0.689297;0.615947;0.564235;0.477696;0.385563;0.295625;0.210932;0.145865;0.093278;0.058291
707;0.044012;0.2;0.518693;0.470578;0.453334;0.420186;0.375644;0.309552;0.236696;0.162941;0.103638;0.063543
977;0.030846;0.75;1.340996;1.239749;1.158767;1.018681;0.852874;0.679675;0.504622;0.352340;0.233762;0.156695
398.9;0.042144;0.88;0.575177;0.513414;0.466973;0.397575;0.323827;0.242154;0.172302;0.115147;0.073692;0.046191
398.8;0.020704;0.28;0.438665;0.412753;0.396668;0.367673;0.330416;0.280730;0.221854;0.168631;0.120351;0.084659
542.9;0.040864;0.83;0.765349;0.687034;0.629803;0.536256;0.437369;0.333946;0.237048;0.163363;0.105581;0.066908
772.2;0.04376;0.64;0.779369;0.697309;0.648610;0.571318;0.481676;0.382824;0.291877;0.210434;0.141307;0.091457
1175.4;0.040051;0.68;1.361693;1.242277;1.162192;1.022768;0.856578;0.662567;0.490691;0.343590;0.232489;0.156235
939.4;0.027315;0.65;1.144896;1.058082;0.992654;0.881845;0.751726;0.613552;0.477046;0.346942;0.239892;0.165795
580.7;0.02822;0.74;0.750017;0.684957;0.637222;0.562228;0.484863;0.392502;0.296080;0.214169;0.146271;0.099295
562.3;0.018574;0.52;0.551168;0.520512;0.499640;0.463729;0.420681;0.368286;0.305745;0.237528;0.174705;0.128046
1065.3;0.049768;0.7;1.138275;1.002447;0.927578;0.812167;0.674647;0.517094;0.378708;0.265285;0.177649;0.115994
1120.5;0.034633;0.5;1.060207;0.979091;0.926407;0.833101;0.723610;0.593144;0.464826;0.345478;0.244921;0.167276
875.3;0.027731;0.83;1.320330;1.210990;1.130016;1.008649;0.854942;0.670776;0.497705;0.346111;0.227604;0.147678
529.8;0.048753;0.2;0.362970;0.327334;0.313329;0.287240;0.251610;0.201453;0.148867;0.099942;0.062145;0.036920
379.8;0.02184;0.78;0.418411;0.392730;0.371728;0.336717;0.297895;0.252138;0.199681;0.148744;0.104949;0.074754
1054.4;0.052242;0.24;0.608810;0.549059;0.531479;0.497973;0.454635;0.382755;0.299879;0.210742;0.134224;0.082080
826.2;0.050826;0.71;0.860126;0.767881;0.710576;0.612313;0.503302;0.391582;0.289143;0.204101;0.133656;0.085294
1153.3;0.052311;0.47;0.802528;0.714176;0.671362;0.602468;0.528454;0.439888;0.345106;0.255758;0.171213;0.108629
354.9;0.028509;0.58;0.382861;0.352830;0.336172;0.306831;0.269982;0.223705;0.175982;0.129551;0.088407;0.059266
826.2;0.029161;0.39;0.757190;0.706695;0.681064;0.631354;0.569411;0.486699;0.390155;0.294428;0.208588;0.141395
556.6;0.053067;0.42;0.384736;0.345909;0.331250;0.301630;0.267669;0.218431;0.162283;0.110579;0.068673;0.040395
1045;0.033195;0.68;1.303419;1.187251;1.106651;0.968818;0.829166;0.660980;0.488837;0.349091;0.236782;0.159740
471.9;0.038527;0.86;0.695153;0.627451;0.575613;0.491399;0.395545;0.304926;0.215707;0.147412;0.094547;0.060088
698.3;0.044765;0.8;0.923933;0.825665;0.759280;0.646270;0.533034;0.403514;0.287939;0.197127;0.128265;0.081741
654.1;0.058046;0.59;0.458395;0.412629;0.392240;0.353937;0.308052;0.252906;0.190330;0.133576;0.084294;0.049931
909.2;0.041829;0.61;0.924955;0.832202;0.773826;0.674948;0.575587;0.457184;0.348519;0.254610;0.173344;0.113514
486.8;0.038545;0.72;0.552802;0.496190;0.459865;0.406589;0.343654;0.273270;0.207284;0.147729;0.098868;0.063813
586.3;0.056356;0.82;0.688583;0.607784;0.553992;0.467666;0.378880;0.285742;0.201707;0.136663;0.086901;0.053801
420.4;0.053188;0.28;0.271339;0.246752;0.235648;0.212781;0.183489;0.147743;0.106773;0.072077;0.043466;0.025326
904.3;0.018492;0.18;0.739845;0.702511;0.683437;0.647579;0.612628;0.559700;0.483350;0.391162;0.296041;0.221156
813.9;0.018935;0.76;0.999263;0.939314;0.883812;0.792886;0.692132;0.569519;0.446706;0.330283;0.239414;0.170467
452.8;0.022175;0.44;0.479259;0.451253;0.435425;0.404132;0.364595;0.310757;0.249216;0.186679;0.133141;0.093694
432.9;0.047589;0.68;0.391101;0.352323;0.332238;0.296700;0.256225;0.206581;0.156751;0.108945;0.070054;0.043297
728.5;0.019957;0.85;0.985577;0.925705;0.868086;0.776427;0.670916;0.543670;0.419657;0.301219;0.211333;0.145091
1117.3;0.059147;0.34;0.594914;0.536161;0.518654;0.481492;0.434108;0.366795;0.286030;0.203085;0.128272;0.075687
797;0.045482;0.35;0.568498;0.516609;0.497857;0.460833;0.413554;0.350245;0.270496;0.194685;0.126102;0.077668
329.6;0.018772;0.54;0.325040;0.309341;0.298415;0.279110;0.253537;0.219008;0.177976;0.135902;0.099756;0.073647
348.5;0.052915;0.54;0.263287;0.238990;0.228191;0.206754;0.179078;0.142376;0.105543;0.071393;0.043176;0.025450
1024.6;0.055471;0.61;0.842225;0.745283;0.691235;0.603881;0.512203;0.410238;0.310236;0.225246;0.150090;0.095437
706.2;0.058083;0.58;0.491312;0.441375;0.418423;0.378256;0.329018;0.270222;0.205064;0.144521;0.091570;0.054392
644.4;0.03853;0.23;0.531853;0.489247;0.471850;0.435714;0.387654;0.325350;0.248592;0.177747;0.114393;0.070286
1010.7;0.038144;0.43;0.854544;0.774864;0.735275;0.664665;0.589016;0.491110;0.391334;0.295252;0.203644;0.134902
627.9;0.018833;0.4;0.599599;0.566367;0.544908;0.510246;0.469925;0.416259;0.346465;0.269754;0.197535;0.145410
779.1;0.035684;0.16;0.643785;0.590916;0.569415;0.529016;0.480653;0.408398;0.322948;0.232198;0.154806;0.098180
940.5;0.037424;0.29;0.725672;0.665023;0.643023;0.596418;0.537051;0.461879;0.370531;0.277623;0.189140;0.121995
1084.3;0.018264;0.9;1.402182;1.326920;1.260479;1.149807;1.007377;0.830158;0.645616;0.472800;0.332989;0.228902
595.8;0.034695;0.83;0.873134;0.790655;0.735751;0.641022;0.529636;0.404426;0.293665;0.199211;0.131174;0.085040
885.1;0.036756;0.73;1.145986;1.034261;0.965588;0.848115;0.707276;0.546983;0.403181;0.279491;0.188602;0.124957
1177.4;0.01994;0.21;0.868325;0.821171;0.802023;0.763517;0.711863;0.650752;0.574033;0.475375;0.366083;0.271806
368.4;0.041158;0.54;0.336620;0.306977;0.291591;0.264198;0.231853;0.188720;0.143713;0.099706;0.064220;0.040003
828.3;0.011316;0.14;0.520012;0.502941;0.491413;0.469630;0.437241;0.391634;0.349012;0.302558;0.256637;0.220159
672.5;0.02594;0.64;0.778695;0.717700;0.675389;0.606752;0.531138;0.443858;0.347303;0.257170;0.179033;0.124317
578.2;0.03665;0.76;0.747756;0.677737;0.627087;0.543062;0.448228;0.353467;0.259479;0.183682;0.122167;0.080025
537.5;0.026339;0.83;0.764058;0.707371;0.659316;0.579052;0.484740;0.388938;0.292264;0.205688;0.138236;0.093026
982.9;0.04011;0.22;0.703048;0.639897;0.618808;0.574042;0.528513;0.455634;0.365563;0.266960;0.179064;0.114099
1195.7;0.028097;0.34;0.978978;0.909403;0.875446;0.813845;0.746827;0.653495;0.538365;0.417063;0.303214;0.215500
467.9;0.016746;0.72;0.441096;0.418362;0.399677;0.370223;0.333924;0.286203;0.233014;0.184401;0.137860;0.104374
1003;0.055691;0.49;0.660693;0.591313;0.560905;0.508167;0.447841;0.371623;0.290535;0.207945;0.136458;0.084288
476.2;0.042028;0.54;0.420004;0.382069;0.363367;0.330751;0.290206;0.240185;0.182814;0.130059;0.084034;0.052477
1193.1;0.042939;0.8;1.555299;1.420340;1.333795;1.176296;0.987067;0.757022;0.546655;0.363039;0.234145;0.150521
681.8;0.047228;0.12;0.463322;0.419198;0.402988;0.368946;0.324131;0.266499;0.196689;0.135311;0.083869;0.050205
956;0.052109;0.38;0.598659;0.542783;0.521871;0.480543;0.433926;0.365084;0.286171;0.202966;0.131531;0.080960
748.5;0.035833;0.53;0.725100;0.662621;0.626167;0.561550;0.492053;0.405129;0.316907;0.235046;0.160227;0.105362
1028.1;0.017593;0.7;1.163891;1.097075;1.039876;0.944914;0.823775;0.686758;0.542171;0.411186;0.300378;0.222808
620.9;0.029033;0.88;0.972536;0.902659;0.840227;0.736635;0.609153;0.477406;0.348704;0.236125;0.153320;0.099375
365.9;0.051051;0.66;0.306093;0.276443;0.261718;0.234471;0.202556;0.164837;0.121960;0.084672;0.053213;0.031879
831.9;0.018568;0.32;0.725708;0.689311;0.667232;0.627850;0.574646;0.516116;0.441936;0.353973;0.265408;0.195987
474.4;0.058324;0.83;0.532832;0.466340;0.423832;0.361801;0.292947;0.218833;0.157531;0.105871;0.066444;0.040278
689.1;0.050315;0.47;0.493520;0.445920;0.426239;0.390165;0.347635;0.286972;0.221916;0.155610;0.098314;0.060126
974.2;0.021109;0.69;1.188437;1.109753;1.045366;0.942521;0.816731;0.671283;0.522980;0.391435;0.280468;0.198665
335.3;0.059989;0.55;0.229667;0.205135;0.194712;0.174791;0.151815;0.120801;0.087757;0.057951;0.034772;0.021622
1151.7;0.013187;0.9;1.097115;1.065733;1.013996;0.928919;0.819720;0.686711;0.556361;0.429151;0.322605;0.245842
987.3;0.031274;0.41;0.876004;0.814046;0.779588;0.716998;0.641457;0.544544;0.437071;0.330073;0.235030;0.160249
802.9;0.030217;0.81;1.183474;1.095233;1.021003;0.894869;0.743769;0.587795;0.432186;0.297832;0.195178;0.128948
465.5;0.030015;0.81;0.629162;0.571886;0.533283;0.471708;0.397982;0.314156;0.235032;0.165421;0.111482;0.074195
748.2;0.015596;0.41;0.641920;0.611906;0.593607;0.557966;0.511620;0.448054;0.377967;0.309849;0.240553;0.185772
766.1;0.031216;0.68;0.942035;0.859879;0.799478;0.710185;0.607949;0.488230;0.369165;0.264833;0.181796;0.122640
1194.8;0.040677;0.83;1.659806;1.492411;1.406158;1.251233;1.061231;0.825074;0.587665;0.394858;0.249281;0.157274
1069.4;0.059403;0.82;1.200296;1.069102;0.998244;0.866471;0.712879;0.539457;0.379841;0.251422;0.158379;0.100244
1166.2;0.020995;0.17;0.850651;0.804124;0.786529;0.748662;0.712450;0.657598;0.577162;0.473593;0.360397;0.266370
911;0.027704;0.13;0.779200;0.727623;0.711676;0.675713;0.623407;0.545662;0.442102;0.341292;0.242632;0.163838
663.2;0.023312;0.56;0.703426;0.653980;0.619780;0.566763;0.506602;0.436436;0.351735;0.265961;0.188098;0.132928
1141.5;0.024575;0.11;0.837565;0.793668;0.783853;0.758118;0.722205;0.657784;0.561880;0.446162;0.330823;0.237836
731.5;0.019419;0.26;0.664075;0.627053;0.610511;0.581223;0.542235;0.483798;0.405613;0.317999;0.231701;0.171249
508.6;0.011143;0.12;0.311517;0.301438;0.294777;0.281340;0.263000;0.238092;0.207506;0.176356;0.147488;0.126063
656.7;0.03247;0.73;0.840606;0.764854;0.715576;0.631954;0.533129;0.421096;0.316259;0.223466;0.152106;0.101102
934.6;0.022182;0.25;0.780932;0.734903;0.717826;0.683752;0.642029;0.576898;0.487650;0.384058;0.280370;0.203048
802.7;0.053436;0.86;1.063581;0.934039;0.869078;0.754512;0.617645;0.458763;0.320564;0.208383;0.130325;0.081043
981;0.036431;0.72;1.263422;1.129966;1.058800;0.935698;0.785485;0.611106;0.448721;0.311997;0.210114;0.139278
1195.9;0.055707;0.75;1.263865;1.115923;1.042137;0.909661;0.751567;0.568641;0.410368;0.280033;0.183129;0.119166
1166.2;0.058697;0.44;0.685700;0.613816;0.585668;0.531863;0.474390;0.395993;0.312941;0.225675;0.146010;0.089907
781.6;0.039271;0.34;0.624872;0.569613;0.546768;0.501110;0.453205;0.384518;0.304620;0.221088;0.146653;0.093557
1167.5;0.015949;0.64;1.161144;1.100702;1.050085;0.965111;0.855479;0.721564;0.582824;0.450039;0.335330;0.258696
404.1;0.056327;0.79;0.387718;0.347578;0.321479;0.278552;0.231310;0.180255;0.132115;0.090723;0.057112;0.034480
346.3;0.039678;0.8;0.401701;0.363405;0.337563;0.294550;0.245699;0.195158;0.146229;0.102426;0.067200;0.043301
573.9;0.054181;0.82;0.687367;0.611248;0.558236;0.471130;0.379171;0.287835;0.203264;0.138713;0.088167;0.054741
822.2;0.031224;0.77;1.158040;1.064081;0.989040;0.862033;0.722143;0.574142;0.421149;0.295140;0.194500;0.130049
777.9;0.040363;0.49;0.675106;0.610724;0.579971;0.524423;0.457025;0.382840;0.301197;0.220705;0.148977;0.096046
1111.1;0.013538;0.49;0.833300;0.805402;0.779168;0.731089;0.668479;0.584775;0.493560;0.399906;0.316581;0.260050
786.5;0.056239;0.15;0.431725;0.386798;0.374425;0.346464;0.306943;0.247425;0.184225;0.123344;0.076096;0.045034
688.8;0.042104;0.47;0.572729;0.517138;0.490981;0.447135;0.397650;0.332182;0.259663;0.188455;0.123011;0.077268
788.4;0.015225;0.58;0.707411;0.673288;0.646710;0.598817;0.542817;0.468697;0.386504;0.305622;0.239153;0.186113
941.2;0.045011;0.19;0.624011;0.567265;0.551263;0.514978;0.467265;0.399188;0.308464;0.222131;0.143004;0.087762
315;0.02979;0.38;0.329109;0.305255;0.291967;0.266129;0.234102;0.193925;0.149928;0.107733;0.071132;0.046356
1020.8;0.014245;0.31;0.732404;0.707094;0.688769;0.655444;0.611614;0.547311;0.468277;0.391164;0.319406;0.258866
428.3;0.020724;0.56;0.439097;0.413230;0.398344;0.372023;0.337116;0.290047;0.233959;0.177741;0.127665;0.091786
730.6;0.02244;0.45;0.713504;0.668025;0.638714;0.593291;0.541301;0.474045;0.389147;0.298548;0.213606;0.152290
531.2;0.021333;0.43;0.538164;0.507864;0.492482;0.461470;0.420469;0.363094;0.294151;0.222364;0.160164;0.114037
632.2;0.04515;0.14;0.456137;0.414786;0.398477;0.364458;0.319034;0.262323;0.194699;0.133840;0.082980;0.050200
895.6;0.047708;0.31;0.589975;0.536358;0.518810;0.481299;0.435359;0.369026;0.287169;0.205448;0.132644;0.081540
452.6;0.037364;0.3;0.413770;0.377687;0.360452;0.328300;0.289703;0.237382;0.180143;0.125884;0.081020;0.050111
550.9;0.037674;0.67;0.601399;0.542164;0.505322;0.447536;0.382790;0.307154;0.235151;0.169721;0.114218;0.073898
478.4;0.041529;0.63;0.459057;0.413588;0.388294;0.347684;0.302265;0.247572;0.189416;0.136043;0.088607;0.055780
475.6;0.059273;0.2;0.245710;0.221000;0.213288;0.195183;0.170738;0.135341;0.099032;0.065247;0.039580;0.024405
594.2;0.041714;0.2;0.468694;0.428426;0.411649;0.379008;0.335706;0.273601;0.208205;0.143161;0.090702;0.055677
1092.3;0.040023;0.16;0.742042;0.676780;0.658039;0.614707;0.569721;0.496429;0.401056;0.296255;0.199576;0.127352
724;0.055459;0.69;0.656791;0.579949;0.536468;0.465692;0.392324;0.310251;0.231624;0.162725;0.105845;0.065893
663.6;0.038542;0.54;0.623057;0.562086;0.533600;0.481395;0.417996;0.346019;0.270375;0.197529;0.133151;0.085915
461.3;0.026771;0.77;0.576582;0.530700;0.496213;0.443862;0.384684;0.312854;0.237946;0.172885;0.118783;0.081085
1172;0.057857;0.18;0.587000;0.534169;0.519310;0.485326;0.438845;0.372050;0.284285;0.198672;0.123744;0.073332
666.7;0.031996;0.31;0.621615;0.570755;0.549523;0.507133;0.452630;0.383646;0.304206;0.225118;0.152346;0.098604
1060;0.040077;0.14;0.724335;0.661354;0.643028;0.602089;0.559169;0.484453;0.390169;0.284713;0.190651;0.121261
853.8;0.046013;0.63;0.829666;0.739164;0.691179;0.606327;0.508590;0.404676;0.308804;0.221985;0.148813;0.096491
638.9;0.043939;0.32;0.490243;0.445070;0.427461;0.392872;0.352043;0.291048;0.222980;0.154895;0.099011;0.060851
1089.5;0.020638;0.67;1.294616;1.214778;1.144179;1.029475;0.898562;0.738862;0.581006;0.431365;0.314645;0.223800
1006.4;0.014081;0.2;0.697009;0.674393;0.659617;0.631666;0.592542;0.535242;0.464015;0.398202;0.325964;0.265791
718.5;0.023724;0.52;0.741611;0.688295;0.653132;0.600017;0.539403;0.466064;0.376900;0.285925;0.202809;0.143101
1032.6;0.053376;0.14;0.572981;0.520181;0.506192;0.472009;0.425034;0.356049;0.271314;0.188302;0.116893;0.070500
1108.6;0.037968;0.18;0.772422;0.710195;0.691535;0.648800;0.593670;0.519620;0.421940;0.319442;0.218031;0.140454
686.3;0.033231;0.48;0.661577;0.607078;0.577197;0.524540;0.465058;0.387954;0.305880;0.227316;0.154728;0.102681
600.9;0.031515;0.67;0.695647;0.642551;0.603426;0.537523;0.460416;0.372536;0.285782;0.207315;0.142532;0.095629
837;0.048699;0.58;0.710229;0.637128;0.595197;0.524176;0.450188;0.368207;0.283321;0.206491;0.136246;0.086452
1111.8;0.042696;0.26;0.746473;0.676372;0.652408;0.603022;0.552605;0.478863;0.386982;0.285594;0.193045;0.123707
931.9;0.042886;0.6;0.920058;0.825685;0.767981;0.672803;0.573714;0.456082;0.348966;0.254673;0.173639;0.113740
639.7;0.018051;0.66;0.664574;0.625741;0.596193;0.547029;0.486107;0.413670;0.333235;0.261099;0.192762;0.142408
961.5;0.031619;0.35;0.823341;0.761100;0.732391;0.678329;0.612235;0.526644;0.421099;0.321750;0.227733;0.154568
1158.7;0.035254;0.74;1.542968;1.391767;1.300226;1.138824;0.972012;0.767845;0.556742;0.387440;0.254947;0.169083
788.5;0.028767;0.24;0.711736;0.664138;0.645847;0.604585;0.550348;0.472500;0.378712;0.286658;0.201267;0.135041
786.1;0.034019;0.29;0.674103;0.619951;0.598068;0.554941;0.497868;0.424822;0.339009;0.252586;0.171231;0.110438
580;0.027121;0.58;0.618565;0.576898;0.551663;0.504588;0.446565;0.372573;0.293922;0.216962;0.152224;0.104046
364.1;0.048857;0.79;0.378320;0.337911;0.311892;0.272358;0.228341;0.179429;0.133135;0.091627;0.058704;0.036520
463.8;0.029197;0.75;0.567396;0.524215;0.492351;0.439218;0.375997;0.302847;0.232171;0.166392;0.114346;0.077016
383.7;0.045578;0.57;0.330128;0.299527;0.285266;0.258514;0.224932;0.183268;0.138088;0.096003;0.060541;0.036755
717.1;0.034047;0.1;0.632660;0.574899;0.552571;0.514354;0.464590;0.390980;0.307537;0.219792;0.145681;0.092334
308.4;0.046459;0.86;0.371983;0.332884;0.304086;0.258702;0.212623;0.164233;0.118235;0.081291;0.051771;0.032284
1123.5;0.056878;0.73;1.126615;1.002694;0.932681;0.807202;0.663601;0.508835;0.367335;0.255147;0.167051;0.108260
878.5;0.035863;0.42;0.763014;0.698707;0.666500;0.606877;0.541635;0.453370;0.361796;0.271667;0.186338;0.122964
301.3;0.055153;0.8;0.277758;0.249130;0.231977;0.202677;0.170363;0.135079;0.098196;0.067499;0.042370;0.025563
327.3;0.02091;0.64;0.332933;0.313856;0.302172;0.280564;0.252703;0.215938;0.174207;0.131588;0.095215;0.068752
487.6;0.053661;0.29;0.312951;0.284487;0.272810;0.247843;0.215230;0.172626;0.126458;0.085108;0.051027;0.030126
709.5;0.014135;0.23;0.573452;0.551589;0.535841;0.507624;0.467894;0.418081;0.362672;0.299503;0.236426;0.187812
414.5;0.03327;0.79;0.524510;0.480080;0.445434;0.389177;0.325334;0.261277;0.194472;0.138690;0.092744;0.061454
307.8;0.011096;0.36;0.124264;0.119521;0.117068;0.112815;0.106714;0.098952;0.087722;0.076395;0.065530;0.057791
954.4;0.050414;0.36;0.607520;0.550344;0.530433;0.490099;0.442384;0.374550;0.293041;0.209906;0.136254;0.084026
618.7;0.01896;0.42;0.595575;0.561600;0.540091;0.504691;0.463913;0.410252;0.340874;0.264955;0.193791;0.142292
1002.4;0.01827;0.71;1.171249;1.104034;1.043366;0.943487;0.818913;0.682890;0.536077;0.403347;0.294143;0.214676
693;0.01908;0.23;0.636094;0.607799;0.592615;0.563312;0.525257;0.466950;0.389471;0.304248;0.222336;0.164214
692.9;0.044572;0.65;0.684937;0.616955;0.576292;0.505114;0.425665;0.342192;0.260756;0.186813;0.123626;0.079213
344.3;0.020688;0.61;0.351418;0.331458;0.319338;0.297004;0.267817;0.229340;0.185061;0.139959;0.101219;0.073174
344.7;0.024905;0.76;0.384661;0.358981;0.341109;0.310527;0.272698;0.225924;0.177283;0.130219;0.091537;0.063562
382;0.048417;0.4;0.294700;0.265937;0.253238;0.230522;0.200428;0.159728;0.118407;0.079732;0.049368;0.029451
834.6;0.035057;0.19;0.683015;0.628175;0.607374;0.564398;0.509885;0.439677;0.349364;0.257837;0.173622;0.110823
517;0.055473;0.79;0.549848;0.485684;0.444070;0.379797;0.312536;0.239558;0.174615;0.118774;0.075613;0.046610
1057.2;0.012893;0.67;0.881434;0.846880;0.809317;0.743500;0.666767;0.573410;0.467691;0.372802;0.290348;0.231260
1071.5;0.031838;0.56;1.141185;1.042220;0.976649;0.873322;0.759992;0.623388;0.480572;0.353201;0.248168;0.170777
1167.3;0.038613;0.69;1.401583;1.266376;1.187439;1.049666;0.882047;0.686110;0.505705;0.351720;0.238288;0.159321
740;0.038253;0.7;0.890795;0.805179;0.746701;0.649580;0.538566;0.427005;0.315930;0.226071;0.151851;0.100027
498.3;0.051191;0.54;0.378324;0.342625;0.327155;0.297023;0.259804;0.213590;0.159590;0.111094;0.069624;0.041364
503.6;0.016305;0.74;0.475940;0.453008;0.432986;0.399736;0.357116;0.307467;0.248891;0.195326;0.147469;0.111392
783.1;0.025006;0.64;0.919699;0.854099;0.805258;0.721139;0.622149;0.516293;0.408590;0.301725;0.211534;0.147280
985.9;0.010106;0.53;0.529291;0.515238;0.499788;0.474439;0.439561;0.392045;0.339469;0.287827;0.243814;0.213086
612.8;0.057555;0.65;0.471402;0.423368;0.397652;0.354911;0.304779;0.246147;0.185555;0.130126;0.082587;0.049331
715.1;0.048315;0.86;1.007456;0.894523;0.823522;0.705257;0.581498;0.435307;0.302049;0.199267;0.125440;0.077912
875.4;0.047565;0.6;0.785655;0.707591;0.660979;0.579483;0.490596;0.396791;0.304456;0.220575;0.146089;0.094048
1125.6;0.016943;0.76;1.311164;1.227974;1.168886;1.067674;0.935443;0.772714;0.608599;0.455403;0.328741;0.241726
445.4;0.027466;0.25;0.478607;0.441714;0.421594;0.384851;0.340055;0.286350;0.223259;0.163548;0.110560;0.071833
944.1;0.017567;0.7;1.064011;1.001000;0.948025;0.860366;0.749629;0.628424;0.497091;0.376468;0.277854;0.205424
820;0.034836;0.28;0.684952;0.628980;0.607445;0.563549;0.506317;0.433444;0.345875;0.257885;0.174930;0.112417
690;0.050433;0.43;0.481724;0.435453;0.417787;0.385407;0.342843;0.282699;0.218182;0.152609;0.096023;0.057915
1095.8;0.041643;0.73;1.343929;1.221892;1.141022;0.998112;0.829949;0.638626;0.464263;0.320872;0.212301;0.140748
653.7;0.04442;0.42;0.507471;0.460272;0.441722;0.405537;0.361196;0.302361;0.232187;0.165181;0.106671;0.065866
461.1;0.041979;0.14;0.367761;0.333072;0.317456;0.286329;0.250138;0.202812;0.148575;0.102347;0.063686;0.038111
870;0.046466;0.26;0.583683;0.529889;0.513175;0.476593;0.432266;0.364938;0.282626;0.200615;0.129135;0.079041
861.6;0.052992;0.13;0.501068;0.451805;0.436746;0.402104;0.359669;0.297176;0.219329;0.151371;0.093807;0.055146
595.1;0.041348;0.61;0.569732;0.516412;0.485453;0.431719;0.371701;0.305001;0.235425;0.169316;0.111918;0.071562
1022.7;0.01903;0.3;0.834671;0.789915;0.764921;0.722732;0.666867;0.593242;0.514486;0.420581;0.320274;0.237870
1199.5;0.038665;0.44;1.015062;0.921856;0.871145;0.782496;0.681268;0.568883;0.447487;0.338653;0.237618;0.161502
1182.9;0.018178;0.24;0.866112;0.826119;0.803769;0.763661;0.714205;0.641086;0.561761;0.472665;0.370815;0.284707
414.3;0.055303;0.81;0.433047;0.383855;0.352072;0.303567;0.249847;0.191660;0.140033;0.095219;0.059999;0.036417
509;0.013867;0.37;0.422771;0.406271;0.393194;0.369613;0.337829;0.301020;0.256839;0.208720;0.163449;0.129575
321.3;0.026927;0.26;0.347875;0.320320;0.305936;0.279899;0.247143;0.205195;0.160255;0.115053;0.077423;0.050856
846.7;0.039031;0.74;1.082605;0.985843;0.915889;0.797173;0.657934;0.508381;0.370599;0.258957;0.171687;0.113636
399.7;0.033762;0.12;0.382607;0.349701;0.332790;0.303444;0.265466;0.215382;0.163213;0.112932;0.072735;0.045150
666.7;0.050266;0.13;0.420928;0.380395;0.364947;0.334948;0.296857;0.240139;0.177021;0.119941;0.074475;0.043873
1095.7;0.036539;0.52;1.051399;0.964101;0.908299;0.810316;0.697378;0.569815;0.440073;0.328167;0.229805;0.156574
793.3;0.021366;0.85;1.122700;1.047880;0.981058;0.880848;0.756158;0.607624;0.465901;0.329883;0.228365;0.154358
632.1;0.045474;0.58;0.547875;0.492231;0.462635;0.415326;0.362954;0.298967;0.229310;0.165398;0.108037;0.067581
487.5;0.017432;0.58;0.465356;0.441740;0.424098;0.394158;0.356605;0.311174;0.259347;0.202567;0.150817;0.111912
696.8;0.042906;0.62;0.675870;0.607903;0.570152;0.503826;0.427775;0.347238;0.267249;0.192211;0.128336;0.082541
1160.6;0.041699;0.84;1.612516;1.460669;1.375070;1.220279;1.030887;0.797381;0.570066;0.379214;0.238693;0.149830
411.6;0.021465;0.28;0.454977;0.426331;0.410105;0.379540;0.340509;0.288571;0.228271;0.172526;0.122568;0.084926
723.7;0.019111;0.81;0.919303;0.864183;0.811658;0.728878;0.632948;0.517104;0.403698;0.294812;0.211321;0.148500
1071.2;0.018318;0.14;0.791482;0.753651;0.737354;0.704866;0.662501;0.614926;0.543760;0.451660;0.350826;0.265409
339.1;0.01748;0.75;0.303768;0.288511;0.276512;0.257180;0.232513;0.202447;0.167432;0.130170;0.097130;0.072751
922.5;0.020137;0.13;0.749993;0.712760;0.701268;0.676036;0.640608;0.581839;0.498147;0.398646;0.295266;0.219060
1181.1;0.057748;0.43;0.696892;0.623873;0.596094;0.542445;0.483593;0.404887;0.320238;0.231116;0.151232;0.093320
554.9;0.010795;0.58;0.302095;0.292968;0.285603;0.271906;0.252187;0.226204;0.196057;0.167382;0.143039;0.124514
420.4;0.057876;0.26;0.235005;0.212699;0.204434;0.186476;0.162810;0.128868;0.093915;0.061800;0.037432;0.023131
916.8;0.011285;0.74;0.645694;0.620548;0.592805;0.548554;0.491202;0.428110;0.354758;0.288488;0.231574;0.192953
1118.5;0.058556;0.27;0.578189;0.525248;0.509494;0.474258;0.428613;0.363227;0.279582;0.196741;0.123262;0.072461
849.8;0.02488;0.24;0.750940;0.706661;0.689047;0.652799;0.604171;0.531019;0.436776;0.332871;0.240732;0.169114
1110;0.036254;0.59;1.181619;1.076171;1.011689;0.898557;0.765040;0.609703;0.465285;0.336545;0.235046;0.159650
474.1;0.053117;0.85;0.597375;0.531928;0.483960;0.406342;0.325619;0.245524;0.172100;0.116055;0.073045;0.045043
979;0.05482;0.63;0.839820;0.744671;0.689944;0.599903;0.505581;0.403141;0.303408;0.219504;0.145872;0.092806
611.6;0.019451;0.27;0.592750;0.563860;0.547649;0.518924;0.479059;0.420761;0.346236;0.266773;0.194156;0.141179
676.8;0.043036;0.83;0.954971;0.859610;0.792233;0.677650;0.549742;0.420135;0.293899;0.200327;0.128120;0.080984
440.1;0.057062;0.4;0.285250;0.256190;0.244984;0.221454;0.191269;0.154667;0.111737;0.075375;0.045318;0.026878
1037.1;0.058785;0.13;0.521755;0.466559;0.451367;0.419531;0.379215;0.312338;0.233646;0.158833;0.098434;0.057908
862.4;0.015397;0.28;0.686943;0.657362;0.640345;0.607660;0.563650;0.500040;0.431474;0.359101;0.283185;0.221102
964.7;0.018945;0.83;1.262450;1.197383;1.130886;1.018970;0.879247;0.720803;0.555420;0.409306;0.283014;0.200743
1024.6;0.047328;0.8;1.318880;1.175471;1.093052;0.945708;0.783000;0.604468;0.423204;0.286905;0.183204;0.116921
360.5;0.012473;0.57;0.225675;0.216968;0.210701;0.199645;0.185667;0.166999;0.145379;0.121628;0.099047;0.083007
1155.7;0.013564;0.55;0.917379;0.880899;0.844120;0.787042;0.714788;0.620934;0.516878;0.414249;0.323293;0.262129
747.8;0.034456;0.1;0.647468;0.587850;0.565911;0.526654;0.477231;0.403133;0.317682;0.227246;0.150950;0.095699
979.6;0.052495;0.2;0.566660;0.513540;0.499605;0.466578;0.420798;0.351701;0.270757;0.188588;0.117485;0.071169
968.2;0.059852;0.27;0.505330;0.458117;0.442740;0.408863;0.370278;0.307865;0.232124;0.159035;0.098630;0.057728
1048;0.01022;0.76;0.638138;0.619405;0.593233;0.550361;0.494124;0.427338;0.362110;0.297025;0.245837;0.209671
440.9;0.03713;0.41;0.408632;0.375030;0.358463;0.327330;0.287216;0.238468;0.180832;0.129105;0.083592;0.052001
711.6;0.053067;0.35;0.459651;0.415432;0.399837;0.367422;0.325047;0.271117;0.202656;0.140842;0.087755;0.051645
856.3;0.055457;0.31;0.505461;0.456102;0.440566;0.407012;0.362565;0.304480;0.228986;0.159738;0.099596;0.058547
1139;0.052268;0.34;0.674753;0.610198;0.586350;0.543089;0.490141;0.419542;0.330662;0.241046;0.157975;0.098174
1051.6;0.053944;0.44;0.672685;0.603692;0.574124;0.524292;0.465502;0.391752;0.307055;0.222219;0.146250;0.090651
1105.9;0.047309;0.25;0.677648;0.615149;0.597045;0.558780;0.510315;0.440546;0.348469;0.256105;0.167047;0.103617
824.3;0.015874;0.55;0.749354;0.712713;0.683296;0.634692;0.574844;0.496316;0.409298;0.324096;0.252609;0.194419
824.5;0.035451;0.63;0.916024;0.840942;0.787655;0.695483;0.589558;0.473097;0.358317;0.261036;0.179109;0.120262
1069.4;0.018442;0.65;1.186453;1.116441;1.056667;0.957954;0.837842;0.703019;0.558316;0.423260;0.314023;0.230510
331.4;0.051556;0.38;0.239109;0.215707;0.205026;0.184245;0.157854;0.126700;0.091506;0.061954;0.037512;0.022419
667;0.018474;0.29;0.619190;0.585810;0.566335;0.537829;0.500044;0.445493;0.372391;0.291604;0.213927;0.159034
332.7;0.054187;0.7;0.274673;0.246964;0.232560;0.208074;0.179896;0.144407;0.106822;0.072625;0.045435;0.027059
971.5;0.029393;0.41;0.874805;0.809606;0.778745;0.720921;0.649124;0.554966;0.447815;0.337551;0.241169;0.167024
439.3;0.029128;0.78;0.552426;0.508802;0.477026;0.424509;0.361874;0.289973;0.220974;0.157525;0.107689;0.072437
429.5;0.023573;0.4;0.465800;0.436143;0.418791;0.386151;0.345615;0.292917;0.230857;0.173442;0.122257;0.083699
845.4;0.053394;0.67;0.785157;0.698217;0.645167;0.557349;0.465784;0.368988;0.275320;0.197240;0.129919;0.082266
529;0.047075;0.38;0.401956;0.365593;0.350744;0.320151;0.280619;0.230779;0.172457;0.119344;0.074610;0.044354
591.7;0.032394;0.8;0.833327;0.757178;0.700031;0.615856;0.515072;0.401022;0.294609;0.204516;0.136293;0.089556
661.6;0.045482;0.7;0.701420;0.628691;0.584685;0.508361;0.422198;0.333551;0.250481;0.177494;0.116749;0.074651
665.7;0.057217;0.45;0.422756;0.380409;0.364640;0.333596;0.296936;0.244238;0.183183;0.125189;0.077826;0.045651
647.6;0.018706;0.42;0.616066;0.582538;0.560651;0.522604;0.479047;0.423861;0.354279;0.276930;0.203909;0.149847
848.8;0.02223;0.4;0.787956;0.740410;0.710489;0.656905;0.602390;0.532837;0.444054;0.344869;0.249026;0.179546
450.2;0.042046;0.45;0.388377;0.354188;0.337585;0.307755;0.271617;0.221755;0.169049;0.117119;0.074775;0.046281
469.3;0.050431;0.4;0.342696;0.310067;0.295905;0.268930;0.237011;0.191141;0.141619;0.095576;0.059391;0.035102
385.2;0.052669;0.16;0.229771;0.206465;0.196879;0.178846;0.155648;0.123506;0.089694;0.059986;0.036512;0.022081
590.9;0.029906;0.45;0.592853;0.547564;0.524121;0.480056;0.427952;0.359119;0.283292;0.209970;0.144694;0.096784
992.6;0.015775;0.59;0.930404;0.887661;0.848239;0.781082;0.696646;0.598494;0.487245;0.381823;0.293025;0.227690
510.7;0.014014;0.34;0.430479;0.413445;0.399930;0.375539;0.345472;0.307985;0.261826;0.212038;0.165465;0.130379
966.3;0.028023;0.43;0.890495;0.828247;0.791355;0.731027;0.660391;0.566358;0.456456;0.345370;0.247715;0.173072
923.5;0.051445;0.18;0.548765;0.499739;0.485197;0.451717;0.405297;0.338090;0.258118;0.179036;0.111224;0.067137
1041.7;0.02073;0.48;0.999193;0.943084;0.900439;0.824713;0.738074;0.631232;0.518672;0.413901;0.306325;0.222710
1045.2;0.049552;0.33;0.650078;0.591180;0.569420;0.528323;0.477546;0.408924;0.320194;0.234280;0.153014;0.094970
564;0.042734;0.11;0.428318;0.392727;0.376183;0.341976;0.298124;0.244055;0.180947;0.124403;0.076951;0.046894
648.1;0.037928;0.86;0.983801;0.894145;0.829694;0.720508;0.590228;0.443808;0.317741;0.210496;0.135197;0.086150
1124.4;0.055089;0.51;0.787361;0.696487;0.655528;0.583698;0.509781;0.420530;0.325439;0.239505;0.159949;0.100850
301;0.030976;0.87;0.388065;0.356441;0.330990;0.290113;0.242711;0.193928;0.144293;0.102002;0.067938;0.045233
716.2;0.027906;0.32;0.678154;0.632119;0.611999;0.570404;0.515550;0.441020;0.350196;0.265593;0.186788;0.125604
681.9;0.034449;0.52;0.665146;0.609967;0.577771;0.521169;0.459296;0.379714;0.298226;0.220898;0.150252;0.098776
714.8;0.022798;0.83;1.013158;0.946589;0.887615;0.787785;0.669923;0.541707;0.405347;0.293824;0.198458;0.135216
993.1;0.056458;0.27;0.543852;0.496433;0.480924;0.446931;0.401315;0.338429;0.257678;0.180286;0.112653;0.066216
590.2;0.033338;0.76;0.768362;0.707647;0.659072;0.577589;0.482952;0.377230;0.282266;0.198428;0.133914;0.088678
1006.3;0.0227;0.21;0.802016;0.757166;0.743228;0.710822;0.671759;0.606965;0.515768;0.408306;0.299612;0.217053
724.2;0.031561;0.45;0.694279;0.639960;0.611282;0.559160;0.496558;0.419782;0.330774;0.246992;0.171226;0.114917
332.2;0.045126;0.8;0.359218;0.322256;0.297980;0.258574;0.218627;0.173104;0.127799;0.089562;0.057758;0.036234
458.3;0.030116;0.66;0.514463;0.472994;0.446445;0.400891;0.347395;0.287592;0.221509;0.162515;0.111535;0.075300
949.6;0.019092;0.5;0.910625;0.859370;0.822453;0.759025;0.678631;0.584951;0.479592;0.383420;0.287306;0.211885
726.1;0.052813;0.59;0.563169;0.505796;0.475215;0.426896;0.370575;0.302628;0.232544;0.163862;0.106283;0.065847
437.4;0.03921;0.16;0.374886;0.341715;0.326225;0.295685;0.255912;0.208064;0.154910;0.106694;0.066416;0.040873
607;0.028679;0.29;0.601526;0.557375;0.537781;0.497854;0.445810;0.373479;0.298481;0.221468;0.151263;0.100553
846.7;0.021085;0.12;0.738333;0.700781;0.688057;0.659533;0.618611;0.553524;0.465646;0.364913;0.268567;0.193843
472.6;0.02095;0.78;0.544198;0.512714;0.485647;0.439530;0.383472;0.317277;0.253392;0.189304;0.134295;0.094654
964.6;0.036112;0.11;0.732133;0.672403;0.653626;0.612026;0.559995;0.487030;0.389362;0.288656;0.194520;0.123685
518.6;0.031671;0.54;0.535878;0.491693;0.466728;0.423418;0.373659;0.308726;0.242835;0.178828;0.121173;0.080046
1125.7;0.047065;0.2;0.675394;0.616118;0.599755;0.563979;0.516203;0.446960;0.352457;0.258120;0.167611;0.103477
542.2;0.013522;0.57;0.420679;0.405350;0.392420;0.368792;0.336665;0.295504;0.247610;0.204131;0.162655;0.130977
989;0.052367;0.6;0.837285;0.746056;0.693923;0.604788;0.511351;0.412635;0.314157;0.228994;0.152554;0.097383
469.8;0.043994;0.7;0.472638;0.425663;0.396188;0.348278;0.297537;0.240137;0.181126;0.129358;0.084039;0.052810
558.7;0.016833;0.35;0.523756;0.496087;0.479397;0.452086;0.417774;0.370741;0.309512;0.242910;0.181667;0.136526
382;0.05292;0.83;0.426070;0.378155;0.344776;0.295290;0.242286;0.184876;0.134510;0.090659;0.057262;0.035384
818.6;0.019992;0.73;0.998998;0.937780;0.883114;0.797463;0.691808;0.569737;0.445595;0.332663;0.239499;0.170156
915;0.040367;0.18;0.658034;0.599771;0.582011;0.546602;0.500166;0.426200;0.338264;0.245090;0.159504;0.100854
791.9;0.037152;0.32;0.649321;0.595054;0.573052;0.527847;0.473320;0.404348;0.320886;0.235209;0.158463;0.101448
683.2;0.018116;0.83;0.845115;0.793609;0.746644;0.670729;0.584066;0.480571;0.375626;0.277121;0.198669;0.141796
880;0.010283;0.19;0.480725;0.467838;0.456780;0.437140;0.408725;0.369904;0.326835;0.288867;0.250812;0.221848
882.9;0.048574;0.73;1.000687;0.883990;0.814489;0.709430;0.585287;0.446427;0.326518;0.227562;0.150545;0.097212
911.1;0.048239;0.18;0.578960;0.522647;0.506658;0.474344;0.429715;0.358080;0.276883;0.191944;0.122204;0.074384
872.2;0.031053;0.71;1.141652;1.043689;0.970536;0.849181;0.720619;0.577679;0.429952;0.307088;0.207059;0.139884
1150.7;0.012841;0.63;0.930736;0.895235;0.856996;0.789780;0.708223;0.612716;0.503222;0.402787;0.315038;0.252194
488;0.039287;0.72;0.548571;0.491676;0.457163;0.403650;0.339975;0.270533;0.205204;0.146236;0.097417;0.062779
938.4;0.018708;0.85;1.231554;1.169287;1.104708;0.996784;0.861152;0.704420;0.544044;0.400390;0.274891;0.195383
512.6;0.046431;0.24;0.380320;0.343838;0.328619;0.297845;0.261962;0.212309;0.156044;0.106806;0.066500;0.039433
407.5;0.036715;0.12;0.366653;0.334344;0.318283;0.288302;0.249749;0.202753;0.151868;0.104373;0.065575;0.040722
846.6;0.022653;0.77;1.145032;1.067668;1.003296;0.894220;0.761967;0.620670;0.470502;0.345177;0.237578;0.163634
705.1;0.055853;0.48;0.459425;0.417287;0.400135;0.365933;0.323210;0.268526;0.202540;0.141823;0.089103;0.052667
712.9;0.04791;0.19;0.483698;0.438533;0.423015;0.389222;0.343783;0.284002;0.212666;0.146613;0.091079;0.054568
895.8;0.054352;0.17;0.510854;0.460068;0.445132;0.410919;0.368065;0.305807;0.226757;0.156945;0.097302;0.057107
993.3;0.01344;0.19;0.672327;0.650060;0.635813;0.609668;0.571582;0.516974;0.448397;0.386475;0.319225;0.263993
615.2;0.019176;0.23;0.597125;0.568969;0.553329;0.523849;0.484161;0.425483;0.350247;0.269963;0.197375;0.143868
895.8;0.046854;0.88;1.291476;1.157158;1.078134;0.936137;0.771853;0.596515;0.415666;0.271779;0.165692;0.102355
674.5;0.044836;0.33;0.503939;0.457707;0.440159;0.405129;0.363676;0.301812;0.231816;0.161562;0.103517;0.063530
1057.7;0.04885;0.58;0.925667;0.826366;0.772576;0.678337;0.571167;0.459220;0.352895;0.256311;0.172924;0.112642
1049.6;0.035095;0.78;1.476949;1.333424;1.243891;1.086648;0.923423;0.725977;0.522389;0.359998;0.233690;0.153100
530.8;0.031275;0.3;0.525456;0.484081;0.463289;0.422691;0.375886;0.316900;0.247719;0.179608;0.120431;0.077352
852.1;0.040562;0.68;0.981682;0.886317;0.821653;0.713405;0.592026;0.468170;0.345459;0.248598;0.166930;0.109713
824;0.052789;0.42;0.535549;0.484671;0.464240;0.428338;0.383483;0.318356;0.247678;0.174610;0.110559;0.067135
786.7;0.04354;0.35;0.583071;0.528143;0.509121;0.470695;0.423561;0.359060;0.278849;0.202001;0.131141;0.081283
1082.9;0.03618;0.62;1.206266;1.093687;1.027237;0.911129;0.772895;0.612346;0.463246;0.332031;0.230341;0.155806
538.3;0.024941;0.41;0.561183;0.523948;0.503679;0.466482;0.419271;0.356958;0.282893;0.212509;0.149660;0.101905
586.3;0.045198;0.2;0.434247;0.394907;0.378891;0.345863;0.302351;0.248603;0.184399;0.126945;0.078897;0.047438
407.3;0.029081;0.88;0.595662;0.542068;0.499231;0.438050;0.368555;0.288966;0.210247;0.147202;0.096763;0.063447
1145.8;0.038384;0.51;1.071052;0.972199;0.913889;0.813455;0.697223;0.571668;0.440697;0.329099;0.230111;0.156489
881;0.054393;0.51;0.606017;0.542581;0.515626;0.466618;0.411814;0.340315;0.264999;0.188379;0.122226;0.075244
731.5;0.052147;0.36;0.476277;0.432770;0.417314;0.384665;0.341800;0.284471;0.215371;0.150135;0.093853;0.055294
875.4;0.05494;0.26;0.511123;0.460486;0.445270;0.411759;0.366986;0.307788;0.230545;0.160461;0.099780;0.058627
790.2;0.05695;0.79;0.885360;0.784129;0.721874;0.615220;0.496617;0.378752;0.267382;0.184287;0.118376;0.074614
882.6;0.050772;0.31;0.556968;0.503702;0.485989;0.452460;0.408862;0.341256;0.265806;0.186234;0.117963;0.071923
789.5;0.010068;0.53;0.412889;0.401832;0.391330;0.372070;0.344140;0.309357;0.268901;0.229579;0.196754;0.173431
948.9;0.010155;0.54;0.512800;0.499054;0.484363;0.460337;0.425910;0.379342;0.328300;0.278146;0.235169;0.205279
770.2;0.014373;0.87;0.788182;0.748968;0.709999;0.651253;0.573790;0.479364;0.379286;0.289430;0.215923;0.161124
1194.3;0.023036;0.32;0.972493;0.913589;0.880099;0.818228;0.747102;0.667531;0.572183;0.457675;0.340141;0.247328
496.8;0.01114;0.31;0.307833;0.297009;0.289272;0.274183;0.252935;0.229652;0.201285;0.170827;0.142783;0.121941
395.2;0.031204;0.35;0.405692;0.372122;0.355064;0.324578;0.286943;0.237742;0.184488;0.131839;0.086944;0.056022
398.7;0.027053;0.55;0.432082;0.399474;0.381384;0.348503;0.308813;0.257331;0.202007;0.149601;0.103680;0.070359
357.2;0.037068;0.4;0.340258;0.310501;0.294963;0.268364;0.235043;0.191491;0.145720;0.101266;0.065362;0.040827
664.1;0.056308;0.3;0.399246;0.356772;0.344722;0.318264;0.281426;0.226884;0.169376;0.113913;0.069624;0.040932
703.5;0.024925;0.64;0.818629;0.757138;0.713131;0.638672;0.555232;0.466371;0.368231;0.273256;0.190915;0.132869
629.2;0.026904;0.31;0.627968;0.583064;0.562323;0.522788;0.470944;0.400681;0.317791;0.238870;0.166980;0.112539
987.2;0.052974;0.87;1.311023;1.144309;1.064857;0.940329;0.787143;0.599108;0.414566;0.271538;0.167395;0.102657
865.1;0.027024;0.5;0.868297;0.802468;0.764108;0.695604;0.624617;0.531197;0.423773;0.319426;0.226752;0.158230
994.8;0.016906;0.44;0.858682;0.815330;0.783709;0.733856;0.668683;0.584554;0.485825;0.394345;0.306955;0.234815
1139.6;0.03539;0.55;1.152440;1.054375;0.994448;0.888172;0.762916;0.615671;0.475069;0.347696;0.244876;0.167069
1175.5;0.052833;0.59;0.983146;0.880928;0.821210;0.716040;0.601984;0.481256;0.365973;0.266616;0.179417;0.116491
472.8;0.029216;0.75;0.582054;0.536261;0.503653;0.449307;0.384489;0.309518;0.236939;0.169710;0.116527;0.078493
425;0.044785;0.8;0.498323;0.450219;0.414895;0.355816;0.292266;0.228410;0.167548;0.116980;0.075086;0.047209
926.6;0.041395;0.23;0.662491;0.599003;0.578370;0.542272;0.495798;0.423103;0.336590;0.244925;0.159607;0.101027
384.4;0.032519;0.17;0.380491;0.350201;0.333128;0.301755;0.265593;0.217617;0.164596;0.115726;0.074803;0.046543
772.9;0.033681;0.35;0.680610;0.625690;0.600202;0.555370;0.497902;0.420425;0.336883;0.251527;0.171149;0.111907
777.3;0.057485;0.59;0.560016;0.502340;0.474136;0.423697;0.368619;0.299139;0.230054;0.162879;0.104361;0.062656
1075;0.014175;0.4;0.793803;0.765943;0.742908;0.700420;0.645035;0.574967;0.487905;0.396723;0.322756;0.262280
736.4;0.023991;0.84;1.077789;1.003533;0.940381;0.832617;0.709192;0.567516;0.418969;0.301902;0.200384;0.134906
654.1;0.03235;0.15;0.606237;0.557494;0.534877;0.491269;0.443380;0.374599;0.294232;0.212138;0.141664;0.090197
967.1;0.053882;0.63;0.840622;0.747575;0.693078;0.601742;0.506052;0.403884;0.304298;0.220449;0.146457;0.093325
768;0.033455;0.59;0.816596;0.753240;0.708638;0.633010;0.544933;0.445640;0.342570;0.252499;0.174519;0.117347
612.9;0.031871;0.22;0.582007;0.536178;0.514339;0.471651;0.421986;0.357296;0.280275;0.203441;0.136287;0.087099
435;0.047309;0.12;0.295608;0.267366;0.255704;0.231458;0.199737;0.159039;0.116847;0.078709;0.048240;0.028919
827.5;0.033396;0.56;0.851257;0.786362;0.741435;0.664833;0.575182;0.472359;0.365612;0.270640;0.188206;0.126898
535.9;0.053041;0.12;0.310803;0.282843;0.271515;0.246747;0.213864;0.172381;0.125575;0.084652;0.051061;0.030496
340;0.033326;0.67;0.361187;0.331846;0.313401;0.281251;0.243514;0.201463;0.156037;0.112676;0.076099;0.049737
979.4;0.034905;0.27;0.771304;0.708502;0.684446;0.638317;0.580634;0.495660;0.404117;0.306108;0.209912;0.139011
518.5;0.034372;0.3;0.490082;0.444783;0.426729;0.392503;0.348491;0.290147;0.224783;0.160879;0.104431;0.066454
698.2;0.021473;0.87;0.993375;0.925649;0.871223;0.780225;0.666485;0.537983;0.408836;0.290365;0.198556;0.134295
919;0.014278;0.25;0.677656;0.654209;0.638375;0.607986;0.566620;0.507582;0.436835;0.370046;0.298385;0.240094
623.3;0.013369;0.74;0.496318;0.478076;0.459035;0.425700;0.382303;0.331914;0.273099;0.218965;0.170128;0.138335
962.7;0.05442;0.13;0.533881;0.481283;0.466456;0.431705;0.386582;0.322699;0.240152;0.166144;0.102959;0.060865
655.2;0.021658;0.35;0.630766;0.596937;0.579637;0.546744;0.503407;0.439552;0.359972;0.274938;0.198335;0.141112
915.1;0.05308;0.87;1.224613;1.067369;0.995610;0.874921;0.727645;0.549101;0.380953;0.247766;0.153508;0.094509
933.6;0.045587;0.31;0.630397;0.572684;0.553799;0.514754;0.465929;0.398218;0.311969;0.227573;0.148332;0.091829
698.1;0.053641;0.2;0.419999;0.377701;0.363363;0.335913;0.298337;0.241020;0.178800;0.120165;0.074487;0.043897
317.6;0.0569;0.59;0.235256;0.211485;0.201035;0.180691;0.154944;0.124319;0.090021;0.060914;0.036866;0.022405
597.8;0.016984;0.62;0.577616;0.548161;0.524203;0.484821;0.436763;0.375463;0.307056;0.243884;0.182855;0.137751
681.9;0.029695;0.8;0.987700;0.907952;0.842278;0.734056;0.611913;0.487329;0.358520;0.251363;0.165370;0.110772
543.2;0.059028;0.82;0.606653;0.531418;0.484401;0.411576;0.334060;0.250146;0.179311;0.120425;0.075829;0.046404
477.3;0.04224;0.14;0.376678;0.342407;0.326602;0.294929;0.257473;0.209235;0.153476;0.105695;0.065705;0.039410
1039.5;0.05482;0.71;1.037000;0.924917;0.858145;0.740983;0.608721;0.469851;0.342874;0.240811;0.158534;0.102446
686.9;0.034112;0.79;0.968512;0.875503;0.813242;0.714008;0.595261;0.459890;0.335793;0.231398;0.153847;0.100580
1099;0.010705;0.49;0.640327;0.620952;0.600951;0.567331;0.526140;0.469666;0.403826;0.338244;0.281652;0.243017
652.1;0.041144;0.16;0.508877;0.465882;0.447701;0.412425;0.368560;0.302885;0.230419;0.159720;0.101722;0.062361
992.2;0.021555;0.17;0.786527;0.742298;0.731081;0.703616;0.666974;0.605716;0.518582;0.413919;0.304947;0.223834
657.1;0.036372;0.26;0.564062;0.516501;0.495359;0.460458;0.412913;0.346283;0.271093;0.194732;0.127257;0.080495
1027.7;0.04625;0.72;1.189049;1.061268;0.984175;0.848392;0.707366;0.545665;0.393037;0.276087;0.183442;0.119484
979.6;0.040371;0.43;0.800049;0.720772;0.683428;0.622838;0.549040;0.459458;0.365642;0.273929;0.188049;0.122571
639.7;0.039418;0.76;0.825413;0.743441;0.685432;0.590169;0.484607;0.378726;0.275101;0.194475;0.128346;0.083137
494.4;0.031672;0.22;0.488163;0.448525;0.428884;0.394247;0.349978;0.290916;0.226137;0.161155;0.105966;0.067756
1011.4;0.022209;0.69;1.258575;1.171567;1.104732;0.992016;0.854077;0.701384;0.541562;0.404592;0.285945;0.200442
1154.4;0.031448;0.22;0.865826;0.804968;0.783413;0.738923;0.682977;0.601765;0.492425;0.383044;0.275205;0.187787
594.8;0.010509;0.77;0.291488;0.283498;0.274626;0.260127;0.240138;0.215184;0.186889;0.159052;0.134376;0.117123
904.1;0.040441;0.54;0.844777;0.760516;0.712126;0.632764;0.548162;0.444912;0.347291;0.257087;0.175946;0.115127
694.8;0.057899;0.87;0.892696;0.792415;0.731351;0.624043;0.500897;0.374128;0.256256;0.168583;0.103881;0.063909
1050.2;0.014772;0.16;0.724093;0.698762;0.684342;0.656217;0.618209;0.560924;0.493415;0.423581;0.344627;0.278613
992;0.01178;0.85;0.805916;0.774597;0.739967;0.679499;0.599969;0.505434;0.415575;0.325660;0.255319;0.203887
450.5;0.054312;0.39;0.303513;0.275301;0.263816;0.239674;0.208193;0.166696;0.122471;0.082534;0.049592;0.028974
1075.8;0.022347;0.15;0.810619;0.768782;0.759194;0.732397;0.697895;0.636722;0.547874;0.439198;0.324972;0.238426
1190.9;0.010446;0.87;0.788360;0.767353;0.735037;0.682328;0.613498;0.526334;0.431313;0.352810;0.282437;0.234845
763;0.050746;0.62;0.659837;0.587781;0.546165;0.481138;0.412709;0.334501;0.254080;0.182913;0.120003;0.075486
1095.9;0.017025;0.44;0.937688;0.890263;0.853804;0.795683;0.725522;0.633097;0.527944;0.424142;0.332790;0.255596
829.2;0.053993;0.58;0.635765;0.566412;0.531283;0.474239;0.410385;0.335562;0.257628;0.183644;0.120165;0.074618
439.3;0.014769;0.38;0.383934;0.366375;0.354626;0.335804;0.309932;0.274863;0.230353;0.183696;0.140915;0.109312
479.9;0.027628;0.27;0.508550;0.470346;0.450250;0.412762;0.364342;0.307022;0.240754;0.177439;0.119965;0.078716
666.3;0.039671;0.13;0.530662;0.488016;0.469541;0.431663;0.386449;0.319498;0.242688;0.170276;0.108801;0.066519
973.8;0.039259;0.22;0.706276;0.646171;0.625225;0.580935;0.532042;0.459728;0.368815;0.270968;0.182291;0.116487
1043;0.043384;0.4;0.775219;0.703796;0.670753;0.608771;0.538481;0.457405;0.365273;0.270729;0.184455;0.119435
1011;0.042401;0.8;1.352995;1.231548;1.150510;1.006181;0.834403;0.634934;0.456558;0.306155;0.197159;0.127600
586.7;0.031668;0.45;0.578869;0.531935;0.507718;0.464732;0.412869;0.343936;0.272610;0.201478;0.136619;0.089845
780.7;0.016988;0.61;0.772930;0.729869;0.694318;0.642583;0.574512;0.490056;0.398116;0.311860;0.237059;0.177756
381;0.047596;0.41;0.300648;0.271647;0.258050;0.234162;0.204288;0.163428;0.121083;0.081582;0.050958;0.030412
400.5;0.022089;0.77;0.449052;0.420169;0.397064;0.359199;0.316734;0.267940;0.211855;0.157595;0.110917;0.078796
422.7;0.042523;0.71;0.432138;0.389487;0.362856;0.319985;0.273920;0.221359;0.167193;0.119373;0.077555;0.048890
910.8;0.052869;0.2;0.533915;0.484802;0.469929;0.436043;0.389988;0.326142;0.246714;0.171258;0.106451;0.063410
745.7;0.014219;0.17;0.593992;0.571839;0.555968;0.527524;0.487385;0.440974;0.383942;0.317930;0.251825;0.200032
470.7;0.058604;0.63;0.340590;0.305696;0.289794;0.261161;0.228840;0.184283;0.137599;0.093556;0.057583;0.033754
745.5;0.011573;0.4;0.494557;0.478275;0.464847;0.441396;0.408308;0.362072;0.308169;0.261484;0.218746;0.185217
432.8;0.05177;0.19;0.274345;0.247080;0.235996;0.213361;0.183892;0.147994;0.107032;0.072377;0.043637;0.025825
349.5;0.051786;0.6;0.278750;0.251825;0.239094;0.214995;0.188150;0.151025;0.112131;0.075899;0.047214;0.028043
1065.6;0.012493;0.6;0.812080;0.780451;0.749095;0.695026;0.631169;0.548486;0.455559;0.366463;0.290561;0.236855
804.5;0.037294;0.83;1.193083;1.066867;0.996518;0.875464;0.727474;0.555474;0.396959;0.266269;0.172154;0.110151
1136.6;0.057158;0.58;0.869875;0.765430;0.713633;0.626199;0.535060;0.431019;0.327924;0.239535;0.160329;0.102095
927;0.026074;0.49;0.927423;0.857702;0.813751;0.741567;0.660287;0.566945;0.457073;0.347033;0.246784;0.173361
824.5;0.050323;0.56;0.656189;0.585574;0.549050;0.489722;0.426475;0.351017;0.269602;0.195601;0.128520;0.080762
1091.1;0.049481;0.51;0.844372;0.757172;0.710293;0.628181;0.542274;0.447018;0.349633;0.257810;0.172725;0.110820
1190;0.049959;0.38;0.768700;0.687626;0.652669;0.596933;0.534996;0.453751;0.361887;0.269498;0.179474;0.113598
300.5;0.012478;0.89;0.145930;0.141112;0.137034;0.130104;0.120457;0.107741;0.092177;0.075687;0.062689;0.053337
851.3;0.042673;0.82;1.185470;1.072268;0.996584;0.863968;0.708134;0.540369;0.382052;0.257450;0.163784;0.105222
1191;0.034483;0.69;1.492421;1.351600;1.263955;1.108150;0.948144;0.754030;0.553456;0.391437;0.262757;0.176928
774.9;0.058643;0.63;0.589133;0.523845;0.492226;0.435699;0.374224;0.300406;0.229359;0.162187;0.104186;0.062891
731.6;0.047425;0.69;0.754960;0.675866;0.627475;0.544040;0.451203;0.356195;0.266996;0.189693;0.124283;0.079517
1021.2;0.038392;0.45;0.881003;0.797723;0.754846;0.679449;0.598336;0.497062;0.393723;0.296815;0.204807;0.136177
505.1;0.024948;0.42;0.533434;0.497862;0.477892;0.441625;0.395745;0.336183;0.265113;0.199296;0.140026;0.095254
748.3;0.022805;0.27;0.691725;0.655012;0.639388;0.604904;0.559162;0.490926;0.403589;0.307733;0.223162;0.157999
1110.8;0.054328;0.81;1.320758;1.155027;1.081627;0.949880;0.789913;0.597629;0.421790;0.279674;0.179377;0.114083
817.2;0.03234;0.85;1.260461;1.158913;1.080586;0.943720;0.781426;0.617786;0.445323;0.301820;0.192329;0.124536
964.8;0.014917;0.19;0.705607;0.679106;0.663679;0.633886;0.593620;0.534172;0.468152;0.396973;0.318969;0.254465
827.4;0.05298;0.15;0.487579;0.439462;0.424434;0.390167;0.349153;0.287693;0.212402;0.146193;0.090613;0.053173
522.1;0.011381;0.23;0.343888;0.331346;0.322388;0.304738;0.282789;0.256076;0.222899;0.187937;0.156048;0.132007
899.8;0.054958;0.52;0.622267;0.556281;0.527195;0.476133;0.418648;0.345219;0.268622;0.191236;0.124451;0.076689
375.1;0.054997;0.16;0.207610;0.187567;0.180297;0.164123;0.142322;0.112031;0.082089;0.053996;0.033074;0.020677
863.4;0.036205;0.11;0.682126;0.626188;0.605690;0.564907;0.517053;0.442019;0.350947;0.253725;0.169404;0.107194
894.9;0.01601;0.17;0.700649;0.669091;0.654656;0.624169;0.580998;0.527799;0.463099;0.383810;0.301558;0.233155
956.8;0.01889;0.59;1.002899;0.938948;0.889711;0.816304;0.722903;0.609866;0.491035;0.381559;0.285487;0.209304
1101.7;0.045305;0.14;0.679832;0.619580;0.604672;0.570634;0.522706;0.452250;0.355283;0.258553;0.167164;0.102940
1184.1;0.051568;0.63;1.091987;0.967649;0.903295;0.788978;0.656934;0.513479;0.386257;0.276520;0.186876;0.122856
992.1;0.011742;0.56;0.681398;0.656779;0.631330;0.593997;0.543510;0.477731;0.403281;0.329954;0.265616;0.222877
823.3;0.047892;0.16;0.537531;0.486789;0.472412;0.438879;0.392473;0.324015;0.247345;0.170694;0.106680;0.064779
1135.5;0.057856;0.29;0.597746;0.539555;0.523774;0.488802;0.442436;0.374178;0.291924;0.206469;0.130012;0.077349
822.1;0.027144;0.38;0.754037;0.706238;0.683810;0.638871;0.580369;0.499083;0.404030;0.304751;0.217625;0.150219
315.3;0.041912;0.2;0.252576;0.230365;0.219548;0.198082;0.170859;0.135336;0.100470;0.067573;0.042378;0.025615
408.8;0.02715;0.69;0.460527;0.427553;0.406162;0.367851;0.321506;0.265468;0.207103;0.151769;0.106169;0.072016
1076.4;0.020824;0.46;1.010231;0.953665;0.911451;0.836134;0.750437;0.643407;0.531271;0.425568;0.315909;0.230036
735.9;0.04931;0.11;0.470066;0.425203;0.409268;0.374876;0.332100;0.272586;0.200539;0.137924;0.085556;0.050602
1060.4;0.046155;0.65;1.098676;0.977816;0.907193;0.787694;0.662996;0.515616;0.384529;0.275692;0.186995;0.122929
488.5;0.023942;0.8;0.628093;0.584215;0.547810;0.487098;0.415853;0.340869;0.263648;0.189980;0.131587;0.090533
797.1;0.039122;0.21;0.613318;0.559966;0.543299;0.507287;0.459766;0.388618;0.305257;0.220122;0.142595;0.089996
866.9;0.03105;0.75;1.193083;1.096620;1.020455;0.891614;0.747028;0.596931;0.440625;0.310235;0.205420;0.138298
328.8;0.014603;0.3;0.284067;0.272929;0.264624;0.249280;0.228759;0.199890;0.165868;0.131475;0.101905;0.080361
853.2;0.011201;0.12;0.522614;0.505610;0.494270;0.472814;0.440922;0.396374;0.354630;0.308902;0.263214;0.226983
626.2;0.034557;0.52;0.611548;0.559247;0.530071;0.480986;0.423178;0.349814;0.275141;0.202734;0.137586;0.089144
344.6;0.023913;0.85;0.417227;0.386261;0.362367;0.323057;0.282205;0.232303;0.178309;0.130096;0.089365;0.062018
740.6;0.026988;0.72;0.965578;0.893339;0.834791;0.736841;0.623850;0.507600;0.388637;0.279861;0.191043;0.130724
473.3;0.024367;0.42;0.505686;0.472495;0.453646;0.418532;0.375011;0.318548;0.250932;0.188626;0.132737;0.090545
410.8;0.018545;0.67;0.402801;0.379249;0.363047;0.336249;0.303557;0.263869;0.216670;0.166775;0.122723;0.090085
484.9;0.029963;0.49;0.503145;0.463847;0.442394;0.404413;0.357828;0.296762;0.234555;0.172896;0.117238;0.077808
431.9;0.044882;0.45;0.357165;0.325461;0.311015;0.282469;0.246557;0.201646;0.150967;0.104574;0.065644;0.039536
470.2;0.020184;0.85;0.572079;0.539501;0.507456;0.454870;0.397181;0.326481;0.250777;0.187595;0.130486;0.092575
338.4;0.043316;0.56;0.302916;0.275390;0.262346;0.237261;0.206094;0.167656;0.126262;0.087933;0.055511;0.034031
871.7;0.032153;0.73;1.162297;1.063573;0.987963;0.861400;0.731428;0.580857;0.426863;0.302447;0.202855;0.135588
553.7;0.031665;0.67;0.636982;0.585515;0.549707;0.489651;0.419854;0.342607;0.261401;0.190914;0.130624;0.087678
784.7;0.018762;0.21;0.687273;0.651143;0.630656;0.603574;0.566505;0.510710;0.432730;0.343334;0.254295;0.189311
925.6;0.01966;0.65;1.045312;0.980939;0.925917;0.842035;0.737691;0.614095;0.487460;0.371551;0.272855;0.196870
749.2;0.040821;0.41;0.609670;0.551303;0.526026;0.480174;0.430237;0.362485;0.286011;0.207966;0.136702;0.086916
782.2;0.023451;0.2;0.716235;0.678443;0.662642;0.627436;0.580745;0.509902;0.418794;0.318642;0.231237;0.163008
700.7;0.037984;0.61;0.728772;0.657514;0.614708;0.542447;0.468029;0.377079;0.291276;0.213044;0.144336;0.093836
411.5;0.057239;0.5;0.282946;0.254338;0.243110;0.220253;0.190311;0.153142;0.111720;0.075492;0.045436;0.026912
741.3;0.045724;0.15;0.514933;0.467587;0.452684;0.418809;0.372189;0.305386;0.232065;0.159781;0.099817;0.061029
1067.7;0.043961;0.52;0.924465;0.828926;0.775698;0.691526;0.595310;0.483185;0.376371;0.278766;0.192048;0.126228
1086.5;0.057969;0.35;0.596783;0.537174;0.518142;0.481716;0.434086;0.365360;0.286210;0.203334;0.128696;0.076579
543.3;0.048767;0.78;0.622967;0.559770;0.514131;0.438335;0.357428;0.277461;0.201826;0.140938;0.090634;0.056956
487.6;0.040386;0.11;0.398889;0.362834;0.346666;0.314168;0.272631;0.222209;0.164790;0.113362;0.070376;0.043000
808.5;0.0574;0.26;0.456569;0.409158;0.393828;0.365230;0.326714;0.266944;0.199803;0.134875;0.083489;0.049066
876.3;0.012982;0.8;0.778912;0.747421;0.710621;0.648496;0.577088;0.490970;0.394691;0.310009;0.237796;0.186819
675.3;0.023436;0.27;0.657037;0.620148;0.602519;0.565938;0.518319;0.449584;0.364723;0.275628;0.197127;0.138148
485.4;0.059334;0.35;0.289297;0.258025;0.246780;0.223668;0.195494;0.157090;0.113773;0.076120;0.045701;0.027430
1153.1;0.04861;0.38;0.761856;0.685456;0.651449;0.594107;0.532406;0.451902;0.361124;0.268616;0.178729;0.113185
373.9;0.033768;0.74;0.425366;0.388988;0.363012;0.322931;0.277586;0.223900;0.171565;0.123770;0.083384;0.054465
395.1;0.044045;0.56;0.346082;0.314435;0.298741;0.271169;0.237322;0.192691;0.146730;0.101990;0.064344;0.039933
427.8;0.030847;0.75;0.517198;0.475659;0.445133;0.394648;0.335935;0.272462;0.206447;0.149495;0.101681;0.068341
449.8;0.029007;0.17;0.468816;0.431853;0.411532;0.378475;0.335398;0.278392;0.217087;0.154667;0.103361;0.066585
858.9;0.020664;0.25;0.740235;0.697595;0.676948;0.646757;0.605663;0.544929;0.461103;0.364179;0.266694;0.195226
816.3;0.029147;0.6;0.917264;0.839010;0.787195;0.704930;0.617009;0.509849;0.394527;0.290531;0.202936;0.139414
346.9;0.011483;0.15;0.170520;0.164217;0.160293;0.153407;0.144419;0.130671;0.114722;0.097998;0.082604;0.071243
1138.1;0.033616;0.69;1.435072;1.306318;1.220319;1.070389;0.911853;0.727199;0.536257;0.380164;0.255436;0.172477
955.8;0.026669;0.58;1.063178;0.985634;0.929448;0.830414;0.719261;0.600801;0.475604;0.353875;0.248064;0.173254
964.1;0.058792;0.74;0.965529;0.848664;0.784789;0.673426;0.551689;0.424262;0.304876;0.213640;0.139644;0.089071
357.1;0.037772;0.23;0.325229;0.296010;0.281217;0.253944;0.218911;0.178498;0.132838;0.091874;0.057520;0.035598
1074.4;0.052315;0.69;1.081740;0.957380;0.891187;0.774562;0.638862;0.491917;0.363306;0.255105;0.169839;0.110605
1141;0.030403;0.71;1.485706;1.375000;1.290875;1.143941;0.966082;0.768676;0.580044;0.406614;0.274045;0.185310
1186;0.033101;0.81;1.695566;1.564399;1.472838;1.306885;1.103682;0.872489;0.643526;0.433367;0.281667;0.182217
1073;0.051315;0.44;0.724755;0.645937;0.613454;0.556356;0.494490;0.416069;0.326335;0.240505;0.159435;0.100443
1007;0.05956;0.25;0.520576;0.472054;0.456520;0.422500;0.382272;0.319233;0.240533;0.165711;0.102847;0.060220
762;0.036197;0.34;0.644296;0.591062;0.568760;0.523975;0.466140;0.398419;0.315415;0.232416;0.157142;0.100752
459.8;0.056272;0.36;0.293959;0.264914;0.253590;0.229555;0.198668;0.160399;0.116200;0.078357;0.047108;0.027579
658.7;0.046951;0.45;0.495048;0.449009;0.430769;0.393968;0.351603;0.291829;0.225021;0.158116;0.101824;0.062409
420.5;0.038372;0.39;0.384777;0.351801;0.335738;0.305129;0.269025;0.220115;0.167455;0.116846;0.075385;0.046734
327.8;0.058439;0.6;0.238079;0.213577;0.203066;0.182489;0.156316;0.125775;0.090841;0.061429;0.037066;0.022663
1145.2;0.051225;0.85;1.484539;1.306928;1.221307;1.064597;0.903112;0.699881;0.486822;0.322921;0.199387;0.123610
571.2;0.05798;0.33;0.343028;0.307728;0.295543;0.270136;0.235096;0.190230;0.139499;0.094079;0.056267;0.032722
566;0.042317;0.3;0.454575;0.414418;0.397322;0.364948;0.324359;0.265620;0.202581;0.139714;0.088957;0.054769
599.6;0.028979;0.84;0.900106;0.828356;0.768046;0.668851;0.553715;0.440581;0.322957;0.224316;0.146748;0.097461
720.4;0.033829;0.84;1.101032;0.996860;0.923098;0.802011;0.673202;0.520493;0.368935;0.253168;0.163326;0.104679
883.4;0.055594;0.35;0.519231;0.473080;0.457360;0.423062;0.378349;0.317271;0.242021;0.169671;0.106469;0.062676
322.7;0.010743;0.16;0.000016;0.000026;0.000025;0.000024;0.000023;0.000021;0.000019;0.000017;0.000015;0.000015
1058;0.017835;0.72;1.228881;1.160948;1.099841;0.998153;0.868751;0.719963;0.566490;0.427105;0.308137;0.227245
803.1;0.033578;0.2;0.681814;0.629069;0.608115;0.565549;0.508527;0.437907;0.348286;0.258788;0.174664;0.111917
1068.7;0.03715;0.47;0.958175;0.873371;0.825332;0.740803;0.643905;0.536265;0.419608;0.315562;0.220600;0.149258
613.1;0.012985;0.45;0.468514;0.451281;0.437155;0.412758;0.377729;0.332713;0.281736;0.234780;0.188789;0.153866
701.4;0.042902;0.58;0.640195;0.580445;0.545955;0.485084;0.418003;0.343494;0.266402;0.192554;0.127749;0.081734
348.8;0.054482;0.2;0.201779;0.182351;0.174887;0.158953;0.137473;0.108069;0.079163;0.051984;0.031824;0.019977
459.4;0.015482;0.58;0.400347;0.381566;0.369520;0.345971;0.314651;0.274755;0.231301;0.185279;0.141583;0.109473
896.5;0.031889;0.21;0.745934;0.691547;0.670698;0.628523;0.574051;0.492844;0.399956;0.301443;0.207999;0.138783
597.7;0.024012;0.19;0.617076;0.580592;0.561456;0.522668;0.473187;0.404235;0.321022;0.243229;0.171719;0.116389
1108.6;0.059262;0.45;0.652334;0.585612;0.558254;0.507344;0.452544;0.376681;0.296905;0.213432;0.137464;0.083177
406.3;0.040438;0.32;0.355102;0.324395;0.309767;0.281052;0.244395;0.198781;0.148983;0.102999;0.064503;0.039567
1189.6;0.022687;0.86;1.702762;1.586453;1.500484;1.347322;1.170878;0.956504;0.728868;0.520777;0.350296;0.232405
786;0.016631;0.51;0.716889;0.683252;0.657167;0.612187;0.553558;0.481683;0.396760;0.319772;0.244893;0.186219
936.2;0.03725;0.46;0.828850;0.754084;0.714586;0.644221;0.568240;0.472345;0.373515;0.280558;0.192910;0.127904
1199.5;0.05139;0.35;0.727229;0.652317;0.625732;0.575940;0.519721;0.444860;0.352281;0.261016;0.172732;0.108401
559.1;0.05185;0.48;0.402069;0.364562;0.349038;0.318142;0.279432;0.231012;0.172465;0.119967;0.074999;0.044365
673.1;0.051667;0.72;0.683843;0.609010;0.560526;0.481424;0.399476;0.314154;0.231979;0.163993;0.106702;0.067088
718.4;0.020186;0.24;0.662104;0.628658;0.613030;0.583277;0.542800;0.481156;0.400087;0.311065;0.226544;0.164304
987.6;0.037221;0.12;0.729112;0.667708;0.649780;0.608018;0.558991;0.485078;0.388793;0.286497;0.192976;0.122710
1036.4;0.053747;0.67;0.975694;0.872781;0.809786;0.699998;0.579046;0.453356;0.336032;0.239849;0.159237;0.102824
390.2;0.01605;0.58;0.344660;0.326722;0.315599;0.296066;0.271471;0.239452;0.200027;0.157834;0.119985;0.091217
460.3;0.052818;0.43;0.325148;0.293616;0.280599;0.256639;0.224978;0.180111;0.133850;0.090169;0.055169;0.032431
623.7;0.054989;0.83;0.764073;0.680129;0.622931;0.526716;0.421037;0.318502;0.222162;0.150992;0.095568;0.059414
351;0.020893;0.48;0.373238;0.350633;0.337502;0.313197;0.281542;0.240356;0.192388;0.145263;0.104197;0.074544
769.7;0.013849;0.83;0.730216;0.697394;0.663644;0.610417;0.540334;0.453748;0.363396;0.280547;0.213005;0.162591
602.3;0.033711;0.5;0.587895;0.539228;0.511907;0.466738;0.411356;0.341683;0.269133;0.198350;0.134505;0.087229
458.1;0.051751;0.84;0.567016;0.504980;0.459678;0.386742;0.311681;0.236634;0.167465;0.113802;0.071969;0.044593
488.1;0.03347;0.66;0.538398;0.492488;0.461911;0.410882;0.356358;0.290132;0.223365;0.163003;0.110038;0.072426
1114.6;0.030689;0.66;1.368648;1.262548;1.181933;1.043147;0.881449;0.715072;0.541435;0.388506;0.264003;0.181041
907.9;0.035137;0.1;0.717957;0.660573;0.640610;0.598549;0.545913;0.472757;0.376593;0.278012;0.186689;0.118784
721.6;0.016272;0.53;0.658890;0.627640;0.604145;0.562736;0.508920;0.442604;0.364788;0.293832;0.225184;0.171762
1120.9;0.016614;0.43;0.934954;0.889736;0.855133;0.796517;0.728833;0.639056;0.534720;0.430290;0.339787;0.263467
393.6;0.053524;0.6;0.304874;0.273794;0.260017;0.234365;0.205380;0.165547;0.122952;0.083302;0.051832;0.030643
971;0.040148;0.53;0.904232;0.815494;0.763991;0.676820;0.586237;0.476489;0.371149;0.276123;0.189581;0.124643
962.6;0.023265;0.27;0.804682;0.753817;0.735207;0.697207;0.653465;0.584993;0.491726;0.385394;0.280789;0.201371
805.7;0.05324;0.54;0.583522;0.524147;0.496126;0.448230;0.393032;0.323726;0.250730;0.177348;0.115216;0.071273
465.8;0.012905;0.79;0.309414;0.299205;0.289804;0.272529;0.249069;0.217581;0.183809;0.149026;0.119257;0.098608
837.5;0.032888;0.1;0.714797;0.655488;0.634822;0.592129;0.534069;0.462610;0.367836;0.273189;0.183974;0.117810
569.9;0.04611;0.2;0.415491;0.376655;0.360894;0.328562;0.287957;0.235445;0.173213;0.119183;0.074129;0.044020
420.7;0.02695;0.72;0.482690;0.449828;0.426778;0.385746;0.336154;0.275634;0.214813;0.156493;0.109003;0.074381
491.3;0.030061;0.12;0.494842;0.456419;0.438615;0.403457;0.357469;0.295912;0.230113;0.163922;0.108315;0.069256
1105.4;0.036349;0.21;0.798025;0.733160;0.712078;0.669646;0.613342;0.530069;0.435189;0.331661;0.228116;0.150107
364.3;0.054712;0.36;0.238920;0.217386;0.207066;0.186069;0.161806;0.128931;0.093158;0.062264;0.037686;0.022868
518.2;0.048918;0.82;0.643294;0.577673;0.529908;0.450161;0.362464;0.276158;0.197573;0.135407;0.086098;0.053901
348.4;0.013468;0.59;0.243017;0.233557;0.226502;0.213950;0.198392;0.177140;0.152127;0.125127;0.099580;0.081267
697.5;0.023939;0.11;0.687023;0.648776;0.630988;0.592169;0.541327;0.467486;0.375073;0.286922;0.204017;0.139737
312;0.028968;0.35;0.329909;0.305205;0.291566;0.266113;0.234023;0.194152;0.150302;0.108081;0.071598;0.046838
1107.5;0.053234;0.25;0.618701;0.561922;0.543870;0.508999;0.465545;0.393352;0.309551;0.218191;0.139387;0.085324
477;0.030998;0.32;0.482326;0.444384;0.424187;0.385506;0.343557;0.287656;0.224485;0.161385;0.108064;0.069528
384;0.021994;0.12;0.432907;0.405361;0.387601;0.355744;0.315479;0.266258;0.211520;0.157600;0.109083;0.075443
576.6;0.039883;0.76;0.725397;0.651473;0.599454;0.515070;0.428701;0.333029;0.245516;0.173215;0.114777;0.073858
710.5;0.03397;0.71;0.882188;0.808978;0.755880;0.665096;0.559433;0.439568;0.330800;0.234486;0.159787;0.106374
391.5;0.054927;0.68;0.314870;0.283487;0.267494;0.239104;0.206394;0.167160;0.123554;0.084789;0.053120;0.031582
1195.9;0.056735;0.76;1.262350;1.117553;1.044112;0.910381;0.751589;0.569269;0.409247;0.277921;0.180559;0.117202
598.9;0.050894;0.71;0.584957;0.520808;0.480037;0.416600;0.351389;0.278912;0.207351;0.146393;0.094926;0.059370
567.6;0.045445;0.2;0.420291;0.381429;0.365460;0.332929;0.290843;0.238679;0.176045;0.121224;0.075372;0.044992
355.8;0.047161;0.41;0.284381;0.256404;0.243224;0.221171;0.192059;0.153167;0.113428;0.076514;0.047637;0.028487
568.4;0.054985;0.12;0.313235;0.284196;0.273443;0.248407;0.215924;0.174760;0.126924;0.085664;0.051488;0.030658
341.7;0.013262;0.1;0.254298;0.243786;0.237685;0.224580;0.206468;0.181117;0.152226;0.124385;0.100518;0.081251
754.9;0.026796;0.11;0.717829;0.668080;0.648301;0.608702;0.554817;0.475927;0.383060;0.289328;0.203221;0.136507
985.3;0.010217;0.23;0.517610;0.503828;0.492664;0.472458;0.443875;0.403340;0.353771;0.311168;0.272414;0.242187
868;0.051405;0.22;0.529242;0.481854;0.466948;0.433589;0.387918;0.323454;0.246232;0.170954;0.106346;0.063756
380.9;0.035372;0.51;0.374730;0.342042;0.326085;0.296420;0.260660;0.216008;0.165865;0.118992;0.077441;0.049184
372.8;0.028308;0.44;0.399975;0.369709;0.353110;0.321735;0.282030;0.236604;0.184917;0.135536;0.092108;0.060200
999.5;0.021332;0.58;1.075407;1.014452;0.960765;0.868909;0.761840;0.640769;0.510611;0.397215;0.288024;0.206760
1114.6;0.036742;0.32;0.852167;0.780446;0.749603;0.690956;0.625088;0.533147;0.432297;0.330250;0.229291;0.153876
780.4;0.024474;0.57;0.847482;0.786439;0.743499;0.670429;0.591063;0.503452;0.404197;0.304118;0.214506;0.150681
398.2;0.013419;0.57;0.290206;0.279200;0.270801;0.255588;0.234301;0.208055;0.178488;0.146939;0.116761;0.094849
1043.2;0.014249;0.2;0.713821;0.690679;0.676096;0.647815;0.608889;0.551168;0.477210;0.410404;0.336358;0.274314
604.3;0.013417;0.16;0.490530;0.471028;0.456182;0.429149;0.400872;0.360926;0.309451;0.253626;0.201127;0.161206
564.6;0.030491;0.13;0.556249;0.513364;0.492496;0.451289;0.404636;0.338615;0.264603;0.189713;0.126842;0.080760
971.7;0.016169;0.23;0.746000;0.710995;0.695137;0.661339;0.617627;0.551350;0.482515;0.404269;0.319140;0.248058
309.3;0.032151;0.52;0.320117;0.293045;0.279173;0.253485;0.223263;0.185111;0.143123;0.102947;0.067789;0.044147
343.6;0.054947;0.77;0.308481;0.276839;0.258591;0.227359;0.191913;0.152998;0.111945;0.077281;0.048562;0.029251
901.1;0.027682;0.35;0.791868;0.743214;0.720889;0.674917;0.615860;0.532366;0.433300;0.328227;0.235237;0.163076
843.1;0.016009;0.25;0.687599;0.654832;0.638494;0.606268;0.561737;0.500664;0.435774;0.359078;0.279606;0.215324
773.5;0.038456;0.15;0.603215;0.555957;0.539506;0.502835;0.453030;0.382462;0.297000;0.213155;0.137015;0.085977
956.7;0.053752;0.86;1.247088;1.087026;1.017584;0.893741;0.742801;0.560306;0.390268;0.254221;0.158563;0.098214
936.5;0.027429;0.3;0.796455;0.748954;0.729026;0.686904;0.631008;0.549680;0.450338;0.343108;0.246913;0.171480
1003.2;0.012096;0.6;0.734419;0.704830;0.676879;0.631383;0.574595;0.501073;0.418634;0.338777;0.270401;0.223140
559.2;0.017117;0.27;0.528665;0.504666;0.492097;0.465783;0.431653;0.380506;0.315632;0.246508;0.182303;0.137538
923.3;0.01383;0.29;0.670936;0.647819;0.631979;0.602198;0.560609;0.501009;0.426159;0.361267;0.293882;0.238680
801;0.047026;0.69;0.848700;0.752444;0.699658;0.608981;0.504167;0.392574;0.294303;0.208416;0.138213;0.089264
656.9;0.032826;0.22;0.606387;0.554950;0.532795;0.489810;0.439634;0.373289;0.293392;0.213233;0.142903;0.091255
355.4;0.043412;0.76;0.372627;0.334589;0.310812;0.272832;0.232899;0.186672;0.139591;0.098738;0.063936;0.040312
1002.2;0.044962;0.18;0.648385;0.590428;0.574461;0.539212;0.490759;0.421857;0.328552;0.238219;0.153808;0.094483
603.8;0.038568;0.88;0.930551;0.850696;0.787882;0.681964;0.556193;0.416139;0.296769;0.195570;0.123725;0.078207
847.1;0.041435;0.62;0.873917;0.785450;0.729743;0.636656;0.543504;0.431343;0.329595;0.240059;0.163039;0.106418
967.1;0.053888;0.33;0.570854;0.517292;0.499035;0.465096;0.419821;0.350585;0.274553;0.193476;0.122114;0.074086
394.3;0.043118;0.79;0.451260;0.407619;0.376623;0.325058;0.270022;0.213390;0.158181;0.111118;0.071592;0.045292
415.1;0.053771;0.12;0.232370;0.208806;0.199600;0.182553;0.159164;0.126287;0.091868;0.061304;0.037407;0.022594
794.6;0.033376;0.71;1.010426;0.918976;0.854528;0.756715;0.639348;0.503915;0.375881;0.265480;0.180602;0.120181
736.7;0.017067;0.82;0.871980;0.822751;0.777928;0.703379;0.609140;0.505964;0.394756;0.297154;0.213287;0.156396
1101.4;0.013407;0.6;0.904758;0.868487;0.830495;0.768874;0.695458;0.600667;0.495504;0.394218;0.306935;0.246290
1019.1;0.045712;0.68;1.114524;0.993274;0.920968;0.794263;0.667102;0.516564;0.380418;0.270706;0.182225;0.119365
960.9;0.025399;0.47;0.943952;0.873493;0.829950;0.756046;0.674479;0.583714;0.474928;0.362973;0.259054;0.182986
346.2;0.043558;0.71;0.334450;0.302794;0.284194;0.254519;0.219293;0.177676;0.134243;0.094269;0.061047;0.038368
365.6;0.042621;0.11;0.276537;0.251736;0.240367;0.217120;0.187660;0.148603;0.110060;0.073714;0.046181;0.027725
379.7;0.036552;0.25;0.354710;0.322604;0.307671;0.279872;0.243403;0.196911;0.149450;0.102948;0.065600;0.040868
1018.5;0.045755;0.17;0.647108;0.588329;0.572728;0.537504;0.489481;0.420555;0.326073;0.236084;0.152287;0.093358
1148.7;0.035241;0.23;0.836494;0.770324;0.746783;0.699634;0.642844;0.557258;0.456926;0.350435;0.245502;0.164754
915.3;0.0344;0.85;1.403515;1.276154;1.190759;1.039873;0.873763;0.687291;0.491828;0.332140;0.208941;0.134542
418.9;0.034892;0.78;0.518207;0.473358;0.438862;0.381778;0.322245;0.256112;0.190657;0.136470;0.090773;0.059338
950.5;0.056799;0.21;0.520463;0.466798;0.451232;0.418040;0.375804;0.313173;0.234049;0.161729;0.100357;0.058913
399.3;0.029464;0.63;0.436245;0.401734;0.380758;0.343827;0.302466;0.250057;0.194682;0.143342;0.098179;0.066140
405.7;0.015857;0.13;0.400516;0.383884;0.371066;0.347644;0.316612;0.274269;0.223761;0.173916;0.132237;0.100602
876.6;0.022021;0.22;0.745171;0.708452;0.694352;0.662771;0.621845;0.555827;0.467198;0.365428;0.267134;0.191718
595.9;0.044245;0.25;0.452417;0.412339;0.397000;0.364530;0.321462;0.263223;0.198992;0.137089;0.085313;0.052310
888.4;0.051963;0.62;0.773591;0.688931;0.639629;0.557614;0.472127;0.379830;0.288215;0.208818;0.138231;0.087639
974.2;0.058507;0.79;1.065742;0.945589;0.877707;0.755254;0.615713;0.468014;0.330215;0.224828;0.144027;0.091735
824.9;0.020758;0.78;1.085080;1.013846;0.950240;0.854762;0.736673;0.598593;0.462749;0.337589;0.238508;0.166256
966;0.048017;0.5;0.745663;0.671503;0.632063;0.562776;0.491467;0.408494;0.320204;0.235616;0.156460;0.099504
511.3;0.039205;0.72;0.583405;0.522810;0.483870;0.426445;0.359405;0.284905;0.215530;0.153436;0.102581;0.066167
961.5;0.030148;0.32;0.813455;0.758506;0.733594;0.684416;0.623023;0.538786;0.435594;0.332584;0.236948;0.161004
377.6;0.042568;0.17;0.298196;0.269247;0.256136;0.232273;0.202058;0.161051;0.118816;0.080255;0.050257;0.030030
629.8;0.047185;0.36;0.460838;0.417075;0.401832;0.370765;0.328958;0.270426;0.206650;0.143453;0.089799;0.054425
632.3;0.025098;0.31;0.632845;0.591583;0.571391;0.532954;0.482974;0.414446;0.330638;0.249972;0.176445;0.120135
916.5;0.014481;0.27;0.685326;0.660859;0.644607;0.613299;0.570561;0.510460;0.437477;0.369453;0.296689;0.237536
838.1;0.051298;0.71;0.866227;0.774805;0.716973;0.617248;0.507451;0.394653;0.291057;0.205510;0.134657;0.085937
1010.4;0.029479;0.39;0.888202;0.822641;0.792359;0.735130;0.664027;0.569877;0.461528;0.348995;0.250116;0.173581
630.9;0.048765;0.22;0.432386;0.391189;0.375584;0.343050;0.302871;0.248216;0.182643;0.125828;0.078230;0.045986
485.4;0.018968;0.23;0.508271;0.483147;0.467080;0.437374;0.398338;0.344006;0.278236;0.210682;0.154318;0.112463
378;0.015468;0.81;0.308186;0.293645;0.282193;0.262703;0.238804;0.206778;0.169113;0.134529;0.103033;0.079453
994.7;0.055258;0.86;1.265719;1.110607;1.039600;0.912673;0.758264;0.571258;0.399432;0.258896;0.161672;0.100099
485.1;0.053818;0.51;0.350509;0.314622;0.300222;0.272292;0.240577;0.195297;0.145260;0.098521;0.061254;0.036046
649.4;0.05999;0.11;0.314374;0.279357;0.269070;0.245965;0.217614;0.175198;0.127033;0.085749;0.051809;0.030365
796.6;0.053213;0.44;0.522803;0.472895;0.452704;0.417112;0.372083;0.307829;0.239202;0.168569;0.106726;0.064354
506.1;0.011844;0.2;0.354661;0.340379;0.330944;0.313639;0.292493;0.263039;0.226946;0.189280;0.155545;0.129506
877.7;0.037234;0.86;1.344941;1.201934;1.117006;0.990299;0.832210;0.642542;0.451495;0.304268;0.191917;0.120325
736;0.059881;0.32;0.409671;0.368722;0.356376;0.329443;0.291805;0.235310;0.177036;0.119307;0.072169;0.042163
436.7;0.03555;0.81;0.578567;0.525843;0.485661;0.419229;0.346386;0.273316;0.199904;0.141087;0.093142;0.060685
1003.7;0.053676;0.82;1.233524;1.077566;1.007010;0.881034;0.728984;0.548509;0.386422;0.255075;0.163189;0.103363
390.5;0.013511;0.72;0.266371;0.256203;0.248229;0.234292;0.216005;0.190419;0.160650;0.132837;0.106324;0.086554
564.7;0.059377;0.83;0.651654;0.569218;0.519369;0.438527;0.355672;0.265285;0.187975;0.125450;0.079002;0.048587
513.6;0.056136;0.11;0.267535;0.243053;0.233565;0.212519;0.187203;0.149723;0.108420;0.072894;0.044212;0.025941
777.8;0.038213;0.87;1.197697;1.075762;1.005128;0.883420;0.733901;0.558829;0.395678;0.261569;0.165444;0.103678
382.3;0.031573;0.16;0.382517;0.354335;0.337930;0.305851;0.269012;0.221189;0.167077;0.118512;0.076648;0.047836
664.8;0.026892;0.33;0.651302;0.605884;0.585087;0.545331;0.492052;0.420683;0.333389;0.252563;0.177374;0.119802
394.4;0.046036;0.49;0.327627;0.298136;0.283935;0.256659;0.222854;0.182559;0.135248;0.093698;0.058879;0.035289
401.1;0.010683;0.88;0.158808;0.154942;0.150611;0.143163;0.133286;0.120284;0.105585;0.091039;0.077291;0.068171
1006;0.028703;0.55;1.079975;0.990586;0.929580;0.832974;0.726980;0.609135;0.478171;0.356433;0.249601;0.174507
562.4;0.056134;0.32;0.347853;0.313206;0.301328;0.275371;0.240806;0.193462;0.142839;0.096180;0.057675;0.033880
843.2;0.037324;0.2;0.662780;0.605485;0.585587;0.542662;0.495866;0.423576;0.336687;0.243532;0.163034;0.103509
1168;0.033694;0.22;0.856857;0.791389;0.767984;0.722071;0.664894;0.581945;0.475985;0.367704;0.261203;0.177184
689.2;0.034827;0.32;0.607829;0.558922;0.536828;0.493509;0.440333;0.374806;0.295673;0.216198;0.145313;0.093131
925.3;0.025449;0.45;0.891259;0.823863;0.783714;0.721200;0.650102;0.563703;0.458869;0.351003;0.250850;0.176937
982.3;0.057542;0.42;0.579442;0.521635;0.500258;0.461247;0.412329;0.344067;0.268938;0.191228;0.121530;0.072288
689.4;0.0591;0.44;0.417684;0.376826;0.361600;0.331089;0.296022;0.242038;0.182272;0.123621;0.076270;0.044497
889.9;0.035678;0.59;0.939219;0.861810;0.809020;0.717281;0.611843;0.495401;0.377713;0.277906;0.191890;0.129347
398.8;0.059629;0.46;0.256847;0.229295;0.218394;0.196928;0.171674;0.137182;0.099548;0.066033;0.039608;0.024289
1140.4;0.032792;0.11;0.829907;0.768305;0.751848;0.715376;0.666884;0.585584;0.483608;0.371431;0.261762;0.176104
468.7;0.031302;0.13;0.463978;0.429995;0.412359;0.376720;0.331477;0.275442;0.210733;0.150093;0.097017;0.061765
539.6;0.020661;0.42;0.541995;0.511397;0.494486;0.465257;0.425047;0.369122;0.300063;0.228712;0.164698;0.118084
1018;0.019662;0.88;1.383600;1.313447;1.242505;1.121473;0.970283;0.793550;0.611214;0.446255;0.301497;0.209813
738.8;0.051638;0.53;0.540439;0.487254;0.463668;0.420181;0.370547;0.305520;0.236457;0.166690;0.107696;0.066381
992.1;0.046332;0.83;1.342190;1.203474;1.121467;0.973862;0.802822;0.620917;0.435184;0.290180;0.182422;0.115463
656.4;0.036487;0.36;0.574197;0.525584;0.503749;0.460731;0.413003;0.348408;0.274058;0.197371;0.131898;0.084073
545.6;0.051454;0.33;0.373279;0.337483;0.322921;0.295124;0.260983;0.210929;0.156312;0.105428;0.065373;0.038491
333.5;0.035594;0.8;0.393706;0.357647;0.331602;0.293451;0.248596;0.197482;0.149263;0.105958;0.070964;0.045976
906;0.037598;0.72;1.144958;1.039001;0.969019;0.849336;0.706940;0.545766;0.403429;0.281371;0.189534;0.125889
686.6;0.020664;0.42;0.661620;0.621385;0.597664;0.558227;0.511103;0.451482;0.374062;0.289127;0.208778;0.151293
706.6;0.039391;0.81;0.994288;0.903944;0.836497;0.723148;0.590543;0.450803;0.322449;0.220299;0.142238;0.092527
848.9;0.017138;0.44;0.754004;0.718000;0.691540;0.646074;0.587945;0.514434;0.429761;0.349020;0.266709;0.202204
353.5;0.012611;0.47;0.233689;0.224427;0.219030;0.208379;0.194117;0.174695;0.150327;0.124535;0.100962;0.083654
584.2;0.044165;0.44;0.467367;0.424297;0.406773;0.371572;0.330878;0.274247;0.210300;0.147713;0.095032;0.058651
995.4;0.040428;0.46;0.841435;0.757963;0.715124;0.645974;0.566818;0.469148;0.372186;0.278787;0.191780;0.125545
926.8;0.020983;0.66;1.083523;1.016543;0.960824;0.866006;0.752299;0.624905;0.489693;0.372870;0.268030;0.191185
412.8;0.030314;0.18;0.420574;0.390331;0.374036;0.341414;0.299803;0.248394;0.190587;0.136049;0.088384;0.056727
417.1;0.041495;0.69;0.421050;0.379229;0.354360;0.314644;0.270940;0.220155;0.167109;0.119527;0.077785;0.049121
383.1;0.037765;0.2;0.345555;0.314554;0.299246;0.270747;0.233833;0.190284;0.142017;0.098012;0.061149;0.037993
307;0.016379;0.5;0.277477;0.263448;0.256142;0.241170;0.221245;0.192853;0.158769;0.124435;0.093857;0.071932
680.8;0.01846;0.31;0.629294;0.595856;0.574750;0.542667;0.503910;0.450254;0.377460;0.296148;0.218178;0.161827
890;0.01005;0.57;0.468029;0.456351;0.444190;0.421831;0.389884;0.347110;0.301334;0.256297;0.217528;0.190476
950.6;0.030908;0.28;0.791486;0.735896;0.712898;0.666323;0.607877;0.527323;0.423491;0.324853;0.229746;0.155414
778.1;0.034424;0.86;1.215532;1.100867;1.022201;0.885910;0.747178;0.580202;0.410306;0.278319;0.176254;0.112190
397.9;0.017993;0.15;0.428854;0.403866;0.390255;0.363565;0.327977;0.279682;0.223451;0.172193;0.126305;0.092897
868.6;0.043342;0.25;0.610404;0.556332;0.539292;0.502523;0.454723;0.388153;0.301679;0.218231;0.141057;0.086995
413.8;0.010896;0.6;0.199593;0.193545;0.189243;0.181283;0.169689;0.153457;0.135672;0.118328;0.101292;0.088795
420.9;0.015984;0.33;0.399556;0.379720;0.369403;0.349197;0.320721;0.280186;0.230886;0.180449;0.135579;0.103604
388.7;0.057606;0.21;0.208221;0.189828;0.182595;0.166036;0.144224;0.113377;0.083195;0.054278;0.033100;0.020929
427.8;0.058793;0.25;0.231874;0.209779;0.202093;0.184347;0.160736;0.126969;0.092851;0.060870;0.036881;0.022956
451.4;0.011546;0.87;0.238205;0.229841;0.221335;0.208276;0.191482;0.170135;0.144485;0.121048;0.099206;0.083792
476.6;0.034694;0.34;0.453905;0.414017;0.396588;0.363242;0.321152;0.267318;0.205676;0.147189;0.095135;0.060308
585.7;0.053136;0.29;0.376807;0.339605;0.326423;0.300240;0.264974;0.212992;0.158134;0.106053;0.065438;0.038514
584.8;0.022144;0.63;0.638634;0.598354;0.567458;0.514109;0.456579;0.390585;0.314881;0.236900;0.168279;0.119651
495.8;0.051714;0.1;0.296165;0.266681;0.255417;0.231745;0.199952;0.161315;0.117247;0.079202;0.047701;0.028650
525.9;0.05068;0.16;0.334739;0.303999;0.291767;0.265961;0.231196;0.184177;0.136027;0.091214;0.055849;0.033277
1103.6;0.041449;0.35;0.808639;0.730678;0.700257;0.642320;0.572936;0.489065;0.393669;0.296733;0.203813;0.132644
932.9;0.010112;0.28;0.493840;0.480585;0.469389;0.449067;0.420446;0.380468;0.332520;0.290947;0.254014;0.225567
800.2;0.028986;0.66;0.976993;0.893189;0.832968;0.736367;0.634307;0.519031;0.396423;0.289050;0.198634;0.136349
466;0.05522;0.66;0.366887;0.330499;0.312596;0.279953;0.241480;0.196370;0.145652;0.101290;0.063644;0.037975
490.8;0.044018;0.78;0.581842;0.520880;0.481985;0.416009;0.341498;0.265519;0.196184;0.136672;0.088602;0.056378
369.6;0.028941;0.55;0.395870;0.364931;0.348567;0.317762;0.279093;0.232109;0.182203;0.133871;0.091205;0.060442
1122.4;0.041598;0.56;1.080551;0.974071;0.909781;0.799024;0.679442;0.547140;0.415819;0.308118;0.211838;0.141320
936;0.022163;0.52;0.955972;0.894557;0.847844;0.774122;0.687326;0.582736;0.479620;0.372269;0.270080;0.192354
802;0.038571;0.79;1.104885;1.006108;0.935414;0.814988;0.671696;0.509937;0.370674;0.252272;0.165523;0.108065
582.1;0.059086;0.46;0.363951;0.326627;0.314053;0.289033;0.254471;0.204712;0.153653;0.103981;0.062571;0.036416
449.6;0.052484;0.41;0.316399;0.286132;0.274566;0.250551;0.218867;0.174634;0.129715;0.087344;0.053216;0.031347
860.2;0.024172;0.58;0.950939;0.880177;0.832952;0.751916;0.655317;0.550035;0.444095;0.334024;0.237323;0.166698
1189.1;0.044123;0.34;0.811626;0.738455;0.706620;0.645389;0.576744;0.495293;0.399592;0.298872;0.205085;0.133112
453.4;0.027906;0.18;0.482895;0.445195;0.424361;0.386218;0.344583;0.288046;0.224706;0.162419;0.109304;0.070572
532;0.059346;0.4;0.325418;0.292163;0.280103;0.255355;0.221728;0.179654;0.131267;0.088610;0.053084;0.030967
657.1;0.014199;0.28;0.543400;0.522127;0.506731;0.478659;0.439726;0.391186;0.337102;0.276704;0.217083;0.171633
366.6;0.022515;0.61;0.386717;0.364580;0.349904;0.322745;0.289448;0.245498;0.196516;0.146701;0.104864;0.074293
915.7;0.050567;0.72;0.989588;0.874832;0.812770;0.704249;0.578749;0.442472;0.325645;0.227238;0.149794;0.096633
662.1;0.014221;0.44;0.544474;0.523412;0.507394;0.477227;0.437003;0.383561;0.322983;0.266380;0.209907;0.166161
1184.6;0.036563;0.6;1.280666;1.159346;1.090297;0.969385;0.824381;0.655109;0.496262;0.356928;0.248520;0.168812
662;0.050031;0.32;0.452348;0.410274;0.394863;0.362520;0.320374;0.265533;0.198822;0.137810;0.085806;0.050458
858.6;0.046941;0.48;0.653565;0.588910;0.556960;0.504198;0.446208;0.372844;0.291307;0.213402;0.140421;0.088309
438.9;0.017083;0.35;0.430554;0.408880;0.397546;0.374703;0.343613;0.299265;0.245001;0.189521;0.140651;0.105582
643.2;0.031895;0.76;0.865265;0.787079;0.727323;0.643185;0.542359;0.426960;0.317066;0.222854;0.150089;0.099701
445;0.027519;0.69;0.505218;0.470318;0.445986;0.403083;0.351532;0.288614;0.225409;0.164436;0.114714;0.077853
982.3;0.033925;0.22;0.771905;0.710270;0.688345;0.645763;0.590298;0.506601;0.414267;0.313897;0.215075;0.143215
1084;0.03937;0.15;0.743353;0.680725;0.662014;0.619781;0.572894;0.499967;0.403575;0.299048;0.201637;0.128781
615.7;0.01729;0.53;0.585318;0.554163;0.531190;0.495621;0.448808;0.388658;0.325030;0.257480;0.192521;0.144027
917;0.055267;0.7;0.888925;0.788618;0.728195;0.625675;0.514525;0.402747;0.294953;0.210214;0.138444;0.088294
564.7;0.04201;0.77;0.703324;0.628684;0.576682;0.496637;0.412163;0.317019;0.233558;0.162973;0.107735;0.069078
777.6;0.018147;0.68;0.854056;0.799722;0.756344;0.692227;0.610198;0.510738;0.408676;0.312323;0.232305;0.169635
1049.2;0.038296;0.81;1.489052;1.324883;1.243913;1.104592;0.930481;0.720785;0.512836;0.347174;0.223069;0.143136
837.7;0.056581;0.23;0.472592;0.423941;0.408619;0.377566;0.338977;0.278136;0.207683;0.141095;0.087400;0.051411
601.8;0.049155;0.26;0.417232;0.377350;0.361962;0.330144;0.291777;0.238676;0.175809;0.120858;0.075143;0.044218
569.3;0.044284;0.81;0.750046;0.669050;0.611845;0.524359;0.429618;0.324486;0.233991;0.159746;0.104125;0.066165
707.3;0.033311;0.47;0.675067;0.619485;0.589313;0.536129;0.475786;0.397591;0.313702;0.233493;0.159253;0.105733
680.4;0.023016;0.25;0.659276;0.623817;0.607044;0.571131;0.524003;0.455569;0.370564;0.280109;0.201492;0.141577
623.6;0.038463;0.68;0.704454;0.633043;0.587677;0.512802;0.436259;0.346377;0.263146;0.189793;0.127615;0.082680
802.5;0.022439;0.81;1.122547;1.044923;0.982323;0.876074;0.746243;0.604784;0.456917;0.330647;0.226224;0.154582
968.3;0.025965;0.74;1.318487;1.216994;1.140335;1.012915;0.867340;0.691726;0.523437;0.378099;0.257125;0.173165
681.9;0.05554;0.77;0.735336;0.651017;0.596055;0.507087;0.414943;0.318508;0.229277;0.158857;0.102559;0.064090
858.6;0.046941;0.48;0.653565;0.588910;0.556960;0.504198;0.446208;0.372844;0.291307;0.213402;0.140421;0.088309
438.9;0.017083;0.35;0.430554;0.408880;0.397546;0.374703;0.343613;0.299265;0.245001;0.189521;0.140651;0.105582
643.2;0.031895;0.76;0.865265;0.787079;0.727323;0.643185;0.542359;0.426960;0.317066;0.222854;0.150089;0.099701
445;0.027519;0.69;0.505218;0.470318;0.445986;0.403083;0.351532;0.288614;0.225409;0.164436;0.114714;0.077853
982.3;0.033925;0.22;0.771905;0.710270;0.688345;0.645763;0.590298;0.506601;0.414267;0.313897;0.215075;0.143215
1084;0.03937;0.15;0.743353;0.680725;0.662014;0.619781;0.572894;0.499967;0.403575;0.299048;0.201637;0.128781
615.7;0.01729;0.53;0.585318;0.554163;0.531190;0.495621;0.448808;0.388658;0.325030;0.257480;0.192521;0.144027
917;0.055267;0.7;0.888925;0.788618;0.728195;0.625675;0.514525;0.402747;0.294953;0.210214;0.138444;0.088294
564.7;0.04201;0.77;0.703324;0.628684;0.576682;0.496637;0.412163;0.317019;0.233558;0.162973;0.107735;0.069078
777.6;0.018147;0.68;0.854056;0.799722;0.756344;0.692227;0.610198;0.510738;0.408676;0.312323;0.232305;0.169635
1049.2;0.038296;0.81;1.489052;1.324883;1.243913;1.104592;0.930481;0.720785;0.512836;0.347174;0.223069;0.143136
837.7;0.056581;0.23;0.472592;0.423941;0.408619;0.377566;0.338977;0.278136;0.207683;0.141095;0.087400;0.051411
601.8;0.049155;0.26;0.417232;0.377350;0.361962;0.330144;0.291777;0.238676;0.175809;0.120858;0.075143;0.044218
569.3;0.044284;0.81;0.750046;0.669050;0.611845;0.524359;0.429618;0.324486;0.233991;0.159746;0.104125;0.066165
707.3;0.033311;0.47;0.675067;0.619485;0.589313;0.536129;0.475786;0.397591;0.313702;0.233493;0.159253;0.105733
680.4;0.023016;0.25;0.659276;0.623817;0.607044;0.571131;0.524003;0.455569;0.370564;0.280109;0.201492;0.141577
623.6;0.038463;0.68;0.704454;0.633043;0.587677;0.512802;0.436259;0.346377;0.263146;0.189793;0.127615;0.082680
802.5;0.022439;0.81;1.122547;1.044923;0.982323;0.876074;0.746243;0.604784;0.456917;0.330647;0.226224;0.154582
968.3;0.025965;0.74;1.318487;1.216994;1.140335;1.012915;0.867340;0.691726;0.523437;0.378099;0.257125;0.173165
681.9;0.05554;0.77;0.735336;0.651017;0.596055;0.507087;0.414943;0.318508;0.229277;0.158857;0.102559;0.064090
686.4;0.054261;0.53;0.480060;0.433880;0.412969;0.376862;0.331581;0.272734;0.209140;0.147066;0.093168;0.055585
412.4;0.049729;0.27;0.289651;0.261535;0.249818;0.226348;0.195036;0.155680;0.114222;0.077002;0.046630;0.027829
322;0.05629;0.52;0.229948;0.207757;0.197477;0.177006;0.152639;0.122131;0.088229;0.059181;0.035779;0.021900
561.2;0.018942;0.77;0.636953;0.600185;0.567789;0.514774;0.450742;0.377740;0.297152;0.226989;0.163472;0.118210
585.8;0.035877;0.27;0.520764;0.476484;0.458801;0.423473;0.377097;0.315269;0.244117;0.174821;0.112854;0.071447
888.3;0.04135;0.67;1.002535;0.902751;0.837109;0.726168;0.605523;0.477722;0.352954;0.254751;0.171571;0.112384
1161.2;0.055659;0.79;1.309822;1.152536;1.078166;0.944291;0.782954;0.591166;0.420794;0.281012;0.181641;0.116670
1142.2;0.043198;0.48;0.948892;0.853635;0.801567;0.716548;0.622454;0.508921;0.400532;0.299585;0.207425;0.136928
712.1;0.02946;0.47;0.700264;0.650525;0.622708;0.571640;0.508731;0.429721;0.339357;0.254192;0.178240;0.120494
516.4;0.047;0.85;0.705203;0.624896;0.572643;0.490687;0.395353;0.293287;0.209336;0.140229;0.088779;0.055710
987.5;0.050882;0.6;0.855841;0.765769;0.712933;0.621678;0.524850;0.422381;0.322391;0.234381;0.156226;0.100141
983.4;0.040017;0.75;1.260421;1.150733;1.072979;0.938818;0.779086;0.594635;0.434477;0.298217;0.197214;0.130219
966.6;0.01425;0.42;0.743079;0.715387;0.692997;0.652050;0.600831;0.531924;0.449286;0.365336;0.295221;0.237570
969.3;0.056118;0.36;0.560093;0.506660;0.489354;0.454323;0.408051;0.342232;0.265644;0.187614;0.118418;0.070428
395.3;0.01268;0.4;0.282947;0.271106;0.263077;0.249906;0.231854;0.208047;0.178076;0.146610;0.117995;0.096850
913.4;0.036351;0.68;1.099906;0.999192;0.934089;0.821998;0.689794;0.539126;0.403829;0.285897;0.195251;0.130688
716.9;0.015943;0.25;0.618494;0.588969;0.573185;0.541438;0.498427;0.449041;0.385674;0.311944;0.240053;0.182459
490.9;0.029007;0.49;0.512689;0.474171;0.453162;0.413650;0.367443;0.306180;0.240948;0.178182;0.122106;0.081752
388.7;0.050642;0.2;0.254620;0.229182;0.218376;0.197046;0.169700;0.136033;0.098094;0.066586;0.040217;0.023772
1041.2;0.022205;0.21;0.819095;0.771300;0.751691;0.720852;0.681553;0.619373;0.530499;0.423455;0.312039;0.228404
457.5;0.054221;0.86;0.581310;0.515676;0.468180;0.392219;0.314823;0.235700;0.164501;0.109901;0.068884;0.042287
447.2;0.045632;0.6;0.387272;0.350754;0.333328;0.300334;0.263527;0.214767;0.163752;0.113859;0.073061;0.045175
899.4;0.028907;0.45;0.848437;0.784989;0.752216;0.694406;0.622135;0.528924;0.424055;0.317604;0.226024;0.156335
1105;0.022446;0.67;1.352990;1.255629;1.185736;1.066873;0.920622;0.756051;0.584963;0.437391;0.310449;0.217811
764.9;0.022643;0.52;0.782801;0.732804;0.697474;0.635618;0.568875;0.492123;0.403036;0.307418;0.220025;0.157023
932.4;0.048362;0.62;0.866826;0.775041;0.722768;0.631813;0.528985;0.422581;0.321875;0.231956;0.154771;0.100165
438.2;0.012493;0.72;0.274191;0.264334;0.256397;0.242511;0.222654;0.198303;0.168541;0.139491;0.114774;0.096025
1158.1;0.044264;0.59;1.123010;1.007521;0.938965;0.818516;0.695346;0.550658;0.415601;0.304505;0.208838;0.138567
786.8;0.041014;0.5;0.681788;0.616742;0.584698;0.527348;0.458918;0.383528;0.301398;0.220452;0.148702;0.095815
911.8;0.047334;0.49;0.700345;0.630761;0.595211;0.533862;0.469342;0.391217;0.306448;0.225192;0.148964;0.094224
332.9;0.058863;0.19;0.169931;0.153065;0.146955;0.133026;0.114609;0.092049;0.066181;0.043837;0.026416;0.017272
1028.3;0.029196;0.83;1.531983;1.405993;1.323155;1.184871;1.008941;0.792516;0.586390;0.405392;0.263915;0.169600
973.8;0.02301;0.45;0.929780;0.868978;0.829886;0.760940;0.679560;0.590072;0.491922;0.382137;0.277476;0.198578
408.2;0.053873;0.44;0.286261;0.260125;0.248739;0.225535;0.195458;0.156351;0.114900;0.077505;0.046668;0.027233
772.5;0.050305;0.12;0.482178;0.435395;0.419633;0.385102;0.341876;0.281645;0.207657;0.142974;0.088601;0.052336
593.3;0.033056;0.51;0.588306;0.540298;0.512891;0.466210;0.411438;0.340766;0.268812;0.198286;0.134572;0.088103
791.8;0.014548;0.87;0.828226;0.786490;0.744542;0.682136;0.600863;0.501411;0.395659;0.301147;0.223654;0.166045
659;0.038213;0.32;0.552105;0.502984;0.483845;0.447992;0.401702;0.336903;0.262968;0.189337;0.122660;0.077521
673.6;0.019369;0.69;0.751105;0.707807;0.670802;0.608873;0.534849;0.449740;0.357032;0.275684;0.199686;0.144464
462.7;0.036584;0.19;0.423057;0.384349;0.366029;0.334517;0.293967;0.239668;0.181664;0.125858;0.080587;0.049811
529.8;0.027752;0.72;0.645314;0.593313;0.554386;0.499043;0.432316;0.352543;0.270180;0.195481;0.135163;0.092000
318.5;0.025739;0.71;0.348810;0.323424;0.307578;0.280118;0.246219;0.206241;0.161246;0.119834;0.084250;0.057855
1131.3;0.046337;0.53;0.959195;0.855328;0.803313;0.713273;0.608456;0.491833;0.382040;0.282210;0.193597;0.127386
888.3;0.035789;0.24;0.707316;0.648883;0.628145;0.585089;0.527248;0.455174;0.363922;0.271586;0.184334;0.118208
1139.4;0.049532;0.84;1.489014;1.318960;1.232657;1.074116;0.901671;0.702287;0.491191;0.326011;0.202371;0.126803
447.2;0.020225;0.27;0.482323;0.455610;0.439028;0.409056;0.369627;0.316436;0.252863;0.191535;0.137126;0.098226
1129;0.043905;0.12;0.704744;0.639550;0.625927;0.592602;0.546575;0.472634;0.376165;0.274279;0.177612;0.111679
1015.2;0.012624;0.58;0.766736;0.737372;0.708443;0.663835;0.603400;0.524449;0.438170;0.353460;0.279564;0.229347
819.7;0.050059;0.59;0.689561;0.615467;0.573639;0.506623;0.436059;0.355618;0.272398;0.197562;0.130088;0.082167
696;0.043928;0.48;0.561952;0.506524;0.481797;0.439367;0.390494;0.326568;0.253101;0.183449;0.119722;0.074711
531.9;0.0573;0.58;0.374803;0.337346;0.320921;0.290518;0.255035;0.207991;0.155379;0.106110;0.066168;0.038926
976.8;0.014578;0.68;0.924266;0.878348;0.840797;0.774879;0.689612;0.583522;0.473838;0.368799;0.279186;0.218031
505.8;0.055422;0.43;0.339193;0.303597;0.292006;0.267456;0.234585;0.187638;0.139822;0.094344;0.057105;0.033450
357.8;0.035498;0.58;0.358508;0.327127;0.309829;0.281088;0.246610;0.203666;0.156897;0.112739;0.073531;0.047293
990.6;0.040745;0.44;0.812612;0.731741;0.692273;0.629654;0.553808;0.462085;0.367150;0.274976;0.188838;0.123203
904.1;0.025804;0.2;0.777629;0.728669;0.711346;0.675924;0.626733;0.551900;0.454391;0.348371;0.250859;0.175351
943.7;0.013874;0.38;0.701653;0.677359;0.657773;0.621391;0.576537;0.511861;0.434328;0.357882;0.290960;0.236151
877.9;0.052531;0.54;0.653986;0.583203;0.549607;0.492637;0.429929;0.355424;0.273823;0.197546;0.129878;0.081122
677.1;0.017226;0.2;0.612290;0.580501;0.566106;0.540238;0.504877;0.450960;0.379885;0.300694;0.224985;0.169360
651.7;0.028524;0.17;0.638879;0.591473;0.572151;0.531173;0.475982;0.402054;0.321128;0.238380;0.161321;0.107232
1034.5;0.04112;0.33;0.755359;0.686552;0.659086;0.606319;0.542835;0.467329;0.375600;0.280217;0.190730;0.123262
585.7;0.059878;0.64;0.422764;0.380916;0.360294;0.321860;0.278103;0.226900;0.168817;0.117361;0.073661;0.043382
1033.1;0.035867;0.47;0.936806;0.859636;0.813868;0.732859;0.639233;0.533098;0.416810;0.313901;0.220030;0.149145
1010.2;0.059526;0.5;0.629287;0.564276;0.535804;0.484132;0.427573;0.352717;0.275911;0.197712;0.127189;0.076279
1067;0.021327;0.15;0.809551;0.763600;0.748366;0.724106;0.689858;0.632525;0.547670;0.442654;0.330855;0.243949
755.1;0.0299;0.16;0.688040;0.640606;0.621868;0.580344;0.524648;0.445296;0.358892;0.267843;0.182379;0.120762
872.1;0.044828;0.37;0.626763;0.565498;0.543423;0.501830;0.452260;0.383703;0.301277;0.219946;0.143880;0.089516
1155.8;0.013232;0.37;0.777016;0.752810;0.732638;0.696167;0.645616;0.578505;0.496128;0.409022;0.335874;0.280629
699.6;0.047383;0.89;1.035691;0.924711;0.854197;0.731077;0.602388;0.455859;0.310075;0.204439;0.125630;0.076380
354;0.03102;0.7;0.393250;0.359841;0.338731;0.304447;0.265553;0.216868;0.168529;0.123219;0.083484;0.055766
1080.1;0.050566;0.62;0.987487;0.878594;0.818975;0.714770;0.596157;0.471668;0.357250;0.257027;0.172826;0.112526
868.1;0.02898;0.81;1.281433;1.180578;1.106314;0.979571;0.822277;0.640891;0.479440;0.330080;0.218537;0.143730
619.6;0.025953;0.51;0.636406;0.593171;0.570095;0.527201;0.471935;0.399613;0.318491;0.237016;0.167560;0.115606
1197.3;0.059303;0.4;0.664080;0.597170;0.571412;0.523233;0.470791;0.394897;0.313169;0.225416;0.144962;0.087957
501.8;0.045909;0.81;0.626462;0.559117;0.515723;0.441918;0.358230;0.273742;0.198751;0.136565;0.087617;0.055320
887.2;0.030659;0.3;0.763262;0.709519;0.686327;0.639802;0.581321;0.501867;0.401800;0.306171;0.215526;0.145486
844.5;0.014932;0.23;0.661924;0.635524;0.619176;0.588423;0.546863;0.486287;0.424991;0.354602;0.280545;0.221229
648.5;0.046728;0.63;0.592139;0.532487;0.497097;0.438155;0.376394;0.305994;0.233146;0.168110;0.109906;0.069199
428;0.041865;0.3;0.358960;0.329456;0.314388;0.284645;0.247291;0.201909;0.150198;0.103803;0.064814;0.039237
322.6;0.013692;0.23;0.254736;0.244042;0.236930;0.223699;0.205624;0.180475;0.151134;0.121363;0.096583;0.077818
679;0.016025;0.32;0.597603;0.568754;0.552947;0.520734;0.476900;0.425223;0.363503;0.292894;0.224225;0.170047
465.7;0.05908;0.34;0.276627;0.246847;0.235900;0.213496;0.187241;0.149842;0.108643;0.072335;0.043481;0.026297
953.2;0.03484;0.1;0.742343;0.683418;0.664388;0.623261;0.566011;0.494705;0.396449;0.296099;0.199680;0.127581
633.3;0.011121;0.28;0.408742;0.394604;0.384290;0.364432;0.336287;0.298560;0.263373;0.224785;0.188589;0.161020
1057.4;0.012692;0.64;0.845014;0.812450;0.778036;0.717859;0.647474;0.559104;0.459642;0.368268;0.289297;0.232859
960.8;0.017044;0.89;1.201780;1.124458;1.069991;0.977827;0.855798;0.704977;0.548956;0.404700;0.288871;0.202264
813.9;0.054674;0.3;0.490928;0.442363;0.426996;0.393972;0.350520;0.293054;0.219151;0.152493;0.094883;0.055792
459.2;0.033291;0.6;0.479136;0.438873;0.414915;0.375629;0.327046;0.269869;0.210015;0.153212;0.103657;0.067359
538.8;0.034723;0.49;0.518224;0.476891;0.454365;0.412808;0.361762;0.303487;0.237179;0.172447;0.115904;0.074720
649;0.030611;0.4;0.685543;0.631103;0.595831;0.536159;0.466776;0.388063;0.302870;0.228181;0.161203;0.111629
301.2;0.030192;0.71;0.358444;0.328092;0.306600;0.271467;0.233516;0.191095;0.146286;0.107546;0.074244;0.050999
475.6;0.017659;0.77;0.529145;0.498578;0.473426;0.431697;0.378007;0.318619;0.252033;0.192597;0.141270;0.104390
610.5;0.053753;0.65;0.703516;0.624716;0.567779;0.475615;0.381655;0.289644;0.208153;0.146437;0.098271;0.065415
879.5;0.053867;0.22;0.530130;0.479350;0.457539;0.420061;0.377127;0.315554;0.249931;0.180517;0.117851;0.074219
913.7;0.014642;0.65;0.930092;0.882139;0.840177;0.772868;0.685192;0.577478;0.465904;0.360814;0.272092;0.212605
492.6;0.02663;0.4;0.522053;0.484854;0.464395;0.426830;0.379468;0.320673;0.253452;0.191880;0.136516;0.094397
328.4;0.044675;0.68;0.355423;0.317983;0.292144;0.251947;0.212917;0.169643;0.127426;0.091393;0.061065;0.039952
1061.8;0.018545;0.3;0.956293;0.899485;0.863555;0.802641;0.725083;0.631039;0.525035;0.430533;0.332415;0.252266
724.4;0.027296;0.58;0.949249;0.875021;0.813599;0.713155;0.599970;0.489818;0.373699;0.272278;0.187849;0.131689
428.3;0.028254;0.29;0.448680;0.413410;0.397825;0.366222;0.325233;0.274294;0.218134;0.162908;0.112585;0.075418
590.2;0.027083;0.69;0.830135;0.764488;0.709349;0.619475;0.516517;0.417617;0.313760;0.224960;0.152684;0.105699
522.1;0.055769;0.31;0.330518;0.297350;0.285610;0.263949;0.236010;0.193162;0.147501;0.102448;0.064345;0.039799
764.6;0.018561;0.31;0.719395;0.678638;0.651833;0.609506;0.554336;0.485451;0.413485;0.331826;0.249932;0.185386
812.7;0.019669;0.29;0.762818;0.715787;0.688903;0.642231;0.581758;0.511810;0.435823;0.348110;0.260639;0.192181
395.1;0.058311;0.46;0.264601;0.238202;0.227729;0.209184;0.184166;0.150454;0.114121;0.080072;0.050452;0.031588
325;0.033052;0.73;0.407221;0.371340;0.343214;0.298265;0.252929;0.202131;0.152240;0.110371;0.075046;0.050381
684.7;0.046744;0.5;0.700107;0.627431;0.577936;0.495080;0.407623;0.322860;0.244243;0.178789;0.121579;0.081395
423.3;0.01434;0.54;0.362477;0.346993;0.335504;0.315863;0.289076;0.252268;0.213669;0.174451;0.136325;0.108543
1041.3;0.020767;0.25;0.927492;0.872677;0.836717;0.774733;0.702122;0.611522;0.522626;0.422829;0.319986;0.235684
