Power;Pressure;xAr;Point1_EtchRate;Point2_EtchRate;Point3_EtchRate;Point4_EtchRate;Point5_EtchRate;Point6_EtchRate;Point7_EtchRate;Point8_EtchRate;Point9_EtchRate;Point10_EtchRate
446;0.059262;0.3;0.253374;0.226274;0.216355;0.197927;0.173059;0.137392;0.100086;0.065946;0.039768;0.024465
1014.9;0.037974;0.64;1.137259;1.038020;0.969960;0.853483;0.716392;0.564781;0.423605;0.304669;0.208546;0.140519
580.1;0.05668;0.62;0.429991;0.386636;0.366339;0.329679;0.285790;0.233372;0.174888;0.122408;0.077208;0.045938
775.7;0.046017;0.66;0.782012;0.698254;0.651248;0.568931;0.474468;0.376637;0.285374;0.203495;0.135412;0.087275
449.1;0.034202;0.77;0.559553;0.512508;0.475652;0.414943;0.347561;0.278408;0.207236;0.148142;0.099106;0.065272
841.8;0.041952;0.68;0.953062;0.856197;0.792712;0.685289;0.574097;0.449931;0.333731;0.239792;0.161221;0.105061
536.7;0.054382;0.12;0.298971;0.272121;0.261532;0.237285;0.206459;0.166578;0.120662;0.081530;0.049116;0.029179
888.7;0.019937;0.57;0.923322;0.871112;0.829118;0.756326;0.668699;0.568037;0.458363;0.360069;0.264502;0.191987
920.3;0.029768;0.84;1.391950;1.285061;1.207094;1.072196;0.904810;0.702191;0.521762;0.356025;0.231864;0.149593
973.3;0.059609;0.17;0.492018;0.440649;0.425548;0.397499;0.357338;0.292241;0.219179;0.147425;0.091391;0.053779
705.5;0.030118;0.54;0.726924;0.672858;0.639817;0.581589;0.511727;0.425738;0.334828;0.248038;0.173600;0.117264
375.4;0.042943;0.84;0.475304;0.426104;0.392571;0.336980;0.274480;0.211464;0.154308;0.105950;0.067993;0.043136
506.1;0.055067;0.26;0.308817;0.279891;0.268598;0.243638;0.211388;0.170402;0.123933;0.083484;0.050147;0.029337
1122;0.059769;0.52;0.727628;0.644504;0.609505;0.546375;0.476640;0.390482;0.305500;0.220086;0.143732;0.089191
437.1;0.042658;0.2;0.350425;0.318384;0.303123;0.273030;0.238900;0.193375;0.141468;0.097520;0.060774;0.036114
1043.2;0.015422;0.7;1.066078;1.008298;0.961373;0.882050;0.780354;0.655342;0.525837;0.403581;0.300216;0.230092
784.5;0.011806;0.35;0.529123;0.511386;0.497496;0.473355;0.438600;0.389883;0.331457;0.282677;0.235596;0.198630
1196.5;0.040905;0.25;0.805557;0.732231;0.707694;0.658052;0.597040;0.520355;0.423445;0.321236;0.220465;0.143138
370.4;0.038357;0.88;0.535097;0.480500;0.439007;0.372863;0.305682;0.233473;0.166274;0.113741;0.073155;0.046078
698.4;0.058098;0.67;0.569910;0.504992;0.472918;0.416062;0.354019;0.281344;0.212914;0.149545;0.095867;0.057982
396;0.047305;0.76;0.404329;0.361551;0.335634;0.293310;0.248343;0.197528;0.146833;0.102492;0.066142;0.041194
1165.7;0.043126;0.65;1.259068;1.134802;1.058344;0.922917;0.767601;0.606007;0.444687;0.318604;0.215662;0.143838
304.2;0.036166;0.65;0.306707;0.280280;0.265785;0.239543;0.209462;0.172637;0.132150;0.094970;0.062220;0.039816
997.4;0.022995;0.52;1.029196;0.957219;0.904860;0.824866;0.728292;0.614892;0.504314;0.389603;0.281810;0.199824
1035.6;0.0581;0.25;0.545415;0.495534;0.479849;0.445624;0.399729;0.338490;0.256027;0.178846;0.111369;0.065275
1081.8;0.03701;0.49;0.995873;0.909121;0.857705;0.767512;0.664002;0.549368;0.426831;0.320300;0.224157;0.152234
376;0.011514;0.55;0.203133;0.195840;0.190940;0.182274;0.170362;0.154197;0.136233;0.116456;0.097644;0.083781
659.8;0.044816;0.76;0.801638;0.714194;0.655354;0.566268;0.466831;0.356771;0.261422;0.181850;0.119778;0.076779
533.9;0.035986;0.26;0.484064;0.443551;0.425319;0.390618;0.344589;0.287873;0.219562;0.156813;0.100923;0.062755
1020.1;0.012952;0.52;0.756456;0.730616;0.706931;0.664526;0.606496;0.529662;0.446378;0.361896;0.288006;0.237904
688.3;0.054502;0.75;0.720795;0.638755;0.585750;0.499976;0.411493;0.318609;0.231565;0.161726;0.104823;0.065638
1119.6;0.02651;0.38;0.979604;0.906737;0.865936;0.802480;0.729326;0.638039;0.525590;0.407149;0.294484;0.208948
463.7;0.021485;0.54;0.477284;0.450306;0.434176;0.404693;0.366785;0.314799;0.253194;0.191545;0.137208;0.097892
537.4;0.015697;0.67;0.486356;0.463572;0.445606;0.413721;0.372550;0.322625;0.264106;0.210631;0.161355;0.123575
431;0.025546;0.26;0.472734;0.438833;0.419618;0.384108;0.339663;0.285831;0.225380;0.166500;0.113113;0.075867
422.5;0.021422;0.62;0.437417;0.412467;0.395261;0.367129;0.331817;0.284053;0.227974;0.172697;0.123244;0.088140
1082.4;0.0426;0.1;0.701120;0.636825;0.623456;0.589881;0.543214;0.468324;0.372131;0.270216;0.174511;0.109973
821.7;0.013308;0.51;0.632502;0.610415;0.590235;0.553809;0.506083;0.444849;0.373034;0.302001;0.243944;0.198994
794.9;0.023772;0.56;0.850939;0.792987;0.751031;0.679736;0.599263;0.511151;0.413646;0.312316;0.221749;0.156824
430.5;0.024091;0.11;0.481091;0.446877;0.428239;0.391927;0.345540;0.292416;0.229902;0.170154;0.116021;0.077871
1067.7;0.054003;0.81;1.280296;1.119302;1.047098;0.917747;0.761414;0.574645;0.405745;0.268940;0.172735;0.109879
859.8;0.032217;0.77;1.209704;1.108276;1.029686;0.897073;0.754388;0.596946;0.434926;0.303957;0.200138;0.132946
615.9;0.047796;0.72;0.645602;0.581131;0.537246;0.462889;0.384004;0.303586;0.225815;0.160226;0.104216;0.065870
761.9;0.040165;0.73;0.946118;0.854875;0.790459;0.683227;0.560959;0.440157;0.320603;0.227257;0.150688;0.098544
661.6;0.049163;0.4;0.470171;0.424646;0.408221;0.376983;0.334949;0.276243;0.211877;0.147735;0.092649;0.055813
368.4;0.015697;0.22;0.355340;0.340124;0.329028;0.308638;0.281315;0.244036;0.199546;0.154768;0.118188;0.090264
515.9;0.058928;0.38;0.315749;0.282822;0.270831;0.246431;0.213345;0.173196;0.125835;0.084932;0.050901;0.029867
411;0.05243;0.62;0.326480;0.294684;0.279544;0.251489;0.218353;0.178299;0.131835;0.091219;0.057092;0.033988
465.5;0.012532;0.85;0.296218;0.286530;0.276132;0.257733;0.235362;0.205779;0.172276;0.140963;0.111579;0.092348
516;0.03331;0.17;0.490725;0.451236;0.432244;0.396668;0.349693;0.291560;0.223123;0.158982;0.102127;0.064745
675.5;0.026283;0.69;0.832016;0.769357;0.721420;0.640185;0.548943;0.455026;0.351997;0.257521;0.177515;0.122453
344.7;0.04151;0.14;0.272240;0.247204;0.235998;0.213523;0.184600;0.146487;0.108452;0.072921;0.045826;0.027603
1112.4;0.021515;0.71;1.403116;1.309356;1.231034;1.106171;0.959736;0.781891;0.608345;0.443839;0.318215;0.222351
1150.3;0.038994;0.47;1.009598;0.915112;0.862231;0.770755;0.667454;0.553162;0.432346;0.325506;0.226940;0.153556
741.8;0.040158;0.14;0.571078;0.524695;0.507220;0.468943;0.420580;0.353383;0.268722;0.191665;0.122611;0.075047
740.3;0.039994;0.77;0.979885;0.887035;0.820140;0.708118;0.579098;0.448223;0.322544;0.224567;0.147538;0.096095
603.9;0.032421;0.23;0.571637;0.524499;0.502351;0.459932;0.412727;0.348331;0.273068;0.196950;0.131600;0.084094
1110;0.011771;0.19;0.638938;0.620029;0.608407;0.586082;0.553935;0.505044;0.442928;0.383212;0.330265;0.285561
632.3;0.035691;0.32;0.560036;0.513483;0.491725;0.451230;0.405015;0.340789;0.267673;0.192426;0.127594;0.081235
892;0.045472;0.14;0.595392;0.539975;0.523242;0.487255;0.443054;0.370844;0.285461;0.199752;0.127577;0.077975
431.9;0.059631;0.49;0.282267;0.253109;0.241552;0.218692;0.188573;0.152645;0.110430;0.074558;0.044724;0.026910
959.3;0.014611;0.57;0.829141;0.795144;0.763960;0.709301;0.638228;0.551207;0.454936;0.361307;0.280937;0.223716
1274.3;0.057677;0.28;0.655529;0.589505;0.569572;0.532108;0.486333;0.412432;0.328085;0.234088;0.148571;0.090615
1279.8;0.01814;0.36;1.011545;0.957325;0.922151;0.867028;0.795091;0.700828;0.590249;0.486686;0.383311;0.293846
1193.9;0.058523;0.53;0.815675;0.719771;0.675887;0.601469;0.519824;0.425665;0.329045;0.240247;0.160330;0.101060
347;0.03985;0.92;0.530259;0.476656;0.434433;0.367040;0.298533;0.224710;0.156284;0.103985;0.065141;0.039956
396.3;0.022011;0.28;0.440810;0.412387;0.396129;0.365683;0.326891;0.275544;0.218830;0.163821;0.115771;0.080021
747.4;0.013515;0.63;0.606800;0.585094;0.563033;0.523681;0.472562;0.411131;0.340009;0.272080;0.214768;0.173993
1043.2;0.025002;0.05;0.824848;0.780991;0.769786;0.740797;0.700373;0.630290;0.529949;0.412445;0.304339;0.216041
1216.2;0.050677;0.74;1.363472;1.199374;1.115353;0.975289;0.818243;0.626348;0.447723;0.308207;0.202931;0.132295
870.7;0.013835;0.19;0.640288;0.618062;0.602665;0.574915;0.535776;0.479011;0.419755;0.355589;0.287709;0.233118
1448;0.027724;0.5;1.448806;1.334546;1.264683;1.141867;0.990531;0.819536;0.660214;0.498780;0.356916;0.252661
1305.7;0.016601;0.58;1.249240;1.186771;1.131990;1.042922;0.926334;0.784549;0.639081;0.496751;0.372376;0.288313
1656.1;0.017909;0.24;1.035200;0.988970;0.960919;0.916261;0.860417;0.780432;0.681286;0.577813;0.476350;0.381102
1043.9;0.013107;0.48;0.761191;0.737111;0.714058;0.672521;0.616028;0.541259;0.457825;0.372396;0.298212;0.247000
347;0.03985;0.92;0.530259;0.476656;0.434433;0.367040;0.298533;0.224710;0.156284;0.103985;0.065141;0.039956
396.3;0.022011;0.28;0.440810;0.412387;0.396129;0.365683;0.326891;0.275544;0.218830;0.163821;0.115771;0.080021
1440.6;0.059171;0.73;1.374981;1.220875;1.144888;1.001409;0.833619;0.639538;0.462120;0.315816;0.207305;0.136327
1568.1;0.054815;0.27;0.806870;0.721630;0.695439;0.644747;0.587650;0.510120;0.410646;0.309032;0.206837;0.129728
477.8;0.053285;0.25;0.301547;0.274388;0.262830;0.238334;0.206375;0.165918;0.120926;0.081446;0.048931;0.028875
1578.7;0.050048;0.17;0.803309;0.723014;0.701866;0.663058;0.617353;0.542007;0.446447;0.336033;0.223330;0.142611
1185.3;0.037749;0.6;1.262866;1.149237;1.078376;0.955570;0.808928;0.639724;0.485112;0.349352;0.242818;0.165024
436.6;0.030944;0.61;0.470880;0.431346;0.408166;0.368380;0.323790;0.266387;0.208211;0.152888;0.103574;0.068980
689.9;0.016356;0.91;0.812075;0.772868;0.732781;0.666070;0.578631;0.473360;0.372305;0.277291;0.197086;0.141772
1640.5;0.053198;0.79;1.828501;1.593845;1.500092;1.334962;1.145067;0.900980;0.639059;0.430874;0.271871;0.173988
1650.8;0.02373;0.6;1.834564;1.695346;1.608734;1.464639;1.280038;1.051470;0.823733;0.611311;0.442043;0.311485
520.7;0.052008;0.87;0.699665;0.628063;0.575461;0.486893;0.387610;0.288546;0.199968;0.132937;0.082432;0.050754
1658.8;0.013538;0.51;1.220732;1.176401;1.129303;1.047712;0.945140;0.828557;0.695608;0.563079;0.443006;0.355285
1640;0.02894;0.46;1.529422;1.411014;1.338533;1.209125;1.052197;0.877480;0.708128;0.536952;0.386279;0.276303
979.5;0.023408;0.25;0.805007;0.757319;0.739639;0.702785;0.660712;0.592376;0.498606;0.391243;0.285679;0.204775
1420.4;0.017646;0.75;1.661032;1.553179;1.472149;1.351833;1.192906;0.991700;0.776644;0.580363;0.417349;0.300760
498.6;0.04155;0.59;0.461172;0.415654;0.391893;0.353946;0.309939;0.255434;0.195725;0.140613;0.091486;0.057447
890.5;0.025819;0.01;0.792149;0.744536;0.728678;0.692471;0.641479;0.562951;0.457833;0.354845;0.253486;0.173124
1582;0.057956;0.64;1.330828;1.182170;1.108285;0.970053;0.811238;0.631957;0.467348;0.330904;0.223930;0.149685
1513.4;0.014756;0.44;1.115567;1.065636;1.024918;0.963074;0.881440;0.774224;0.654495;0.531360;0.417709;0.340123
1183.7;0.04336;0.59;1.164392;1.047540;0.977380;0.853669;0.721262;0.574010;0.429790;0.315845;0.216411;0.143966
797.1;0.02482;0.22;0.728274;0.684500;0.666790;0.629779;0.580845;0.507615;0.414608;0.316005;0.226163;0.157798
1695.8;0.039928;0.66;1.874329;1.679681;1.588219;1.424023;1.220369;0.965185;0.706280;0.494238;0.331696;0.223928
613.8;0.017593;0.32;0.575649;0.544639;0.525556;0.496861;0.460568;0.409560;0.342212;0.268186;0.198769;0.148461
1213.4;0.031819;0.63;1.424212;1.308209;1.224681;1.081483;0.919258;0.748665;0.566012;0.408580;0.278559;0.192332
1147;0.010634;0.35;0.613115;0.597871;0.585191;0.561072;0.525566;0.475314;0.415830;0.353758;0.302314;0.265819
842.1;0.021451;0.16;0.732178;0.696514;0.683323;0.654429;0.612725;0.547285;0.459263;0.358785;0.263217;0.189063
499.1;0.023184;0.09;0.551884;0.514909;0.495580;0.458078;0.408232;0.342536;0.274621;0.204375;0.142717;0.097059
335.2;0.035569;0.73;0.360909;0.331597;0.311886;0.277304;0.237692;0.193981;0.148916;0.106580;0.071431;0.046467
889.6;0.020754;0.82;1.218985;1.143438;1.073425;0.957494;0.828355;0.671447;0.516098;0.370307;0.258838;0.177153
557.7;0.027305;0.37;0.572330;0.530675;0.510317;0.471406;0.421968;0.355483;0.281331;0.209339;0.145286;0.097824
1316.1;0.047391;0.13;0.729773;0.662954;0.648839;0.615607;0.571422;0.499379;0.401049;0.295828;0.192681;0.120470
818.5;0.030681;0.08;0.720188;0.671267;0.652226;0.610073;0.552237;0.474045;0.381209;0.284754;0.192424;0.126614
1478.2;0.012788;0.88;1.312738;1.279031;1.224149;1.138836;1.015593;0.862344;0.692280;0.546992;0.412577;0.321793
1327.9;0.029501;0.24;0.951142;0.889042;0.867365;0.821539;0.764053;0.679093;0.568934;0.442797;0.327027;0.232568
1099.4;0.033724;0.75;1.495700;1.362857;1.274589;1.117157;0.942407;0.749170;0.546679;0.379803;0.248410;0.165833
547.6;0.051266;0.48;0.399182;0.361692;0.346264;0.315607;0.277111;0.228819;0.170914;0.118874;0.074319;0.043983
1640.3;0.025182;0.78;2.175821;2.000920;1.902362;1.734384;1.518431;1.240105;0.954506;0.676262;0.461153;0.303991
671.5;0.05109;0.31;0.448279;0.405664;0.390209;0.358061;0.316144;0.262363;0.195146;0.135139;0.084025;0.049368
1594.4;0.038284;0.5;1.455503;1.322097;1.248874;1.119040;0.962078;0.775707;0.597866;0.439202;0.312521;0.217106
613.3;0.012719;0.79;0.454957;0.440169;0.423439;0.393342;0.353872;0.305175;0.253093;0.203927;0.160043;0.129702
823;0.023001;0.74;1.081247;1.007523;0.945065;0.840010;0.721642;0.586305;0.446041;0.331990;0.228901;0.158103
422.5;0.039455;0.85;0.591810;0.530387;0.484810;0.412044;0.339266;0.258909;0.186446;0.128006;0.083122;0.052657
1196.2;0.033987;0.55;1.229879;1.121821;1.051999;0.946168;0.817647;0.663969;0.510575;0.373606;0.262640;0.180605
552.9;0.019933;0.78;0.651053;0.613999;0.579276;0.521030;0.456595;0.378590;0.295081;0.224424;0.158920;0.113700
363.1;0.021951;0.93;0.474889;0.444185;0.418273;0.375252;0.321157;0.255450;0.194124;0.138148;0.093076;0.063048
1312.4;0.04901;0.73;1.473434;1.306024;1.218296;1.059316;0.892397;0.692778;0.491960;0.341251;0.223924;0.146143
786.4;0.040865;0.07;0.586058;0.537928;0.520261;0.480251;0.433434;0.361900;0.275136;0.194037;0.123597;0.075507
1224.9;0.017206;0.19;0.841619;0.803353;0.786330;0.752822;0.709629;0.643834;0.568892;0.485904;0.389816;0.305714
837.4;0.045807;0.73;0.982134;0.874054;0.806133;0.694126;0.577009;0.441840;0.323109;0.225983;0.150289;0.097252
1178.3;0.030075;0.12;0.846967;0.798536;0.785438;0.751361;0.705572;0.630017;0.521662;0.408405;0.294690;0.201709
330.3;0.033119;0.96;0.512785;0.473208;0.438810;0.381272;0.312788;0.235553;0.168040;0.109809;0.068416;0.041695
1574.8;0.045364;0.76;1.848253;1.675535;1.580389;1.401043;1.189181;0.923812;0.675701;0.452142;0.293697;0.191287
1344.2;0.010719;0.32;0.675429;0.658214;0.643597;0.619097;0.584448;0.533873;0.471442;0.404620;0.344498;0.304677
1438.4;0.013732;0.72;1.343458;1.297022;1.235672;1.132923;1.000875;0.842036;0.685400;0.528005;0.400684;0.310219
836.6;0.039553;0.8;1.157127;1.055837;0.982079;0.855941;0.705667;0.534027;0.386592;0.261179;0.170060;0.110642
1164.2;0.0323;0.41;1.006901;0.930443;0.888631;0.814175;0.724933;0.613688;0.492622;0.372455;0.267177;0.184122
1105.7;0.056331;0.44;0.676957;0.606467;0.579287;0.527439;0.469479;0.392857;0.309584;0.222379;0.145927;0.090045
1042.1;0.014745;0.57;0.905195;0.869295;0.835032;0.774332;0.696133;0.597729;0.494439;0.391667;0.301842;0.240391
685.1;0.028771;0.75;0.929012;0.850831;0.789828;0.691817;0.584711;0.471780;0.353474;0.252706;0.169643;0.115394
648.1;0.0373;0.61;0.671356;0.607645;0.569422;0.505250;0.437090;0.353549;0.273685;0.199968;0.135350;0.087807
932.3;0.015584;0.32;0.734197;0.702065;0.684155;0.648430;0.599978;0.533382;0.453609;0.378892;0.300101;0.234514
618.8;0.055223;0.79;0.691423;0.611705;0.558857;0.473857;0.386600;0.295261;0.211366;0.145330;0.093255;0.058018
1426.2;0.041664;0.75;1.747408;1.583687;1.493017;1.328275;1.126762;0.877141;0.635618;0.431502;0.281593;0.183655
1680.5;0.055271;0.25;0.833506;0.743882;0.717545;0.666070;0.609109;0.530372;0.430149;0.325745;0.218800;0.137686
342;0.041528;0.5;0.307982;0.281948;0.268827;0.243603;0.211661;0.172082;0.129873;0.090284;0.056992;0.035131
1049.9;0.010711;0.15;0.561452;0.545555;0.534710;0.515541;0.485925;0.444199;0.391180;0.347262;0.303548;0.268264
421.9;0.025824;0.14;0.464216;0.429488;0.409177;0.372231;0.331354;0.278426;0.217387;0.158675;0.107454;0.070157
1422.9;0.015594;0.65;1.406068;1.331252;1.265425;1.153920;1.028642;0.873858;0.698782;0.541026;0.404267;0.305570
1684.8;0.041473;0.08;0.891030;0.812338;0.797669;0.761581;0.716930;0.645604;0.548958;0.432049;0.301846;0.200599
393.7;0.013035;0.21;0.306559;0.294437;0.287260;0.272078;0.250980;0.221648;0.186956;0.152208;0.120499;0.098418
325.4;0.033872;0.59;0.334953;0.305579;0.288395;0.261750;0.229741;0.190067;0.147120;0.105735;0.069802;0.045320
1257.4;0.025277;0.67;1.558211;1.449551;1.369956;1.224934;1.053967;0.857554;0.650993;0.482963;0.333025;0.229425
796.3;0.053225;0.32;0.495855;0.448989;0.433319;0.400350;0.356567;0.297732;0.225008;0.156848;0.097905;0.057598
1659.8;0.026679;0.02;0.889078;0.844948;0.846439;0.838362;0.824653;0.782471;0.702184;0.586667;0.449074;0.334635
785;0.016771;0.9;0.960031;0.909035;0.862944;0.784705;0.682557;0.558467;0.437312;0.323610;0.229453;0.163275
1541.2;0.048273;0.1;0.782239;0.706567;0.693511;0.662442;0.622484;0.549071;0.451771;0.337049;0.222268;0.141754
936.6;0.025931;0.85;1.407889;1.308936;1.229233;1.092874;0.932692;0.748631;0.549341;0.388444;0.252935;0.167007
604.8;0.020004;0.85;0.787610;0.741416;0.698524;0.626692;0.538531;0.440529;0.338806;0.246674;0.172678;0.120104
475.9;0.01345;0.66;0.350392;0.337891;0.327117;0.307298;0.280860;0.247218;0.207119;0.170242;0.136175;0.110336
732.5;0.037596;0.55;0.710006;0.642871;0.605305;0.542144;0.472579;0.386355;0.302125;0.222681;0.151419;0.098384
1316.5;0.030191;0.45;1.224467;1.121257;1.059218;0.956549;0.846817;0.717560;0.572460;0.434718;0.310590;0.220128
1396;0.047506;0.33;0.878614;0.794681;0.757898;0.689129;0.616148;0.528517;0.428914;0.322094;0.221476;0.144939
1271.3;0.034359;0.1;0.856177;0.789254;0.774161;0.738834;0.692475;0.612558;0.510945;0.395192;0.279740;0.188382
313.7;0.029239;0.33;0.330957;0.306000;0.292209;0.266492;0.233793;0.194176;0.149613;0.107539;0.070722;0.046158
1480.5;0.01307;0.83;1.364429;1.323550;1.264442;1.172746;1.040695;0.878350;0.706016;0.551121;0.414385;0.319942
1591.3;0.020685;0.09;0.901898;0.856376;0.845985;0.820634;0.786747;0.744957;0.684421;0.593820;0.478296;0.368860
1379.3;0.037194;0.15;0.872929;0.803830;0.785050;0.743254;0.693319;0.609660;0.510307;0.396750;0.279049;0.188173
359.7;0.030532;0.29;0.370465;0.343503;0.328610;0.299258;0.262598;0.217725;0.167034;0.119461;0.077743;0.050125
829.5;0.055048;0.81;0.985947;0.877418;0.811851;0.697673;0.565385;0.425232;0.300352;0.202280;0.128275;0.081079
1286.1;0.012814;0.55;0.965980;0.929053;0.892535;0.828567;0.749280;0.655800;0.546150;0.442384;0.349726;0.283718
1321.3;0.032175;0.32;1.015152;0.941868;0.906068;0.840979;0.762208;0.659365;0.540005;0.415534;0.301675;0.210976
614;0.036891;0.77;0.813731;0.739244;0.683875;0.592082;0.487209;0.380329;0.277573;0.195035;0.129205;0.084804
676.7;0.016703;0.86;0.795155;0.751924;0.711254;0.643879;0.557633;0.462014;0.360497;0.271156;0.192663;0.141645
1242.2;0.037047;0.56;1.258682;1.146766;1.078978;0.960466;0.819682;0.655483;0.501980;0.365092;0.256631;0.175389
968.5;0.052868;0.55;0.741376;0.658484;0.615977;0.546963;0.474080;0.388994;0.299187;0.218327;0.144812;0.091227
1173.2;0.019901;0.7;1.412655;1.333927;1.260642;1.134439;0.983096;0.815109;0.635082;0.471907;0.340061;0.243124
631;0.01778;0.33;0.590395;0.558655;0.538836;0.507277;0.470377;0.418829;0.350530;0.274849;0.203719;0.151759
548;0.013069;0.92;0.435328;0.423491;0.403884;0.371897;0.329803;0.278353;0.226450;0.176387;0.136758;0.106275
1461.5;0.043054;0.12;0.829627;0.754207;0.735775;0.694567;0.647554;0.578858;0.477878;0.364457;0.250231;0.161590
1373.7;0.01093;0.78;0.993949;0.962482;0.921361;0.854790;0.767532;0.656497;0.535394;0.432948;0.341485;0.282367
1608.3;0.024555;0.33;1.258063;1.168661;1.116916;1.034739;0.933465;0.811340;0.691300;0.559672;0.422360;0.308192
451;0.058691;0.12;0.217785;0.198191;0.191370;0.174713;0.152549;0.120484;0.088728;0.058228;0.035634;0.022359
555.1;0.048232;0.54;0.437532;0.396871;0.378192;0.343143;0.303150;0.248470;0.190532;0.133106;0.084438;0.051670
438.7;0.022184;0.64;0.463259;0.435792;0.416062;0.384102;0.345941;0.294938;0.235438;0.177528;0.125841;0.089577
985.7;0.044106;0.6;0.961291;0.860048;0.799651;0.700861;0.595709;0.472114;0.360167;0.262277;0.179175;0.117630
570.5;0.016893;0.74;0.577123;0.548104;0.522273;0.480423;0.425854;0.361848;0.290489;0.224754;0.168297;0.125042
1554.2;0.041491;0.17;0.905273;0.820817;0.798274;0.750688;0.694114;0.611588;0.512794;0.400750;0.280355;0.185717
438.7;0.052851;0.76;0.422766;0.377406;0.349998;0.306085;0.257342;0.201824;0.150366;0.103582;0.065658;0.040215
361.8;0.05499;0.76;0.321942;0.288997;0.270054;0.237868;0.200946;0.160461;0.117654;0.081336;0.051139;0.030783
1381.5;0.034316;0.54;1.401173;1.273870;1.195674;1.070291;0.927739;0.754393;0.575707;0.422731;0.297751;0.206502
736.7;0.043976;0.59;0.672715;0.609726;0.572419;0.506470;0.433987;0.355050;0.274271;0.198416;0.131628;0.084354
550.6;0.045206;0.27;0.418725;0.381276;0.365653;0.333677;0.291887;0.239814;0.178550;0.123088;0.076709;0.046080
774.5;0.033044;0.49;0.746657;0.687583;0.652829;0.592207;0.520214;0.437163;0.342294;0.255257;0.177015;0.118729
1014.2;0.024013;0.14;0.803779;0.762252;0.750845;0.720955;0.680816;0.612794;0.517086;0.404835;0.298217;0.213061
1568.9;0.01381;0.33;0.947030;0.915185;0.893090;0.850925;0.795936;0.718742;0.627007;0.525612;0.427004;0.360921
1180.5;0.032231;0.02;0.843991;0.787105;0.774468;0.742808;0.696998;0.615346;0.511578;0.393527;0.277860;0.186391
442.1;0.018285;0.8;0.463191;0.434841;0.412844;0.378637;0.336495;0.282805;0.225192;0.173853;0.125852;0.092617
847.2;0.029937;0.72;1.125033;1.032504;0.961037;0.842941;0.708672;0.571896;0.428186;0.305515;0.205102;0.139496
376.5;0.056029;0.79;0.355556;0.319030;0.295207;0.256988;0.213745;0.168089;0.122786;0.084457;0.053119;0.032036
1001.8;0.035567;0.4;0.846775;0.777512;0.741832;0.676628;0.602140;0.509519;0.405525;0.306586;0.214152;0.143853
1227.7;0.05509;0.4;0.733548;0.657440;0.626610;0.573037;0.510884;0.432960;0.341370;0.250777;0.166528;0.103749
694.1;0.014656;0.57;0.594564;0.567884;0.546829;0.512492;0.465919;0.403456;0.334774;0.268227;0.211953;0.166418
622.5;0.025951;0.27;0.628603;0.584513;0.563996;0.524739;0.473780;0.404028;0.320766;0.241846;0.169420;0.114351
1295.6;0.054348;0.6;1.082503;0.967314;0.902254;0.786810;0.658636;0.521898;0.393914;0.285660;0.192849;0.126401
1126.9;0.044226;0.56;1.040982;0.932744;0.870098;0.763261;0.653276;0.520387;0.399822;0.294510;0.202809;0.134252
486.9;0.049113;0.86;0.655113;0.585229;0.536786;0.455450;0.363664;0.271907;0.191328;0.128166;0.079959;0.049676
330.2;0.023228;0.24;0.368693;0.343357;0.328340;0.300176;0.264886;0.224221;0.176329;0.130897;0.090025;0.061309
1083.8;0.025735;0.51;1.109951;1.028402;0.976192;0.882553;0.771406;0.650975;0.528111;0.400139;0.286349;0.202255
721.1;0.01916;0.09;0.673031;0.642498;0.628016;0.597603;0.556505;0.494177;0.412353;0.321635;0.237987;0.174504
1615.2;0.032374;0.63;1.832272;1.697609;1.601996;1.431094;1.223332;0.987014;0.751330;0.532048;0.363185;0.249565
1673.3;0.026334;0.61;1.880287;1.751331;1.661072;1.498188;1.298178;1.069602;0.818571;0.609922;0.425925;0.296273
701.3;0.023991;0.67;0.837914;0.777079;0.732356;0.656608;0.567230;0.469904;0.373015;0.275551;0.193617;0.134813
1421.1;0.056588;0.82;1.607153;1.406237;1.326858;1.178980;0.997572;0.768123;0.543661;0.361196;0.227392;0.143347
1554.6;0.029985;0.76;2.057296;1.891253;1.787887;1.619061;1.405520;1.131806;0.839584;0.596858;0.390400;0.256829
1136.5;0.028971;0.06;0.842642;0.793199;0.782745;0.752488;0.708226;0.632447;0.524124;0.410730;0.296152;0.202764
1537.6;0.039642;0.09;0.875433;0.800680;0.786995;0.750552;0.705920;0.629365;0.532761;0.416364;0.289440;0.193004
1621.2;0.013425;0.54;1.231971;1.186821;1.138076;1.053611;0.947343;0.824679;0.689346;0.554462;0.434069;0.346921
1068.8;0.020262;0.32;0.884111;0.832556;0.805402;0.757607;0.694683;0.616937;0.532423;0.432133;0.326455;0.238442
1319.7;0.046181;0.25;0.791372;0.718585;0.692034;0.639891;0.588154;0.511325;0.417364;0.311893;0.210506;0.135575
1107.5;0.038757;0.03;0.755311;0.691903;0.676498;0.638801;0.596699;0.518565;0.417178;0.304924;0.203870;0.129134
336.2;0.020012;0.18;0.372353;0.349693;0.334940;0.308976;0.275677;0.231571;0.186265;0.139846;0.100088;0.071008
1204.8;0.031186;0.34;0.969110;0.899152;0.865871;0.803733;0.728429;0.628996;0.513290;0.392695;0.283407;0.197788
1029.7;0.037238;0.49;0.946231;0.861610;0.812884;0.727635;0.629921;0.522721;0.407415;0.305186;0.212543;0.143399
821.2;0.036398;0.37;0.689115;0.630779;0.606500;0.558981;0.498618;0.422579;0.336479;0.250778;0.170724;0.110220
1612;0.019255;0.65;1.751739;1.664981;1.587194;1.450303;1.274999;1.057082;0.839744;0.632597;0.453573;0.334782
1461.3;0.014084;0.46;1.067846;1.026192;0.985834;0.921409;0.844412;0.743573;0.627260;0.509221;0.401276;0.327388
821.5;0.011528;0.26;0.531774;0.514553;0.502585;0.479778;0.445740;0.398454;0.343829;0.296395;0.249459;0.212390
1130.5;0.031749;0.67;1.399976;1.287046;1.203486;1.059569;0.894806;0.724565;0.543110;0.388012;0.261738;0.179148
1521.6;0.037893;0.53;1.462593;1.323149;1.248977;1.117858;0.958413;0.769174;0.588326;0.428674;0.302776;0.209080
1606.9;0.041939;0.05;0.860747;0.783699;0.769772;0.736504;0.692900;0.629886;0.528128;0.410402;0.283353;0.183530
1235.8;0.011711;0.67;0.934062;0.899722;0.861086;0.796436;0.710098;0.609131;0.507090;0.405803;0.321191;0.263764
589.5;0.045495;0.3;0.443176;0.403230;0.388275;0.356506;0.314244;0.257827;0.194668;0.134573;0.083833;0.050970
1215.4;0.018466;0.11;0.822838;0.784640;0.770894;0.741839;0.701696;0.655527;0.588760;0.498262;0.393902;0.302849
400.9;0.039669;0.46;0.363699;0.333639;0.317938;0.288509;0.254133;0.207619;0.158179;0.110131;0.071012;0.044074
869.4;0.040403;0.67;0.989085;0.893623;0.829071;0.720918;0.598851;0.474962;0.351505;0.253518;0.170541;0.112434
1233.7;0.048618;0.77;1.477435;1.312645;1.224936;1.065708;0.892263;0.693671;0.489268;0.333528;0.214706;0.138907
1607.2;0.012814;0.81;1.417047;1.378294;1.320612;1.225162;1.095150;0.929181;0.745340;0.587865;0.442836;0.346786
1435.3;0.052736;0.43;0.947828;0.843956;0.794696;0.707522;0.618571;0.515890;0.409705;0.307697;0.209694;0.135556
978.4;0.029214;0.5;0.976988;0.896720;0.848024;0.769432;0.683796;0.575854;0.455274;0.341157;0.242222;0.168383
1359.4;0.029981;0.63;1.597055;1.473789;1.389214;1.240665;1.057887;0.849115;0.655116;0.470943;0.324174;0.223126
883.9;0.026271;0.71;1.160136;1.064274;0.999964;0.891076;0.758129;0.605167;0.468262;0.337906;0.232484;0.158419
1660.5;0.03777;0.41;1.327937;1.219397;1.156640;1.044442;0.911309;0.751525;0.595009;0.449578;0.326118;0.228352
1683.2;0.024771;0.36;1.363750;1.267250;1.209463;1.111089;0.997707;0.854140;0.717230;0.578184;0.434538;0.316049
1509.8;0.028306;0.32;1.165226;1.078867;1.031122;0.951355;0.863419;0.762523;0.636595;0.501580;0.367954;0.266394
844.4;0.027452;0.46;0.811333;0.754430;0.721140;0.667831;0.601427;0.512798;0.411388;0.308419;0.220395;0.153000
936.6;0.041511;0.65;1.026211;0.923953;0.857878;0.745659;0.623960;0.493913;0.366662;0.265938;0.179840;0.118197
645.4;0.043222;0.64;0.632692;0.571630;0.535030;0.471189;0.400107;0.324200;0.248396;0.178145;0.117819;0.075388
1398.2;0.059605;0.34;0.719927;0.645761;0.620299;0.570345;0.517961;0.439484;0.351861;0.254985;0.165878;0.101954
1536;0.057218;0.58;1.191813;1.057690;0.989750;0.865075;0.727986;0.577639;0.435727;0.317614;0.216322;0.143387
1081.6;0.01965;0.18;0.815998;0.774963;0.756758;0.720686;0.677584;0.624569;0.547913;0.450039;0.343852;0.255315
1138.4;0.055979;0.3;0.620173;0.560474;0.541415;0.505269;0.459733;0.387717;0.306018;0.217167;0.137568;0.083748
508.4;0.024435;0.05;0.557754;0.519183;0.499002;0.458717;0.407098;0.344106;0.272748;0.202375;0.137916;0.092913
529.5;0.010925;0.92;0.279015;0.271084;0.260437;0.243497;0.220644;0.192522;0.162735;0.134351;0.110563;0.094500
753.9;0.045075;0.71;0.847068;0.754552;0.694990;0.604820;0.502416;0.388722;0.288950;0.204152;0.135935;0.087786
722.4;0.057605;0.73;0.695252;0.610489;0.561975;0.483125;0.401782;0.311690;0.229476;0.159447;0.103195;0.064231
316.4;0.04745;0.63;0.274809;0.249430;0.236391;0.211888;0.183161;0.149352;0.110498;0.076684;0.048400;0.029275
1055.9;0.047836;0.04;0.636549;0.574320;0.558917;0.526097;0.479842;0.401193;0.309285;0.214628;0.136681;0.083298
433.5;0.037104;0.63;0.437668;0.400086;0.377872;0.337586;0.293199;0.241535;0.186440;0.133395;0.088704;0.057040
505.1;0.024103;0.32;0.537018;0.503715;0.484656;0.448348;0.402848;0.342210;0.270226;0.203253;0.142947;0.097264
1183.6;0.022244;0.11;0.831756;0.786691;0.780418;0.758851;0.729349;0.673310;0.587991;0.478906;0.360052;0.266492
1503;0.024316;0.09;0.897284;0.842856;0.836296;0.819044;0.796427;0.749663;0.667511;0.555819;0.424040;0.317855
1099.2;0.021535;0.26;0.868877;0.820517;0.797549;0.749857;0.698125;0.633115;0.547579;0.441596;0.330972;0.241990
1695.6;0.036866;0.49;1.547525;1.392195;1.320080;1.190824;1.031902;0.838643;0.644890;0.474594;0.338027;0.237190
1075;0.02025;0.39;0.939902;0.885778;0.851912;0.790199;0.719802;0.624892;0.530633;0.429361;0.322960;0.236498
1021.6;0.031702;0.27;0.822651;0.761644;0.737658;0.690063;0.630488;0.548747;0.442297;0.340609;0.241595;0.163803
763;0.017111;0.27;0.664862;0.631388;0.613214;0.578013;0.533294;0.480722;0.412044;0.331116;0.251550;0.187937
902;0.028779;0.69;1.155565;1.065280;0.995032;0.876976;0.740419;0.601286;0.457723;0.328857;0.223693;0.153152
988.5;0.049678;0.07;0.586540;0.531775;0.517695;0.483772;0.435393;0.361028;0.276337;0.190396;0.119061;0.072486
399.5;0.050641;0.78;0.406243;0.363133;0.334653;0.292281;0.244671;0.191487;0.142339;0.097652;0.062283;0.038660
1542.8;0.05519;0.29;0.806112;0.720620;0.693028;0.640654;0.581533;0.503098;0.403772;0.303661;0.203303;0.127571
390.5;0.037019;0.82;0.506958;0.456500;0.420064;0.361081;0.303055;0.235791;0.174276;0.122303;0.080748;0.051815
910.7;0.050893;0.48;0.644079;0.578223;0.548971;0.497957;0.439937;0.368566;0.285661;0.207766;0.136435;0.085196
1457.3;0.045421;0.24;0.858198;0.781502;0.752999;0.696333;0.633636;0.555099;0.455973;0.346599;0.239807;0.156398
852.3;0.01216;0.22;0.573904;0.555148;0.542429;0.517766;0.482022;0.431436;0.374273;0.321501;0.267777;0.224988
1158.9;0.017297;0.31;0.882129;0.841579;0.816885;0.772700;0.715304;0.638764;0.543834;0.455583;0.359865;0.278644
409.3;0.016673;0.51;0.378835;0.358953;0.348002;0.327208;0.300756;0.264487;0.218891;0.170971;0.127986;0.096810
1236.7;0.038224;0.26;0.863470;0.788724;0.760922;0.707947;0.645944;0.554962;0.457451;0.351821;0.244348;0.162961
1000.3;0.037049;0.04;0.736034;0.675202;0.657009;0.617185;0.571763;0.493402;0.394681;0.287816;0.192522;0.121786
605.2;0.013446;0.74;0.480873;0.462879;0.444454;0.412237;0.371433;0.322423;0.265959;0.212699;0.165935;0.134583
1100.3;0.059422;0.54;0.740966;0.656615;0.617462;0.552412;0.478602;0.390745;0.303930;0.218508;0.143711;0.089450
471.1;0.022555;0.87;0.636589;0.592357;0.554300;0.496337;0.424666;0.339547;0.259468;0.186689;0.127160;0.086390
1239.6;0.025774;0.55;1.338619;1.234747;1.165760;1.053194;0.916000;0.752528;0.601219;0.454812;0.324715;0.226876
378.4;0.012102;0.74;0.205736;0.198444;0.192652;0.183560;0.170712;0.153486;0.132198;0.111542;0.092825;0.079275
378.9;0.036395;0.93;0.600256;0.546634;0.502932;0.431374;0.348444;0.263231;0.185751;0.122291;0.075827;0.047378
513.5;0.022801;0.73;0.605391;0.564560;0.531819;0.477633;0.415823;0.349059;0.276150;0.203856;0.143309;0.100714
327.5;0.030436;0.27;0.338898;0.313545;0.299360;0.271613;0.237744;0.196849;0.149682;0.107220;0.069818;0.044558
909.2;0.057376;0.09;0.467974;0.416674;0.404476;0.376203;0.334545;0.270702;0.201863;0.135149;0.083908;0.049694
1465.1;0.055964;0.68;1.366030;1.206121;1.130218;0.991711;0.826734;0.634315;0.465127;0.325000;0.218250;0.145165
1164.3;0.016062;0.8;1.345649;1.265260;1.197061;1.088960;0.960695;0.801739;0.625752;0.471858;0.343233;0.248590
1028.2;0.039597;0.16;0.718417;0.657139;0.637841;0.594872;0.551146;0.477276;0.383766;0.280792;0.188306;0.119924
1509.4;0.027983;0.31;1.149685;1.066006;1.020823;0.943387;0.858544;0.761149;0.638344;0.504625;0.370947;0.269068
436.8;0.045965;0.48;0.357047;0.325208;0.310832;0.282371;0.246476;0.201712;0.151039;0.104764;0.065755;0.039400
1571.3;0.036178;0.69;1.900160;1.710233;1.608127;1.424959;1.225414;0.984133;0.724694;0.506135;0.333638;0.225621
451.2;0.023042;0.59;0.476694;0.447941;0.430296;0.397572;0.357142;0.303627;0.242360;0.180744;0.128824;0.090837
1023.8;0.034654;0.06;0.775013;0.714066;0.696589;0.657007;0.601505;0.527495;0.426091;0.320479;0.216517;0.139940
1289;0.041594;0.22;0.824522;0.749715;0.726338;0.677075;0.617433;0.541762;0.443423;0.338069;0.232828;0.151238
641;0.024771;0.72;0.804631;0.746788;0.701471;0.624817;0.534849;0.439348;0.342578;0.249369;0.173047;0.119528
1399.1;0.041101;0.19;0.861853;0.782873;0.760819;0.713422;0.655994;0.576653;0.477484;0.368729;0.255664;0.167155
403.7;0.012377;0.11;0.285383;0.274814;0.268426;0.254959;0.235421;0.208705;0.178061;0.146981;0.119321;0.098894
851.4;0.05973;0.45;0.500363;0.453882;0.435543;0.398462;0.353824;0.296706;0.224563;0.157904;0.098988;0.058071
304.8;0.020338;0.2;0.334533;0.313767;0.300030;0.276057;0.245621;0.208181;0.166420;0.125131;0.088544;0.062969
608.9;0.040368;0.37;0.501833;0.460152;0.442125;0.406913;0.361698;0.303511;0.232615;0.166878;0.107815;0.066858
301.8;0.027382;0.19;0.323709;0.298614;0.284120;0.258534;0.226579;0.189037;0.145119;0.104340;0.068518;0.045038
564.9;0.045887;0.87;0.821854;0.732644;0.670746;0.569521;0.465352;0.346292;0.241630;0.159544;0.100864;0.062738
499.5;0.0114;0.22;0.325729;0.313891;0.305162;0.289147;0.269822;0.244183;0.212056;0.178598;0.148196;0.125348
675.3;0.013342;0.54;0.525315;0.505692;0.488598;0.459918;0.421090;0.367560;0.308058;0.250946;0.202514;0.164152
544.8;0.056353;0.17;0.300793;0.272030;0.261316;0.237024;0.207419;0.167225;0.120610;0.081569;0.049122;0.028759
494.1;0.014389;0.44;0.417977;0.400562;0.387872;0.364194;0.331927;0.294335;0.250322;0.202654;0.157131;0.123437
1138.4;0.02662;0.81;1.639117;1.523652;1.433752;1.280088;1.095980;0.884935;0.653752;0.464209;0.304721;0.202093
1561.5;0.036309;0.47;1.394792;1.266327;1.200694;1.082367;0.940267;0.768532;0.598198;0.444153;0.317493;0.221949
609.7;0.037145;0.65;0.662524;0.599688;0.559948;0.492533;0.423662;0.339800;0.260928;0.189632;0.127950;0.082953
975.7;0.049043;0.54;0.788301;0.706823;0.661907;0.583719;0.503065;0.413123;0.321150;0.235610;0.156743;0.100158
826.4;0.036094;0.51;0.783247;0.715736;0.676603;0.607490;0.531344;0.439570;0.343421;0.256228;0.175221;0.116381
1033.3;0.056598;0.42;0.616811;0.556193;0.532510;0.487363;0.437815;0.365894;0.287832;0.205477;0.131590;0.079983
670.8;0.017356;0.8;0.775589;0.728415;0.688024;0.621646;0.544987;0.452363;0.357543;0.267238;0.195489;0.142618
395.7;0.030838;0.63;0.428891;0.392741;0.371280;0.336103;0.294403;0.242013;0.189211;0.138733;0.094107;0.062405
910.9;0.024015;0.19;0.771045;0.729331;0.715053;0.681579;0.637415;0.566801;0.472024;0.364059;0.266194;0.188797
804.5;0.022498;0.28;0.717731;0.681183;0.664025;0.629840;0.585869;0.518378;0.429921;0.332075;0.240878;0.171426
564.3;0.057772;0.23;0.318477;0.284825;0.273542;0.248717;0.216890;0.175567;0.126923;0.085772;0.051491;0.029908
301.7;0.017133;0.51;0.281946;0.267663;0.259304;0.243458;0.222487;0.193387;0.158512;0.122791;0.091961;0.069548
743;0.035628;0.26;0.628520;0.576898;0.555348;0.512214;0.461896;0.393691;0.311230;0.226284;0.151701;0.096672
1279.5;0.058596;0.03;0.598144;0.539966;0.525564;0.490826;0.443560;0.373007;0.278784;0.192770;0.119468;0.071351
931.3;0.010567;0.64;0.557049;0.538585;0.518593;0.485129;0.445245;0.392901;0.333935;0.277800;0.231290;0.198035
1065.8;0.036184;0.53;1.038434;0.953859;0.898513;0.801376;0.689161;0.561957;0.433905;0.322619;0.225721;0.153586
714.8;0.042517;0.72;0.841078;0.754125;0.695204;0.597377;0.500454;0.387566;0.287336;0.203500;0.135798;0.087751
1342.6;0.029257;0.14;0.893571;0.845633;0.834002;0.801326;0.758711;0.686023;0.582247;0.457410;0.338964;0.240699
564.5;0.042465;0.88;0.856751;0.771602;0.709729;0.605467;0.487259;0.370394;0.255910;0.170910;0.106797;0.066272
1261.5;0.048143;0.45;0.920857;0.828750;0.782116;0.698283;0.604735;0.503332;0.398955;0.296173;0.203171;0.133331
556.9;0.038784;0.11;0.467134;0.424587;0.407038;0.374465;0.329458;0.267271;0.202726;0.139207;0.088855;0.054445
815.9;0.041596;0.4;0.643362;0.582107;0.555693;0.506033;0.454746;0.384575;0.304621;0.222206;0.146779;0.093613
1175.9;0.02391;0.85;1.705121;1.575841;1.488509;1.345134;1.166147;0.941006;0.717817;0.502538;0.339908;0.221374
413.6;0.031342;0.03;0.407657;0.376326;0.358418;0.325475;0.286039;0.234199;0.176768;0.124574;0.080108;0.049798
1309.7;0.032526;0.08;0.873583;0.811165;0.797952;0.766788;0.724359;0.648996;0.539509;0.425848;0.306282;0.208228
449.5;0.038614;0.11;0.385413;0.350488;0.334466;0.303205;0.262469;0.213114;0.158809;0.109229;0.068043;0.041930
1215.3;0.049601;0.34;0.754219;0.676681;0.646075;0.595895;0.538615;0.460315;0.368369;0.274333;0.182115;0.114856
991.8;0.030987;0.29;0.816763;0.758860;0.734651;0.686227;0.626292;0.543713;0.438158;0.336760;0.239245;0.162357
539.6;0.05533;0.22;0.318314;0.288209;0.276902;0.251518;0.218564;0.176401;0.128390;0.086487;0.051902;0.030534
345.6;0.044002;0.87;0.452466;0.407490;0.374086;0.318863;0.257250;0.196042;0.140866;0.095775;0.060589;0.038040
1085.7;0.035748;0.13;0.785675;0.721601;0.704380;0.665112;0.611224;0.534311;0.436183;0.330662;0.225655;0.146843
1534.6;0.036103;0.53;1.503083;1.356149;1.276502;1.149443;0.992995;0.803035;0.612065;0.446735;0.315324;0.219388
1236.8;0.015146;0.18;0.789800;0.761902;0.748438;0.720916;0.682397;0.624560;0.545208;0.471728;0.391105;0.318172
350.1;0.046593;0.22;0.256926;0.232091;0.220890;0.198950;0.170590;0.136500;0.099683;0.067450;0.040968;0.024644
546.2;0.012025;0.95;0.371501;0.359761;0.345384;0.319510;0.285803;0.243331;0.198504;0.158900;0.124902;0.101524
1310.5;0.031226;0.53;1.349458;1.237397;1.161610;1.036273;0.898178;0.745160;0.579146;0.430233;0.301625;0.211872
962.9;0.037011;0.82;1.408295;1.258567;1.170500;1.037119;0.873367;0.676778;0.479281;0.326023;0.209293;0.133890
513.8;0.057691;0.8;0.544102;0.477929;0.435953;0.374605;0.306298;0.232063;0.169110;0.114961;0.072705;0.044176
777.6;0.020445;0.55;0.797080;0.749288;0.713609;0.655126;0.584435;0.497308;0.410087;0.319362;0.233088;0.166899
1150.3;0.015817;0.43;0.927508;0.885926;0.854435;0.798279;0.728710;0.642602;0.539290;0.433472;0.345478;0.272514
568.4;0.042311;0.29;0.455360;0.415055;0.398105;0.365830;0.324940;0.265875;0.202707;0.139805;0.088871;0.054698
1333.8;0.015421;0.79;1.469774;1.392271;1.322551;1.204800;1.054250;0.891992;0.706819;0.533768;0.389466;0.288653
1330.9;0.037385;0.29;0.948400;0.868274;0.834239;0.769795;0.696505;0.600886;0.489344;0.378387;0.269143;0.183655
1256.8;0.053157;0.77;1.417412;1.235511;1.157025;1.021018;0.855307;0.652920;0.463934;0.313830;0.204146;0.131951
1285.7;0.029035;0.09;0.869483;0.823141;0.814647;0.786623;0.747482;0.676194;0.572339;0.450804;0.330800;0.233273
919.2;0.047448;0.18;0.591374;0.534286;0.517589;0.483233;0.439942;0.368410;0.284959;0.198904;0.127156;0.077514
327.4;0.017835;0.19;0.346722;0.325256;0.314031;0.291849;0.262893;0.222914;0.178893;0.137621;0.101812;0.074579
763.2;0.012906;0.11;0.560417;0.539441;0.526048;0.499705;0.463157;0.420908;0.370183;0.311903;0.254358;0.209142
894;0.026985;0.89;1.390280;1.289427;1.208671;1.072939;0.920993;0.736165;0.534343;0.374578;0.238245;0.154867
678.4;0.050859;0.06;0.402884;0.364750;0.352192;0.324052;0.285415;0.228971;0.169122;0.113515;0.070682;0.041815
575.9;0.028877;0.89;0.905581;0.840062;0.781112;0.683663;0.563830;0.442901;0.322619;0.218667;0.141485;0.091623
1450.4;0.05863;0.13;0.663671;0.599999;0.587613;0.555979;0.511900;0.435736;0.344070;0.242276;0.151419;0.092221
901.9;0.040266;0.35;0.694856;0.630911;0.605126;0.555631;0.498433;0.426235;0.340014;0.250027;0.168710;0.108261
1542.9;0.026912;0.23;1.054328;0.979627;0.946766;0.894689;0.834835;0.757721;0.651596;0.526183;0.392234;0.287894
847.7;0.056399;0.55;0.591981;0.530031;0.502131;0.451108;0.395487;0.323644;0.250709;0.178128;0.114660;0.069692
1376.8;0.054921;0.57;1.087195;0.970191;0.905943;0.791788;0.666939;0.532598;0.405220;0.296493;0.201416;0.132235
855.5;0.052535;0.3;0.526585;0.476006;0.461028;0.427997;0.383566;0.320033;0.245304;0.171381;0.107194;0.064119
593.2;0.048478;0.36;0.429629;0.389838;0.374794;0.343236;0.302441;0.249613;0.187200;0.129695;0.080995;0.047891
1073.2;0.050884;0.03;0.602573;0.548651;0.535043;0.500877;0.451327;0.375245;0.286849;0.197578;0.123363;0.075227
1181.8;0.047021;0.66;1.232044;1.097506;1.019906;0.882690;0.744624;0.578443;0.425237;0.303638;0.205336;0.135490
344.8;0.047912;0.67;0.303455;0.274262;0.259811;0.233511;0.201350;0.163374;0.122427;0.085162;0.053898;0.032606
1160.6;0.05806;0.38;0.645382;0.581678;0.558001;0.513433;0.463533;0.389649;0.308688;0.221365;0.141738;0.086142
807.4;0.033321;0.43;0.739132;0.679615;0.648229;0.592547;0.527319;0.445074;0.352345;0.263719;0.182451;0.121936
369.3;0.04935;0.53;0.296672;0.268124;0.254951;0.229598;0.201218;0.162250;0.120233;0.081678;0.051032;0.030474
985.4;0.031128;0.06;0.791306;0.737205;0.720647;0.682668;0.629828;0.546017;0.448049;0.338739;0.235384;0.156951
569.5;0.057187;0.23;0.325778;0.292169;0.280671;0.255334;0.221792;0.180026;0.130616;0.088166;0.052868;0.030877
472.3;0.010066;0.42;0.215030;0.208606;0.203556;0.194853;0.182703;0.168089;0.151549;0.133365;0.115794;0.103240
587.7;0.059063;0.15;0.299910;0.267166;0.256862;0.234117;0.206850;0.166098;0.120441;0.080993;0.048912;0.028683
955.9;0.041537;0.34;0.708820;0.642651;0.616370;0.565366;0.509888;0.436506;0.349372;0.256187;0.172768;0.110890
1577;0.014899;0.15;0.836648;0.810547;0.799028;0.775028;0.744211;0.694315;0.622155;0.538075;0.462857;0.391523
445.6;0.022284;0.1;0.501701;0.467846;0.448870;0.413962;0.368347;0.308918;0.247555;0.184380;0.128914;0.088476
1343.8;0.040786;0.01;0.804401;0.736087;0.723044;0.686905;0.651085;0.579063;0.472922;0.353585;0.238238;0.151706
1330.8;0.025248;0.78;1.828835;1.688276;1.602027;1.444822;1.247170;1.009868;0.765733;0.541943;0.367498;0.245486
1086.6;0.048348;0.29;0.670911;0.608073;0.587972;0.547614;0.497887;0.428433;0.337470;0.248143;0.162107;0.100754
557.9;0.023361;0.7;0.655975;0.610298;0.574708;0.515943;0.449363;0.378103;0.298956;0.221397;0.154795;0.108756
1136.1;0.011975;0.44;0.734450;0.709003;0.686612;0.652264;0.603467;0.537750;0.460886;0.381133;0.310633;0.263810
719.9;0.024828;0.3;0.686243;0.643543;0.624019;0.585853;0.535816;0.464050;0.376108;0.284607;0.202552;0.140723
487.8;0.037818;0.26;0.435777;0.397337;0.379870;0.346564;0.306388;0.250958;0.190559;0.132907;0.085387;0.052642
597.6;0.058454;0.28;0.344218;0.307950;0.295797;0.270202;0.234877;0.190699;0.139205;0.093903;0.056195;0.032701
1552.9;0.044456;0.08;0.830452;0.751292;0.734390;0.696364;0.658774;0.589939;0.490339;0.371209;0.254114;0.163252
400;0.045894;0.78;0.436963;0.391635;0.361006;0.312221;0.261669;0.206878;0.152680;0.107207;0.069175;0.043351
639.5;0.037951;0.3;0.538601;0.491812;0.474936;0.439195;0.392800;0.329333;0.255378;0.183517;0.118718;0.074475
375.3;0.036668;0.06;0.331911;0.300791;0.285383;0.256709;0.221710;0.180463;0.133187;0.091945;0.057310;0.035414
918.4;0.053786;0.34;0.552161;0.499418;0.481807;0.448846;0.403550;0.336797;0.261871;0.184306;0.116059;0.069899
318.6;0.029655;0.85;0.403097;0.370759;0.345788;0.305406;0.258097;0.206440;0.156090;0.110511;0.074897;0.050128
1556.1;0.032903;0.16;0.967401;0.900735;0.879319;0.837400;0.785983;0.706428;0.597432;0.475191;0.350388;0.246468
575.3;0.020412;0.31;0.575484;0.544143;0.528611;0.498209;0.456765;0.397386;0.324070;0.246615;0.178764;0.128332
430.7;0.047864;0.52;0.347152;0.315235;0.301010;0.272754;0.237690;0.194832;0.145146;0.100677;0.063249;0.037768
730.3;0.037335;0.53;0.693977;0.629335;0.594071;0.535100;0.467989;0.384655;0.301793;0.222735;0.151472;0.098312
938.5;0.027869;0.78;1.347277;1.232012;1.154002;1.028186;0.870391;0.684372;0.514641;0.361181;0.241395;0.159828
442.3;0.04505;0.07;0.308432;0.280587;0.268281;0.243406;0.210708;0.167232;0.123660;0.082689;0.051516;0.030857
1693.5;0.015461;0.83;1.816364;1.732977;1.654196;1.520712;1.346599;1.130352;0.913918;0.691843;0.506497;0.374046
764.9;0.010331;0.91;0.433411;0.419235;0.400818;0.370567;0.331518;0.289937;0.244540;0.199701;0.164538;0.139961
716.3;0.039865;0.75;0.916865;0.828308;0.765056;0.660140;0.540426;0.422509;0.306425;0.215965;0.142625;0.092886
386.9;0.042959;0.12;0.293629;0.265690;0.254033;0.229913;0.199412;0.158400;0.117028;0.078509;0.049190;0.029418
717.5;0.039;0.13;0.568325;0.523404;0.505771;0.467811;0.417850;0.350973;0.267102;0.190616;0.122120;0.074738
364.9;0.055498;0.3;0.223463;0.202716;0.193307;0.175523;0.152737;0.120736;0.087747;0.057920;0.035153;0.021724
1007.6;0.0418;0.38;0.759589;0.688735;0.658395;0.601122;0.533206;0.454841;0.364054;0.270756;0.184403;0.119267
1366;0.036278;0.65;1.593158;1.428436;1.336697;1.190703;1.018688;0.809435;0.594636;0.423363;0.287835;0.194926
1183.5;0.022981;0.83;1.678377;1.559303;1.472530;1.321538;1.148620;0.931982;0.711248;0.503686;0.343182;0.227488
425.8;0.012559;0.77;0.260548;0.251290;0.243779;0.230356;0.211421;0.187581;0.159809;0.131181;0.107533;0.090026
413.2;0.046598;0.69;0.381757;0.344342;0.323712;0.289235;0.249382;0.201241;0.152307;0.106267;0.068467;0.042463
1388.1;0.018215;0.47;1.234669;1.165043;1.113043;1.026003;0.919121;0.793840;0.653753;0.515297;0.400423;0.305243
1567.2;0.02402;0.39;1.337515;1.246111;1.187123;1.084752;0.972748;0.829868;0.690565;0.554759;0.414865;0.300197
1047.3;0.022971;0.54;1.106796;1.030334;0.973103;0.879888;0.776050;0.649138;0.526715;0.407138;0.294166;0.208207
452.8;0.037355;0.59;0.444305;0.405759;0.383958;0.343890;0.301364;0.249059;0.192789;0.138301;0.091256;0.058432
1456.1;0.037063;0.07;0.869524;0.802372;0.790100;0.758379;0.716172;0.637192;0.539607;0.420855;0.296322;0.199214
1137.1;0.043048;0.83;1.539459;1.406424;1.321037;1.165333;0.978385;0.750175;0.539591;0.355615;0.226071;0.143103
1405.1;0.029733;0.7;1.788240;1.637522;1.549332;1.393091;1.194879;0.950830;0.719792;0.511936;0.344872;0.230609
588.4;0.052396;0.2;0.364913;0.331847;0.319607;0.292821;0.256824;0.205031;0.152120;0.101851;0.062658;0.037016
421.3;0.057253;0.08;0.205157;0.185294;0.178801;0.163080;0.142051;0.112422;0.082643;0.054235;0.033357;0.021074
1380.7;0.02885;0.09;0.884700;0.840428;0.833135;0.807335;0.771524;0.704111;0.603039;0.476712;0.356129;0.253884
587.9;0.013364;0.94;0.506307;0.487662;0.464673;0.427252;0.377894;0.317563;0.254351;0.197091;0.150179;0.115053
1095;0.02905;0.32;0.891170;0.832240;0.807032;0.756397;0.692780;0.603805;0.495698;0.378656;0.274161;0.191981
406.2;0.013821;0.77;0.287366;0.277186;0.267787;0.251017;0.229361;0.202076;0.168792;0.136780;0.108969;0.087937
375.5;0.030542;0.07;0.380061;0.349763;0.332643;0.301425;0.265193;0.217499;0.164392;0.116286;0.074984;0.047010
1043.1;0.01715;0.61;1.062081;1.004345;0.954562;0.873014;0.770016;0.655187;0.527431;0.406620;0.307884;0.232492
1390.8;0.049946;0.63;1.326727;1.168967;1.088185;0.957809;0.807432;0.627175;0.464799;0.332348;0.227067;0.151446
1607.6;0.056512;0.09;0.723941;0.653031;0.638504;0.605513;0.568046;0.492428;0.393762;0.280663;0.181429;0.111169
481.9;0.010236;0.83;0.191297;0.186408;0.181578;0.173373;0.162105;0.147219;0.129421;0.112534;0.096860;0.086414
1096.4;0.042502;0.85;1.533695;1.397455;1.313053;1.160321;0.975371;0.749276;0.536525;0.353325;0.222228;0.138901
957.1;0.043927;0.75;1.192141;1.071011;0.994438;0.859846;0.704885;0.547481;0.390716;0.271648;0.177975;0.115810
316.7;0.022681;0.92;0.397344;0.372515;0.349815;0.311966;0.264698;0.215004;0.164129;0.116053;0.079858;0.053891
772;0.052159;0.64;0.678368;0.602359;0.558210;0.489044;0.416912;0.335403;0.253106;0.181439;0.119097;0.074794
1412;0.011343;0.72;1.056691;1.017395;0.974421;0.906389;0.809569;0.691449;0.568398;0.455525;0.360396;0.294313
735.7;0.014665;0.07;0.595456;0.572809;0.556394;0.530604;0.500884;0.455514;0.393515;0.323600;0.254443;0.199643
1039.9;0.049894;0.02;0.600997;0.545605;0.531630;0.496933;0.447506;0.370841;0.283311;0.194708;0.121861;0.074294
531.9;0.04557;0.82;0.695103;0.617421;0.565072;0.486299;0.394828;0.296844;0.214751;0.146374;0.094144;0.059608
1142.8;0.04917;0.33;0.710413;0.638785;0.614812;0.568483;0.515594;0.441847;0.350957;0.259655;0.171275;0.107274
668.2;0.041196;0.27;0.524364;0.480677;0.463433;0.426888;0.381994;0.320024;0.244362;0.173673;0.111445;0.068717
1215.7;0.051271;0.12;0.661424;0.598855;0.583505;0.549156;0.508244;0.432623;0.338930;0.239356;0.153441;0.094030
1264.9;0.011751;0.19;0.675330;0.656371;0.645376;0.623955;0.592374;0.545518;0.483467;0.415015;0.361832;0.316803
1347.4;0.030274;0.38;1.133276;1.041127;0.991564;0.907462;0.819271;0.704496;0.571304;0.439434;0.318699;0.226576
930.8;0.022483;0.82;1.325696;1.227070;1.152741;1.035451;0.888508;0.714089;0.544568;0.386444;0.265784;0.179286
417.3;0.034045;0.75;0.495926;0.452417;0.420982;0.369449;0.315631;0.253251;0.191234;0.137925;0.092382;0.060652
1168.9;0.052131;0.02;0.622880;0.567962;0.555753;0.522302;0.473344;0.394685;0.303856;0.209500;0.131110;0.080174
516.1;0.01156;0.58;0.315747;0.305195;0.296674;0.281173;0.259427;0.231462;0.198257;0.168214;0.140476;0.119575
833.9;0.019364;0.4;0.762388;0.716161;0.691169;0.646451;0.587331;0.517088;0.438743;0.348896;0.259580;0.189254
525.6;0.05718;0.04;0.247330;0.224973;0.217901;0.200021;0.175929;0.140326;0.102478;0.068545;0.041858;0.024982
1361.4;0.057396;0.43;0.816762;0.725477;0.687852;0.621940;0.548542;0.460667;0.362299;0.269240;0.180438;0.113650
1519.6;0.032649;0.41;1.292172;1.184677;1.120654;1.018346;0.904556;0.763190;0.606625;0.462311;0.334997;0.237798
791.1;0.050542;0.87;1.101416;0.970096;0.896254;0.777889;0.643426;0.482889;0.333905;0.218026;0.135785;0.083802
1259.7;0.056444;0.23;0.644237;0.581423;0.564146;0.530547;0.485866;0.411840;0.326322;0.231154;0.146431;0.089196
1042.9;0.028617;0.5;1.048786;0.962597;0.908237;0.819875;0.725948;0.614114;0.487662;0.367149;0.259931;0.182303
446;0.059262;0.3;0.253374;0.226274;0.216355;0.197927;0.173059;0.137392;0.100086;0.065946;0.039768;0.024465
1014.9;0.037974;0.64;1.137259;1.038020;0.969960;0.853483;0.716392;0.564781;0.423605;0.304669;0.208546;0.140519
580.1;0.05668;0.62;0.429991;0.386636;0.366339;0.329679;0.285790;0.233372;0.174888;0.122408;0.077208;0.045938
775.7;0.046017;0.66;0.782012;0.698254;0.651248;0.568931;0.474468;0.376637;0.285374;0.203495;0.135412;0.087275
449.1;0.034202;0.77;0.559553;0.512508;0.475652;0.414943;0.347561;0.278408;0.207236;0.148142;0.099106;0.065272
841.8;0.041952;0.68;0.953062;0.856197;0.792712;0.685289;0.574097;0.449931;0.333731;0.239792;0.161221;0.105061
536.7;0.054382;0.12;0.298971;0.272121;0.261532;0.237285;0.206459;0.166578;0.120662;0.081530;0.049116;0.029179
888.7;0.019937;0.57;0.923322;0.871112;0.829118;0.756326;0.668699;0.568037;0.458363;0.360069;0.264502;0.191987
920.3;0.029768;0.84;1.391950;1.285061;1.207094;1.072196;0.904810;0.702191;0.521762;0.356025;0.231864;0.149593
973.3;0.059609;0.17;0.492018;0.440649;0.425548;0.397499;0.357338;0.292241;0.219179;0.147425;0.091391;0.053779
705.5;0.030118;0.54;0.726924;0.672858;0.639817;0.581589;0.511727;0.425738;0.334828;0.248038;0.173600;0.117264
375.4;0.042943;0.84;0.475304;0.426104;0.392571;0.336980;0.274480;0.211464;0.154308;0.105950;0.067993;0.043136
506.1;0.055067;0.26;0.308817;0.279891;0.268598;0.243638;0.211388;0.170402;0.123933;0.083484;0.050147;0.029337
1122;0.059769;0.52;0.727628;0.644504;0.609505;0.546375;0.476640;0.390482;0.305500;0.220086;0.143732;0.089191
437.1;0.042658;0.2;0.350425;0.318384;0.303123;0.273030;0.238900;0.193375;0.141468;0.097520;0.060774;0.036114
1043.2;0.015422;0.7;1.066078;1.008298;0.961373;0.882050;0.780354;0.655342;0.525837;0.403581;0.300216;0.230092
784.5;0.011806;0.35;0.529123;0.511386;0.497496;0.473355;0.438600;0.389883;0.331457;0.282677;0.235596;0.198630
1196.5;0.040905;0.25;0.805557;0.732231;0.707694;0.658052;0.597040;0.520355;0.423445;0.321236;0.220465;0.143138
370.4;0.038357;0.88;0.535097;0.480500;0.439007;0.372863;0.305682;0.233473;0.166274;0.113741;0.073155;0.046078
698.4;0.058098;0.67;0.569910;0.504992;0.472918;0.416062;0.354019;0.281344;0.212914;0.149545;0.095867;0.057982
396;0.047305;0.76;0.404329;0.361551;0.335634;0.293310;0.248343;0.197528;0.146833;0.102492;0.066142;0.041194
1165.7;0.043126;0.65;1.259068;1.134802;1.058344;0.922917;0.767601;0.606007;0.444687;0.318604;0.215662;0.143838
304.2;0.036166;0.65;0.306707;0.280280;0.265785;0.239543;0.209462;0.172637;0.132150;0.094970;0.062220;0.039816
997.4;0.022995;0.52;1.029196;0.957219;0.904860;0.824866;0.728292;0.614892;0.504314;0.389603;0.281810;0.199824
1035.6;0.0581;0.25;0.545415;0.495534;0.479849;0.445624;0.399729;0.338490;0.256027;0.178846;0.111369;0.065275
1081.8;0.03701;0.49;0.995873;0.909121;0.857705;0.767512;0.664002;0.549368;0.426831;0.320300;0.224157;0.152234
376;0.011514;0.55;0.203133;0.195840;0.190940;0.182274;0.170362;0.154197;0.136233;0.116456;0.097644;0.083781
659.8;0.044816;0.76;0.801638;0.714194;0.655354;0.566268;0.466831;0.356771;0.261422;0.181850;0.119778;0.076779
533.9;0.035986;0.26;0.484064;0.443551;0.425319;0.390618;0.344589;0.287873;0.219562;0.156813;0.100923;0.062755
1020.1;0.012952;0.52;0.756456;0.730616;0.706931;0.664526;0.606496;0.529662;0.446378;0.361896;0.288006;0.237904
688.3;0.054502;0.75;0.720795;0.638755;0.585750;0.499976;0.411493;0.318609;0.231565;0.161726;0.104823;0.065638
1119.6;0.02651;0.38;0.979604;0.906737;0.865936;0.802480;0.729326;0.638039;0.525590;0.407149;0.294484;0.208948
463.7;0.021485;0.54;0.477284;0.450306;0.434176;0.404693;0.366785;0.314799;0.253194;0.191545;0.137208;0.097892
537.4;0.015697;0.67;0.486356;0.463572;0.445606;0.413721;0.372550;0.322625;0.264106;0.210631;0.161355;0.123575
431;0.025546;0.26;0.472734;0.438833;0.419618;0.384108;0.339663;0.285831;0.225380;0.166500;0.113113;0.075867
422.5;0.021422;0.62;0.437417;0.412467;0.395261;0.367129;0.331817;0.284053;0.227974;0.172697;0.123244;0.088140
1082.4;0.0426;0.1;0.701120;0.636825;0.623456;0.589881;0.543214;0.468324;0.372131;0.270216;0.174511;0.109973
821.7;0.013308;0.51;0.632502;0.610415;0.590235;0.553809;0.506083;0.444849;0.373034;0.302001;0.243944;0.198994
794.9;0.023772;0.56;0.850939;0.792987;0.751031;0.679736;0.599263;0.511151;0.413646;0.312316;0.221749;0.156824
430.5;0.024091;0.11;0.481091;0.446877;0.428239;0.391927;0.345540;0.292416;0.229902;0.170154;0.116021;0.077871
1067.7;0.054003;0.81;1.280296;1.119302;1.047098;0.917747;0.761414;0.574645;0.405745;0.268940;0.172735;0.109879
859.8;0.032217;0.77;1.209704;1.108276;1.029686;0.897073;0.754388;0.596946;0.434926;0.303957;0.200138;0.132946
615.9;0.047796;0.72;0.645602;0.581131;0.537246;0.462889;0.384004;0.303586;0.225815;0.160226;0.104216;0.065870
761.9;0.040165;0.73;0.946118;0.854875;0.790459;0.683227;0.560959;0.440157;0.320603;0.227257;0.150688;0.098544
661.6;0.049163;0.4;0.470171;0.424646;0.408221;0.376983;0.334949;0.276243;0.211877;0.147735;0.092649;0.055813
368.4;0.015697;0.22;0.355340;0.340124;0.329028;0.308638;0.281315;0.244036;0.199546;0.154768;0.118188;0.090264
515.9;0.058928;0.38;0.315749;0.282822;0.270831;0.246431;0.213345;0.173196;0.125835;0.084932;0.050901;0.029867
411;0.05243;0.62;0.326480;0.294684;0.279544;0.251489;0.218353;0.178299;0.131835;0.091219;0.057092;0.033988
465.5;0.012532;0.85;0.296218;0.286530;0.276132;0.257733;0.235362;0.205779;0.172276;0.140963;0.111579;0.092348
516;0.03331;0.17;0.490725;0.451236;0.432244;0.396668;0.349693;0.291560;0.223123;0.158982;0.102127;0.064745
675.5;0.026283;0.69;0.832016;0.769357;0.721420;0.640185;0.548943;0.455026;0.351997;0.257521;0.177515;0.122453
344.7;0.04151;0.14;0.272240;0.247204;0.235998;0.213523;0.184600;0.146487;0.108452;0.072921;0.045826;0.027603
1112.4;0.021515;0.71;1.403116;1.309356;1.231034;1.106171;0.959736;0.781891;0.608345;0.443839;0.318215;0.222351
1150.3;0.038994;0.47;1.009598;0.915112;0.862231;0.770755;0.667454;0.553162;0.432346;0.325506;0.226940;0.153556
741.8;0.040158;0.14;0.571078;0.524695;0.507220;0.468943;0.420580;0.353383;0.268722;0.191665;0.122611;0.075047
740.3;0.039994;0.77;0.979885;0.887035;0.820140;0.708118;0.579098;0.448223;0.322544;0.224567;0.147538;0.096095
603.9;0.032421;0.23;0.571637;0.524499;0.502351;0.459932;0.412727;0.348331;0.273068;0.196950;0.131600;0.084094
1110;0.011771;0.19;0.638938;0.620029;0.608407;0.586082;0.553935;0.505044;0.442928;0.383212;0.330265;0.285561
632.3;0.035691;0.32;0.560036;0.513483;0.491725;0.451230;0.405015;0.340789;0.267673;0.192426;0.127594;0.081235
400.1;0.030387;0.35;0.415601;0.382374;0.364037;0.332263;0.294453;0.244550;0.190513;0.136023;0.091034;0.058709
1002.2;0.015402;0.58;0.913397;0.872880;0.836185;0.772146;0.690824;0.594191;0.486586;0.382915;0.294723;0.231118
1015.3;0.053231;0.66;0.944065;0.845398;0.784303;0.678196;0.562549;0.442465;0.329527;0.236166;0.156902;0.101110
879.9;0.012798;0.11;0.603866;0.582911;0.570101;0.544655;0.509344;0.457161;0.408298;0.349946;0.289589;0.241115
640.7;0.050843;0.65;0.561384;0.500932;0.467704;0.412793;0.354092;0.286493;0.216581;0.153532;0.099801;0.062196
1030.4;0.036446;0.8;1.474141;1.320670;1.230119;1.084937;0.918302;0.716435;0.510114;0.349518;0.225508;0.145387
779.5;0.044718;0.45;0.602077;0.542681;0.516293;0.472216;0.421211;0.353724;0.276000;0.200973;0.131584;0.082157
615.7;0.02062;0.61;0.648859;0.611759;0.584007;0.534434;0.473591;0.403884;0.331907;0.253864;0.183521;0.130978
1145.1;0.037164;0.57;1.171789;1.072059;1.006790;0.893557;0.760538;0.607489;0.465236;0.339937;0.237254;0.161563
1088.3;0.045126;0.28;0.710089;0.641246;0.616672;0.575090;0.525170;0.450792;0.362000;0.267202;0.175815;0.111433
795.1;0.057822;0.73;0.777618;0.682061;0.627754;0.537695;0.446106;0.344965;0.251242;0.175845;0.114584;0.071905
860.2;0.032227;0.33;0.746641;0.688629;0.663025;0.614337;0.555227;0.474632;0.380283;0.286363;0.199248;0.133622
828.3;0.01427;0.84;0.841739;0.800282;0.758472;0.694049;0.612811;0.513344;0.406616;0.311824;0.233415;0.175517
487;0.012867;0.34;0.377455;0.362245;0.350683;0.329753;0.303278;0.271659;0.232825;0.191113;0.152622;0.124237
571.1;0.041473;0.53;0.505453;0.455802;0.431036;0.391926;0.345749;0.286770;0.221500;0.159840;0.104078;0.065210
723.8;0.049809;0.37;0.493998;0.446908;0.430181;0.398668;0.355626;0.294046;0.226610;0.158144;0.099143;0.059930
507.4;0.04456;0.29;0.398012;0.362057;0.346317;0.315071;0.274958;0.225689;0.167580;0.115675;0.072082;0.043261
1059.9;0.027265;0.54;1.124770;1.041753;0.982373;0.879319;0.765199;0.643649;0.512077;0.383707;0.270425;0.189703
475.3;0.057341;0.19;0.255738;0.231533;0.221978;0.202767;0.178002;0.141773;0.102998;0.068517;0.041537;0.025070
503.3;0.03601;0.21;0.461641;0.421080;0.402543;0.367269;0.324246;0.268174;0.202801;0.143466;0.092041;0.056844
453.6;0.057691;0.18;0.237386;0.215612;0.208020;0.190088;0.166298;0.131851;0.096252;0.063580;0.038654;0.023728
504.9;0.01368;0.35;0.416067;0.399911;0.386829;0.363730;0.333427;0.297555;0.253717;0.206348;0.162009;0.129047
692.1;0.020352;0.75;0.842464;0.796057;0.750520;0.674034;0.581944;0.483212;0.375309;0.282920;0.200661;0.142591
580;0.048751;0.51;0.443892;0.402076;0.383550;0.350138;0.309642;0.254052;0.195075;0.136327;0.086031;0.052380
1131;0.055709;0.79;1.277102;1.125361;1.051749;0.919496;0.760538;0.573141;0.408241;0.273293;0.176288;0.113210
687.2;0.049128;0.88;0.988962;0.876345;0.806564;0.693519;0.571043;0.426167;0.293989;0.191555;0.119137;0.073229
466.3;0.024777;0.36;0.502146;0.468551;0.449380;0.413705;0.370549;0.312437;0.247190;0.183968;0.128595;0.087546
1114.4;0.017592;0.28;0.849758;0.810500;0.787280;0.745607;0.692897;0.619295;0.534953;0.447664;0.350862;0.269913
1181.8;0.052396;0.51;0.876451;0.780510;0.730868;0.645577;0.556245;0.457809;0.356782;0.264287;0.177905;0.114117
695;0.049243;0.38;0.485258;0.438308;0.421529;0.390201;0.347621;0.286914;0.220837;0.154059;0.096576;0.058429
400;0.023542;0.79;0.472622;0.438272;0.412488;0.370113;0.324770;0.270602;0.210498;0.155189;0.107707;0.075364
532.3;0.021391;0.31;0.553279;0.521632;0.505393;0.472981;0.429722;0.369943;0.298433;0.224610;0.161366;0.114502
667.8;0.026051;0.77;0.910640;0.842471;0.789185;0.697327;0.588804;0.472002;0.360967;0.256306;0.175258;0.119057
835.4;0.051478;0.57;0.662957;0.589735;0.553022;0.491514;0.427199;0.350477;0.268376;0.194183;0.127730;0.080140
536;0.051109;0.68;0.473363;0.424945;0.396196;0.352452;0.301699;0.241989;0.183414;0.127616;0.082052;0.050777
842.6;0.038534;0.37;0.681087;0.621703;0.597076;0.547946;0.486974;0.415961;0.330739;0.244544;0.165501;0.106586
940.1;0.038591;0.11;0.688598;0.629437;0.610227;0.575493;0.528467;0.451452;0.359661;0.259723;0.171748;0.108618
499.6;0.024301;0.25;0.538338;0.503320;0.483931;0.446627;0.400606;0.337604;0.268346;0.199688;0.139664;0.094773
405.7;0.044957;0.51;0.343160;0.312093;0.298049;0.270538;0.235975;0.192605;0.144811;0.100541;0.063263;0.038323
567;0.049813;0.12;0.359321;0.326316;0.313771;0.287109;0.250625;0.199637;0.147819;0.098675;0.061259;0.036447
586.9;0.032079;0.54;0.600812;0.552074;0.523666;0.473635;0.417151;0.346558;0.270704;0.200142;0.136425;0.090823
681.8;0.032311;0.32;0.628447;0.577995;0.556221;0.513741;0.458853;0.388778;0.308721;0.228707;0.154884;0.100427
757.1;0.033283;0.66;0.882874;0.811797;0.761030;0.674903;0.573682;0.457862;0.348825;0.250711;0.172827;0.115780
377;0.023952;0.81;0.449521;0.416035;0.391039;0.349826;0.307440;0.254476;0.196679;0.144574;0.099836;0.069613
536.2;0.043769;0.12;0.400167;0.365411;0.349115;0.316205;0.276758;0.225287;0.165198;0.113694;0.070501;0.042284
1020.9;0.055183;0.37;0.599202;0.541826;0.520763;0.481413;0.435113;0.364747;0.286770;0.203504;0.129556;0.078881
326.3;0.055426;0.44;0.222808;0.202708;0.192645;0.172613;0.149990;0.119174;0.086292;0.057378;0.034727;0.021385
1136;0.04736;0.16;0.673091;0.613219;0.597737;0.562896;0.515804;0.446378;0.349416;0.254498;0.164430;0.101103
957.3;0.023026;0.16;0.779345;0.741603;0.729564;0.700151;0.659721;0.592627;0.499440;0.391342;0.287838;0.205773
739.7;0.044482;0.16;0.528570;0.479288;0.462606;0.429919;0.383758;0.315590;0.241208;0.165970;0.105092;0.064368
820.7;0.016592;0.82;0.960433;0.910826;0.862973;0.783932;0.681675;0.560951;0.441514;0.331559;0.237125;0.175296
513.6;0.016175;0.88;0.541635;0.512885;0.484754;0.440444;0.388338;0.324338;0.257378;0.193970;0.141452;0.104989
713;0.019545;0.41;0.674000;0.635084;0.611722;0.569670;0.521439;0.461490;0.386707;0.302471;0.222000;0.161820
1166.8;0.017287;0.35;0.915986;0.870573;0.842041;0.793947;0.731442;0.648401;0.546857;0.453700;0.357975;0.276584
792.1;0.039252;0.54;0.745733;0.671263;0.630714;0.566035;0.491296;0.402335;0.314546;0.231892;0.157884;0.102750
769;0.013668;0.73;0.667980;0.644331;0.616300;0.569775;0.508404;0.431936;0.354361;0.279489;0.214339;0.170317
508.4;0.051116;0.74;0.504545;0.449071;0.414920;0.360088;0.303089;0.239390;0.177754;0.123634;0.079606;0.049525
740;0.046145;0.79;0.953321;0.847524;0.779338;0.666419;0.549934;0.415535;0.297578;0.203385;0.132758;0.084788
861.7;0.056293;0.74;0.887228;0.784941;0.723289;0.619091;0.504967;0.390417;0.281466;0.197883;0.129137;0.081981
911.2;0.034632;0.11;0.725645;0.668069;0.648363;0.606579;0.550587;0.478780;0.382119;0.284118;0.191214;0.121976
656;0.042744;0.84;0.940978;0.847642;0.781101;0.668163;0.540356;0.413106;0.288476;0.195725;0.124586;0.078606
630.7;0.054506;0.11;0.351709;0.318918;0.307504;0.280587;0.245165;0.196988;0.144683;0.097228;0.059046;0.035178
1189.2;0.036926;0.12;0.804162;0.741299;0.725712;0.687338;0.635421;0.558396;0.459558;0.350728;0.240366;0.156855
334;0.02411;0.67;0.359412;0.335974;0.320503;0.293573;0.260513;0.219509;0.173989;0.129300;0.091676;0.064058
1096.7;0.058798;0.53;0.733595;0.651247;0.612882;0.549667;0.477322;0.391182;0.304609;0.219028;0.144346;0.089810
1122;0.011821;0.52;0.758763;0.731351;0.703762;0.659193;0.606152;0.536029;0.453622;0.371687;0.299879;0.251752
1016.6;0.026312;0.5;1.027572;0.952295;0.902888;0.814595;0.718661;0.613452;0.494719;0.375200;0.266752;0.187746
388.8;0.058651;0.15;0.192628;0.174813;0.168314;0.153006;0.132784;0.105816;0.076984;0.050612;0.030649;0.019785
535.7;0.028252;0.28;0.551067;0.509490;0.490214;0.451716;0.400811;0.336607;0.266222;0.196697;0.133019;0.087881
601.8;0.025457;0.19;0.620463;0.578448;0.557814;0.517600;0.466993;0.396020;0.316094;0.236091;0.164797;0.111229
911.8;0.016046;0.89;1.088453;1.020553;0.964623;0.884026;0.775729;0.642328;0.499999;0.373414;0.269960;0.191637
422.9;0.055788;0.16;0.229179;0.207360;0.199928;0.182505;0.159289;0.126091;0.091961;0.060885;0.037139;0.022755
949.1;0.016774;0.15;0.733111;0.698305;0.684298;0.652487;0.609101;0.558801;0.491616;0.407394;0.318853;0.244383
396.1;0.026606;0.63;0.434595;0.403070;0.384192;0.350433;0.308152;0.257889;0.200889;0.149427;0.104488;0.071187
888.4;0.054874;0.38;0.536930;0.486645;0.469136;0.435043;0.389313;0.325170;0.251537;0.177122;0.111754;0.066557
724;0.022182;0.36;0.676751;0.641172;0.622163;0.584816;0.540635;0.474598;0.390624;0.300023;0.216110;0.153649
353.7;0.015241;0.74;0.276021;0.263659;0.255369;0.239473;0.218424;0.190623;0.160067;0.128854;0.099261;0.078048
913.8;0.052918;0.6;0.757114;0.672668;0.625205;0.548930;0.469125;0.379535;0.288937;0.209518;0.138770;0.087696
338.2;0.04491;0.89;0.460510;0.414006;0.379364;0.321925;0.257756;0.194124;0.137660;0.092429;0.057728;0.035944
364.3;0.046687;0.23;0.267937;0.242621;0.231222;0.208640;0.179164;0.143000;0.104872;0.070846;0.043219;0.025948
769.5;0.042527;0.59;0.729485;0.654161;0.614440;0.545818;0.465960;0.377669;0.292513;0.212671;0.143183;0.092524
387.1;0.035814;0.35;0.372816;0.339990;0.323565;0.293350;0.258264;0.211755;0.160888;0.113049;0.072956;0.045563
1036.3;0.026319;0.17;0.822137;0.772400;0.757200;0.724547;0.678483;0.604607;0.504473;0.389684;0.285157;0.200918
1035.8;0.043089;0.8;1.376351;1.250682;1.168624;1.021723;0.847516;0.647072;0.463732;0.311092;0.199653;0.129145
950.2;0.015878;0.57;0.879638;0.838163;0.801527;0.739175;0.661689;0.571842;0.468110;0.366888;0.284351;0.220087
434.9;0.017391;0.34;0.433062;0.411717;0.399797;0.376114;0.344199;0.298967;0.243939;0.187695;0.139164;0.103693
893.6;0.010988;0.23;0.531860;0.515843;0.504334;0.483265;0.451257;0.406372;0.352026;0.307807;0.263769;0.228616
766.7;0.058215;0.37;0.449946;0.405228;0.389874;0.358077;0.321357;0.264594;0.199061;0.135464;0.084021;0.049190
1175.7;0.058519;0.15;0.577530;0.525137;0.510309;0.476043;0.428993;0.363716;0.274747;0.191262;0.118815;0.070022
884.1;0.016193;0.62;0.863933;0.820933;0.781913;0.717514;0.638831;0.547416;0.444197;0.344851;0.263982;0.201964
1020.3;0.03337;0.3;0.820621;0.757064;0.729559;0.678458;0.615670;0.531348;0.428708;0.326850;0.230004;0.155261
708.4;0.042835;0.71;0.812811;0.728150;0.671320;0.580970;0.486197;0.377786;0.281473;0.199650;0.133507;0.086262
689.2;0.024509;0.34;0.666551;0.625849;0.606175;0.567817;0.518251;0.448051;0.362743;0.273377;0.194885;0.135804
1042.8;0.047727;0.44;0.750629;0.676756;0.640547;0.576614;0.510108;0.429123;0.340014;0.251464;0.167267;0.106144
375.1;0.037906;0.14;0.331083;0.300689;0.285411;0.257341;0.221702;0.180711;0.133400;0.092115;0.057543;0.035335
419.9;0.03139;0.12;0.418269;0.387663;0.370493;0.336391;0.295032;0.243898;0.184353;0.131251;0.084644;0.053210
456;0.02336;0.25;0.501517;0.468362;0.450529;0.415785;0.371811;0.312810;0.248593;0.185065;0.130003;0.088587
651.8;0.047687;0.32;0.464513;0.421133;0.406634;0.374690;0.332162;0.273792;0.207834;0.144054;0.089976;0.054100
1048.2;0.054919;0.15;0.568840;0.513097;0.498384;0.464333;0.417067;0.351039;0.265508;0.184509;0.114552;0.068364
1023;0.046422;0.37;0.700856;0.632614;0.603811;0.555042;0.499862;0.424340;0.337853;0.249671;0.164821;0.103591
354.4;0.030342;0.14;0.363707;0.335048;0.318970;0.288872;0.253947;0.208939;0.157962;0.112426;0.072762;0.045927
659.3;0.056916;0.18;0.366471;0.328637;0.316749;0.289797;0.253425;0.204661;0.150332;0.101216;0.060843;0.036066
774.2;0.022771;0.16;0.713758;0.677474;0.663023;0.628894;0.582452;0.511981;0.421552;0.321127;0.234473;0.165682
675.1;0.036658;0.82;0.982056;0.888240;0.824917;0.718123;0.591008;0.448690;0.325105;0.219481;0.144026;0.093394
891.2;0.057738;0.35;0.506456;0.460402;0.444066;0.409853;0.365337;0.307772;0.232213;0.162485;0.101371;0.059516
865.2;0.023387;0.57;0.941849;0.871832;0.826529;0.749449;0.655418;0.550735;0.448419;0.340331;0.243181;0.171215
562.8;0.022504;0.4;0.569442;0.538945;0.521843;0.487476;0.443465;0.382001;0.308551;0.230819;0.166146;0.117106
688.5;0.056384;0.86;0.879669;0.785626;0.724183;0.618035;0.496018;0.370295;0.255365;0.168874;0.104717;0.064787
313.9;0.013429;0.69;0.197300;0.189938;0.184571;0.174770;0.162316;0.144851;0.125363;0.103986;0.083439;0.068771
1185.7;0.02497;0.81;1.688121;1.560174;1.478447;1.329440;1.143512;0.923049;0.696732;0.491010;0.330481;0.219530
450.5;0.039579;0.58;0.425491;0.384940;0.364526;0.330020;0.289520;0.239003;0.183226;0.131432;0.085566;0.053780
395.6;0.020165;0.65;0.400247;0.376790;0.361521;0.334930;0.303898;0.262131;0.212144;0.161855;0.116367;0.084594
635.2;0.041794;0.41;0.515113;0.468650;0.449737;0.413372;0.368106;0.308984;0.237706;0.171033;0.110598;0.068774
478.3;0.049919;0.28;0.331038;0.300588;0.288529;0.263375;0.229835;0.183169;0.135741;0.090990;0.056058;0.033295
740.7;0.035085;0.21;0.630055;0.579053;0.557406;0.514201;0.465835;0.396263;0.313161;0.226585;0.151327;0.096443
605.5;0.042541;0.24;0.473173;0.430978;0.414283;0.381554;0.339103;0.277381;0.211411;0.145616;0.092310;0.056748
1184.7;0.042626;0.55;1.109545;0.998079;0.932693;0.818479;0.698427;0.560949;0.427330;0.317128;0.218550;0.145485
571.3;0.055865;0.81;0.655773;0.578538;0.527108;0.445458;0.362876;0.274924;0.195470;0.133022;0.084830;0.052555
931;0.035492;0.77;1.296607;1.163771;1.080559;0.952119;0.801595;0.623420;0.449019;0.309742;0.204458;0.134057
899.7;0.05871;0.3;0.492234;0.445800;0.430066;0.396916;0.357706;0.297307;0.223882;0.153737;0.095407;0.055908
785.2;0.019864;0.45;0.746269;0.701510;0.675578;0.627980;0.566185;0.495070;0.416520;0.327573;0.241506;0.174850
928.3;0.015559;0.76;0.993461;0.942208;0.896450;0.819413;0.720433;0.600325;0.478119;0.363771;0.267640;0.202532
899.9;0.024868;0.22;0.771477;0.726700;0.710056;0.675015;0.627647;0.554852;0.459143;0.351343;0.255726;0.180390
460.3;0.029821;0.71;0.540219;0.497804;0.468210;0.418496;0.359980;0.293768;0.225317;0.163886;0.112697;0.076021
415.2;0.031038;0.8;0.532918;0.490547;0.457011;0.402288;0.338850;0.269285;0.203016;0.144048;0.097431;0.064965
1199.2;0.025574;0.5;1.214113;1.118477;1.064060;0.965225;0.842891;0.705083;0.575006;0.439191;0.316337;0.223434
454;0.044692;0.56;0.389128;0.353653;0.336564;0.304437;0.268129;0.219170;0.167244;0.116210;0.074485;0.046118
329.3;0.014594;0.78;0.231777;0.222845;0.216040;0.203455;0.186397;0.163360;0.137360;0.111971;0.087629;0.069784
805.1;0.030104;0.89;1.269194;1.179111;1.105987;0.979877;0.824299;0.636314;0.469610;0.315584;0.202425;0.127894
1093.7;0.024759;0.73;1.450275;1.352029;1.275055;1.137689;0.971702;0.787817;0.592657;0.433825;0.295818;0.201770
902.3;0.025325;0.38;0.818167;0.760493;0.732885;0.684140;0.628499;0.548900;0.449542;0.345205;0.248181;0.175216
471.4;0.015278;0.5;0.414154;0.394409;0.381740;0.357929;0.326071;0.287303;0.242939;0.194219;0.149044;0.114811
632;0.039691;0.3;0.516595;0.474720;0.457132;0.421565;0.375403;0.315068;0.241004;0.172651;0.111278;0.068700
714.7;0.024136;0.51;0.732421;0.678028;0.646183;0.594392;0.536803;0.462454;0.372954;0.282591;0.200461;0.141138
1183.5;0.017761;0.16;0.824724;0.786201;0.769610;0.738659;0.696425;0.634137;0.567893;0.481101;0.381554;0.295554
440.8;0.010033;0.14;0.167189;0.163085;0.160092;0.154049;0.146619;0.134864;0.121471;0.107582;0.094122;0.084833
1070;0.02418;0.61;1.243580;1.150960;1.083572;0.969092;0.844107;0.691199;0.544806;0.412004;0.291959;0.203103
880.3;0.037541;0.59;0.917575;0.832547;0.778886;0.687761;0.583473;0.474454;0.361467;0.265514;0.182101;0.121596
638.6;0.053545;0.17;0.378009;0.343292;0.331405;0.303854;0.267113;0.213200;0.158350;0.106011;0.065150;0.038550
471.8;0.012113;0.59;0.305271;0.294117;0.285248;0.269681;0.249004;0.221445;0.189487;0.159735;0.131274;0.110289
685.4;0.055236;0.54;0.476547;0.429773;0.409051;0.372907;0.327314;0.269584;0.205742;0.144723;0.091580;0.054562
733.8;0.016549;0.78;0.816843;0.771578;0.729853;0.663032;0.577423;0.484782;0.382704;0.290547;0.213186;0.159126
408.6;0.051686;0.61;0.326645;0.294688;0.279832;0.251821;0.218578;0.178754;0.132073;0.091620;0.057368;0.034174
830.6;0.050023;0.32;0.539065;0.488487;0.471043;0.438106;0.394660;0.328382;0.255065;0.178303;0.112649;0.068626
503.6;0.055894;0.19;0.284186;0.257712;0.247329;0.223807;0.196078;0.157447;0.113367;0.076584;0.046226;0.026916
646.2;0.016865;0.15;0.590452;0.564162;0.552846;0.526698;0.491190;0.435959;0.365950;0.289277;0.216573;0.164279
824.7;0.035237;0.6;0.880810;0.808917;0.759191;0.673205;0.574365;0.466276;0.355085;0.261184;0.179736;0.120767
526.6;0.030248;0.66;0.597843;0.551482;0.519887;0.466395;0.403014;0.330707;0.254613;0.186396;0.128452;0.086559
561.4;0.018679;0.32;0.545915;0.520351;0.504549;0.476424;0.439778;0.386057;0.317364;0.244913;0.178628;0.131435
855.4;0.038759;0.44;0.727517;0.657526;0.626355;0.571687;0.504242;0.422847;0.335025;0.249325;0.170046;0.110322
538.8;0.040311;0.39;0.457825;0.419297;0.402110;0.368213;0.326089;0.271297;0.206556;0.146820;0.094661;0.058645
1041.9;0.020722;0.17;0.804716;0.760153;0.742014;0.711457;0.676523;0.620145;0.537365;0.435003;0.326519;0.240914
1184.4;0.035997;0.16;0.821071;0.755569;0.737093;0.697675;0.644676;0.560331;0.465048;0.356568;0.245727;0.163711
957.2;0.059459;0.2;0.492924;0.442309;0.427111;0.397453;0.358132;0.293885;0.220634;0.148966;0.092304;0.054226
609.5;0.034496;0.64;0.669381;0.613594;0.575050;0.509596;0.436657;0.356195;0.271963;0.198777;0.134889;0.089247
825.7;0.044744;0.28;0.580706;0.527644;0.510374;0.473749;0.426899;0.362184;0.279439;0.200423;0.129293;0.079558
397;0.030571;0.29;0.407451;0.375434;0.360073;0.328991;0.290542;0.240336;0.186021;0.132926;0.087476;0.056237
1115.7;0.011739;0.11;0.625645;0.607165;0.597321;0.577251;0.546569;0.500516;0.441160;0.391583;0.339308;0.294848
1091.7;0.024642;0.68;1.375596;1.277866;1.203880;1.073624;0.923848;0.749315;0.570329;0.425255;0.294641;0.202369
1036;0.050072;0.55;0.841040;0.753438;0.704261;0.618922;0.529403;0.432244;0.334666;0.245453;0.164015;0.105181
534.7;0.027325;0.54;0.565198;0.525449;0.503043;0.461024;0.408631;0.342648;0.269253;0.200325;0.140405;0.094813
834.9;0.014166;0.69;0.751424;0.722509;0.691458;0.638587;0.569384;0.483302;0.395753;0.311265;0.237623;0.188146
320.3;0.035555;0.76;0.350990;0.322860;0.303231;0.269023;0.229281;0.185998;0.142378;0.101734;0.068258;0.044441
682.7;0.028342;0.41;0.663742;0.618142;0.595512;0.550666;0.494098;0.420246;0.332350;0.250441;0.175801;0.118564
581.4;0.046974;0.21;0.416329;0.377259;0.361481;0.329316;0.289442;0.236411;0.173729;0.119685;0.074319;0.043952
445.3;0.036237;0.26;0.415457;0.378584;0.360732;0.328204;0.289407;0.237298;0.179965;0.125992;0.080941;0.050194
648.1;0.037928;0.86;0.983801;0.894145;0.829694;0.720508;0.590228;0.443808;0.317741;0.210496;0.135197;0.086150
1124.4;0.055089;0.51;0.787361;0.696487;0.655528;0.583698;0.509781;0.420530;0.325439;0.239505;0.159949;0.100850
301;0.030976;0.87;0.388065;0.356441;0.330990;0.290113;0.242711;0.193928;0.144293;0.102002;0.067938;0.045233
716.2;0.027906;0.32;0.678154;0.632119;0.611999;0.570404;0.515550;0.441020;0.350196;0.265593;0.186788;0.125604
681.9;0.034449;0.52;0.665146;0.609967;0.577771;0.521169;0.459296;0.379714;0.298226;0.220898;0.150252;0.098776
714.8;0.022798;0.83;1.013158;0.946589;0.887615;0.787785;0.669923;0.541707;0.405347;0.293824;0.198458;0.135216
993.1;0.056458;0.27;0.543852;0.496433;0.480924;0.446931;0.401315;0.338429;0.257678;0.180286;0.112653;0.066216
590.2;0.033338;0.76;0.768362;0.707647;0.659072;0.577589;0.482952;0.377230;0.282266;0.198428;0.133914;0.088678
1006.3;0.0227;0.21;0.802016;0.757166;0.743228;0.710822;0.671759;0.606965;0.515768;0.408306;0.299612;0.217053
724.2;0.031561;0.45;0.694279;0.639960;0.611282;0.559160;0.496558;0.419782;0.330774;0.246992;0.171226;0.114917
332.2;0.045126;0.8;0.359218;0.322256;0.297980;0.258574;0.218627;0.173104;0.127799;0.089562;0.057758;0.036234
458.3;0.030116;0.66;0.514463;0.472994;0.446445;0.400891;0.347395;0.287592;0.221509;0.162515;0.111535;0.075300
949.6;0.019092;0.5;0.910625;0.859370;0.822453;0.759025;0.678631;0.584951;0.479592;0.383420;0.287306;0.211885
726.1;0.052813;0.59;0.563169;0.505796;0.475215;0.426896;0.370575;0.302628;0.232544;0.163862;0.106283;0.065847
437.4;0.03921;0.16;0.374886;0.341715;0.326225;0.295685;0.255912;0.208064;0.154910;0.106694;0.066416;0.040873
607;0.028679;0.29;0.601526;0.557375;0.537781;0.497854;0.445810;0.373479;0.298481;0.221468;0.151263;0.100553
846.7;0.021085;0.12;0.738333;0.700781;0.688057;0.659533;0.618611;0.553524;0.465646;0.364913;0.268567;0.193843
472.6;0.02095;0.78;0.544198;0.512714;0.485647;0.439530;0.383472;0.317277;0.253392;0.189304;0.134295;0.094654
964.6;0.036112;0.11;0.732133;0.672403;0.653626;0.612026;0.559995;0.487030;0.389362;0.288656;0.194520;0.123685
518.6;0.031671;0.54;0.535878;0.491693;0.466728;0.423418;0.373659;0.308726;0.242835;0.178828;0.121173;0.080046
1125.7;0.047065;0.2;0.675394;0.616118;0.599755;0.563979;0.516203;0.446960;0.352457;0.258120;0.167611;0.103477
542.2;0.013522;0.57;0.420679;0.405350;0.392420;0.368792;0.336665;0.295504;0.247610;0.204131;0.162655;0.130977
989;0.052367;0.6;0.837285;0.746056;0.693923;0.604788;0.511351;0.412635;0.314157;0.228994;0.152554;0.097383
469.8;0.043994;0.7;0.472638;0.425663;0.396188;0.348278;0.297537;0.240137;0.181126;0.129358;0.084039;0.052810
558.7;0.016833;0.35;0.523756;0.496087;0.479397;0.452086;0.417774;0.370741;0.309512;0.242910;0.181667;0.136526
382;0.05292;0.83;0.426070;0.378155;0.344776;0.295290;0.242286;0.184876;0.134510;0.090659;0.057262;0.035384
818.6;0.019992;0.73;0.998998;0.937780;0.883114;0.797463;0.691808;0.569737;0.445595;0.332663;0.239499;0.170156
915;0.040367;0.18;0.658034;0.599771;0.582011;0.546602;0.500166;0.426200;0.338264;0.245090;0.159504;0.100854
791.9;0.037152;0.32;0.649321;0.595054;0.573052;0.527847;0.473320;0.404348;0.320886;0.235209;0.158463;0.101448
683.2;0.018116;0.83;0.845115;0.793609;0.746644;0.670729;0.584066;0.480571;0.375626;0.277121;0.198669;0.141796
880;0.010283;0.19;0.480725;0.467838;0.456780;0.437140;0.408725;0.369904;0.326835;0.288867;0.250812;0.221848
882.9;0.048574;0.73;1.000687;0.883990;0.814489;0.709430;0.585287;0.446427;0.326518;0.227562;0.150545;0.097212
911.1;0.048239;0.18;0.578960;0.522647;0.506658;0.474344;0.429715;0.358080;0.276883;0.191944;0.122204;0.074384
872.2;0.031053;0.71;1.141652;1.043689;0.970536;0.849181;0.720619;0.577679;0.429952;0.307088;0.207059;0.139884
1150.7;0.012841;0.63;0.930736;0.895235;0.856996;0.789780;0.708223;0.612716;0.503222;0.402787;0.315038;0.252194
488;0.039287;0.72;0.548571;0.491676;0.457163;0.403650;0.339975;0.270533;0.205204;0.146236;0.097417;0.062779
938.4;0.018708;0.85;1.231554;1.169287;1.104708;0.996784;0.861152;0.704420;0.544044;0.400390;0.274891;0.195383
512.6;0.046431;0.24;0.380320;0.343838;0.328619;0.297845;0.261962;0.212309;0.156044;0.106806;0.066500;0.039433
407.5;0.036715;0.12;0.366653;0.334344;0.318283;0.288302;0.249749;0.202753;0.151868;0.104373;0.065575;0.040722
846.6;0.022653;0.77;1.145032;1.067668;1.003296;0.894220;0.761967;0.620670;0.470502;0.345177;0.237578;0.163634
705.1;0.055853;0.48;0.459425;0.417287;0.400135;0.365933;0.323210;0.268526;0.202540;0.141823;0.089103;0.052667
712.9;0.04791;0.19;0.483698;0.438533;0.423015;0.389222;0.343783;0.284002;0.212666;0.146613;0.091079;0.054568
895.8;0.054352;0.17;0.510854;0.460068;0.445132;0.410919;0.368065;0.305807;0.226757;0.156945;0.097302;0.057107
993.3;0.01344;0.19;0.672327;0.650060;0.635813;0.609668;0.571582;0.516974;0.448397;0.386475;0.319225;0.263993
615.2;0.019176;0.23;0.597125;0.568969;0.553329;0.523849;0.484161;0.425483;0.350247;0.269963;0.197375;0.143868
875.4;0.05494;0.26;0.511123;0.460486;0.445270;0.411759;0.366986;0.307788;0.230545;0.160461;0.099780;0.058627
790.2;0.05695;0.79;0.885360;0.784129;0.721874;0.615220;0.496617;0.378752;0.267382;0.184287;0.118376;0.074614
882.6;0.050772;0.31;0.556968;0.503702;0.485989;0.452460;0.408862;0.341256;0.265806;0.186234;0.117963;0.071923
789.5;0.010068;0.53;0.412889;0.401832;0.391330;0.372070;0.344140;0.309357;0.268901;0.229579;0.196754;0.173431
948.9;0.010155;0.54;0.512800;0.499054;0.484363;0.460337;0.425910;0.379342;0.328300;0.278146;0.235169;0.205279
770.2;0.014373;0.87;0.788182;0.748968;0.709999;0.651253;0.573790;0.479364;0.379286;0.289430;0.215923;0.161124
1194.3;0.023036;0.32;0.972493;0.913589;0.880099;0.818228;0.747102;0.667531;0.572183;0.457675;0.340141;0.247328
496.8;0.01114;0.31;0.307833;0.297009;0.289272;0.274183;0.252935;0.229652;0.201285;0.170827;0.142783;0.121941
395.2;0.031204;0.35;0.405692;0.372122;0.355064;0.324578;0.286943;0.237742;0.184488;0.131839;0.086944;0.056022
398.7;0.027053;0.55;0.432082;0.399474;0.381384;0.348503;0.308813;0.257331;0.202007;0.149601;0.103680;0.070359
357.2;0.037068;0.4;0.340258;0.310501;0.294963;0.268364;0.235043;0.191491;0.145720;0.101266;0.065362;0.040827
664.1;0.056308;0.3;0.399246;0.356772;0.344722;0.318264;0.281426;0.226884;0.169376;0.113913;0.069624;0.040932
703.5;0.024925;0.64;0.818629;0.757138;0.713131;0.638672;0.555232;0.466371;0.368231;0.273256;0.190915;0.132869
629.2;0.026904;0.31;0.627968;0.583064;0.562323;0.522788;0.470944;0.400681;0.317791;0.238870;0.166980;0.112539
425;0.044785;0.8;0.498323;0.450219;0.414895;0.355816;0.292266;0.228410;0.167548;0.116980;0.075086;0.047209
926.6;0.041395;0.23;0.662491;0.599003;0.578370;0.542272;0.495798;0.423103;0.336590;0.244925;0.159607;0.101027
384.4;0.032519;0.17;0.380491;0.350201;0.333128;0.301755;0.265593;0.217617;0.164596;0.115726;0.074803;0.046543
772.9;0.033681;0.35;0.680610;0.625690;0.600202;0.555370;0.497902;0.420425;0.336883;0.251527;0.171149;0.111907
777.3;0.057485;0.59;0.560016;0.502340;0.474136;0.423697;0.368619;0.299139;0.230054;0.162879;0.104361;0.062656
1075;0.014175;0.4;0.793803;0.765943;0.742908;0.700420;0.645035;0.574967;0.487905;0.396723;0.322756;0.262280
736.4;0.023991;0.84;1.077789;1.003533;0.940381;0.832617;0.709192;0.567516;0.418969;0.301902;0.200384;0.134906
654.1;0.03235;0.15;0.606237;0.557494;0.534877;0.491269;0.443380;0.374599;0.294232;0.212138;0.141664;0.090197
623.3;0.013369;0.74;0.496318;0.478076;0.459035;0.425700;0.382303;0.331914;0.273099;0.218965;0.170128;0.138335
962.7;0.05442;0.13;0.533881;0.481283;0.466456;0.431705;0.386582;0.322699;0.240152;0.166144;0.102959;0.060865
655.2;0.021658;0.35;0.630766;0.596937;0.579637;0.546744;0.503407;0.439552;0.359972;0.274938;0.198335;0.141112
915.1;0.05308;0.87;1.224613;1.067369;0.995610;0.874921;0.727645;0.549101;0.380953;0.247766;0.153508;0.094509
933.6;0.045587;0.31;0.630397;0.572684;0.553799;0.514754;0.465929;0.398218;0.311969;0.227573;0.148332;0.091829
698.1;0.053641;0.2;0.419999;0.377701;0.363363;0.335913;0.298337;0.241020;0.178800;0.120165;0.074487;0.043897
317.6;0.0569;0.59;0.235256;0.211485;0.201035;0.180691;0.154944;0.124319;0.090021;0.060914;0.036866;0.022405
597.8;0.016984;0.62;0.577616;0.548161;0.524203;0.484821;0.436763;0.375463;0.307056;0.243884;0.182855;0.137751
681.9;0.029695;0.8;0.987700;0.907952;0.842278;0.734056;0.611913;0.487329;0.358520;0.251363;0.165370;0.110772
543.2;0.059028;0.82;0.606653;0.531418;0.484401;0.411576;0.334060;0.250146;0.179311;0.120425;0.075829;0.046404
477.3;0.04224;0.14;0.376678;0.342407;0.326602;0.294929;0.257473;0.209235;0.153476;0.105695;0.065705;0.039410
1039.5;0.05482;0.71;1.037000;0.924917;0.858145;0.740983;0.608721;0.469851;0.342874;0.240811;0.158534;0.102446
686.9;0.034112;0.79;0.968512;0.875503;0.813242;0.714008;0.595261;0.459890;0.335793;0.231398;0.153847;0.100580
1099;0.010705;0.49;0.640327;0.620952;0.600951;0.567331;0.526140;0.469666;0.403826;0.338244;0.281652;0.243017
652.1;0.041144;0.16;0.508877;0.465882;0.447701;0.412425;0.368560;0.302885;0.230419;0.159720;0.101722;0.062361
494.4;0.031672;0.22;0.488163;0.448525;0.428884;0.394247;0.349978;0.290916;0.226137;0.161155;0.105966;0.067756
1011.4;0.022209;0.69;1.258575;1.171567;1.104732;0.992016;0.854077;0.701384;0.541562;0.404592;0.285945;0.200442
1154.4;0.031448;0.22;0.865826;0.804968;0.783413;0.738923;0.682977;0.601765;0.492425;0.383044;0.275205;0.187787
594.8;0.010509;0.77;0.291488;0.283498;0.274626;0.260127;0.240138;0.215184;0.186889;0.159052;0.134376;0.117123
904.1;0.040441;0.54;0.844777;0.760516;0.712126;0.632764;0.548162;0.444912;0.347291;0.257087;0.175946;0.115127
694.8;0.057899;0.87;0.892696;0.792415;0.731351;0.624043;0.500897;0.374128;0.256256;0.168583;0.103881;0.063909
1050.2;0.014772;0.16;0.724093;0.698762;0.684342;0.656217;0.618209;0.560924;0.493415;0.423581;0.344627;0.278613
992;0.01178;0.85;0.805916;0.774597;0.739967;0.679499;0.599969;0.505434;0.415575;0.325660;0.255319;0.203887
450.5;0.054312;0.39;0.303513;0.275301;0.263816;0.239674;0.208193;0.166696;0.122471;0.082534;0.049592;0.028974
1075.8;0.022347;0.15;0.810619;0.768782;0.759194;0.732397;0.697895;0.636722;0.547874;0.439198;0.324972;0.238426
1190.9;0.010446;0.87;0.788360;0.767353;0.735037;0.682328;0.613498;0.526334;0.431313;0.352810;0.282437;0.234845
763;0.050746;0.62;0.659837;0.587781;0.546165;0.481138;0.412709;0.334501;0.254080;0.182913;0.120003;0.075486
1095.9;0.017025;0.44;0.937688;0.890263;0.853804;0.795683;0.725522;0.633097;0.527944;0.424142;0.332790;0.255596
829.2;0.053993;0.58;0.635765;0.566412;0.531283;0.474239;0.410385;0.335562;0.257628;0.183644;0.120165;0.074618
439.3;0.014769;0.38;0.383934;0.366375;0.354626;0.335804;0.309932;0.274863;0.230353;0.183696;0.140915;0.109312
479.9;0.027628;0.27;0.508550;0.470346;0.450250;0.412762;0.364342;0.307022;0.240754;0.177439;0.119965;0.078716
666.3;0.039671;0.13;0.530662;0.488016;0.469541;0.431663;0.386449;0.319498;0.242688;0.170276;0.108801;0.066519
973.8;0.039259;0.22;0.706276;0.646171;0.625225;0.580935;0.532042;0.459728;0.368815;0.270968;0.182291;0.116487
1043;0.043384;0.4;0.775219;0.703796;0.670753;0.608771;0.538481;0.457405;0.365273;0.270729;0.184455;0.119435
1011;0.042401;0.8;1.352995;1.231548;1.150510;1.006181;0.834403;0.634934;0.456558;0.306155;0.197159;0.127600
586.7;0.031668;0.45;0.578869;0.531935;0.507718;0.464732;0.412869;0.343936;0.272610;0.201478;0.136619;0.089845
780.7;0.016988;0.61;0.772930;0.729869;0.694318;0.642583;0.574512;0.490056;0.398116;0.311860;0.237059;0.177756
381;0.047596;0.41;0.300648;0.271647;0.258050;0.234162;0.204288;0.163428;0.121083;0.081582;0.050958;0.030412
400.5;0.022089;0.77;0.449052;0.420169;0.397064;0.359199;0.316734;0.267940;0.211855;0.157595;0.110917;0.078796
422.7;0.042523;0.71;0.432138;0.389487;0.362856;0.319985;0.273920;0.221359;0.167193;0.119373;0.077555;0.048890
910.8;0.052869;0.2;0.533915;0.484802;0.469929;0.436043;0.389988;0.326142;0.246714;0.171258;0.106451;0.063410
745.7;0.014219;0.17;0.593992;0.571839;0.555968;0.527524;0.487385;0.440974;0.383942;0.317930;0.251825;0.200032
470.7;0.058604;0.63;0.340590;0.305696;0.289794;0.261161;0.228840;0.184283;0.137599;0.093556;0.057583;0.033754
745.5;0.011573;0.4;0.494557;0.478275;0.464847;0.441396;0.408308;0.362072;0.308169;0.261484;0.218746;0.185217
432.8;0.05177;0.19;0.274345;0.247080;0.235996;0.213361;0.183892;0.147994;0.107032;0.072377;0.043637;0.025825
349.5;0.051786;0.6;0.278750;0.251825;0.239094;0.214995;0.188150;0.151025;0.112131;0.075899;0.047214;0.028043
1065.6;0.012493;0.6;0.812080;0.780451;0.749095;0.695026;0.631169;0.548486;0.455559;0.366463;0.290561;0.236855
804.5;0.037294;0.83;1.193083;1.066867;0.996518;0.875464;0.727474;0.555474;0.396959;0.266269;0.172154;0.110151
1136.6;0.057158;0.58;0.869875;0.765430;0.713633;0.626199;0.535060;0.431019;0.327924;0.239535;0.160329;0.102095
927;0.026074;0.49;0.927423;0.857702;0.813751;0.741567;0.660287;0.566945;0.457073;0.347033;0.246784;0.173361
824.5;0.050323;0.56;0.656189;0.585574;0.549050;0.489722;0.426475;0.351017;0.269602;0.195601;0.128520;0.080762
851.3;0.042673;0.82;1.185470;1.072268;0.996584;0.863968;0.708134;0.540369;0.382052;0.257450;0.163784;0.105222
1191;0.034483;0.69;1.492421;1.351600;1.263955;1.108150;0.948144;0.754030;0.553456;0.391437;0.262757;0.176928
774.9;0.058643;0.63;0.589133;0.523845;0.492226;0.435699;0.374224;0.300406;0.229359;0.162187;0.104186;0.062891
731.6;0.047425;0.69;0.754960;0.675866;0.627475;0.544040;0.451203;0.356195;0.266996;0.189693;0.124283;0.079517
1021.2;0.038392;0.45;0.881003;0.797723;0.754846;0.679449;0.598336;0.497062;0.393723;0.296815;0.204807;0.136177
1184.1;0.051568;0.63;1.091987;0.967649;0.903295;0.788978;0.656934;0.513479;0.386257;0.276520;0.186876;0.122856
992.1;0.011742;0.56;0.681398;0.656779;0.631330;0.593997;0.543510;0.477731;0.403281;0.329954;0.265616;0.222877
823.3;0.047892;0.16;0.537531;0.486789;0.472412;0.438879;0.392473;0.324015;0.247345;0.170694;0.106680;0.064779
1135.5;0.057856;0.29;0.597746;0.539555;0.523774;0.488802;0.442436;0.374178;0.291924;0.206469;0.130012;0.077349
822.1;0.027144;0.38;0.754037;0.706238;0.683810;0.638871;0.580369;0.499083;0.404030;0.304751;0.217625;0.150219
315.3;0.041912;0.2;0.252576;0.230365;0.219548;0.198082;0.170859;0.135336;0.100470;0.067573;0.042378;0.025615
408.8;0.02715;0.69;0.460527;0.427553;0.406162;0.367851;0.321506;0.265468;0.207103;0.151769;0.106169;0.072016
1076.4;0.020824;0.46;1.010231;0.953665;0.911451;0.836134;0.750437;0.643407;0.531271;0.425568;0.315909;0.230036
735.9;0.04931;0.11;0.470066;0.425203;0.409268;0.374876;0.332100;0.272586;0.200539;0.137924;0.085556;0.050602
1060.4;0.046155;0.65;1.098676;0.977816;0.907193;0.787694;0.662996;0.515616;0.384529;0.275692;0.186995;0.122929
488.5;0.023942;0.8;0.628093;0.584215;0.547810;0.487098;0.415853;0.340869;0.263648;0.189980;0.131587;0.090533
797.1;0.039122;0.21;0.613318;0.559966;0.543299;0.507287;0.459766;0.388618;0.305257;0.220122;0.142595;0.089996
866.9;0.03105;0.75;1.193083;1.096620;1.020455;0.891614;0.747028;0.596931;0.440625;0.310235;0.205420;0.138298
328.8;0.014603;0.3;0.284067;0.272929;0.264624;0.249280;0.228759;0.199890;0.165868;0.131475;0.101905;0.080361
853.2;0.011201;0.12;0.522614;0.505610;0.494270;0.472814;0.440922;0.396374;0.354630;0.308902;0.263214;0.226983
626.2;0.034557;0.52;0.611548;0.559247;0.530071;0.480986;0.423178;0.349814;0.275141;0.202734;0.137586;0.089144
344.6;0.023913;0.85;0.417227;0.386261;0.362367;0.323057;0.282205;0.232303;0.178309;0.130096;0.089365;0.062018
740.6;0.026988;0.72;0.965578;0.893339;0.834791;0.736841;0.623850;0.507600;0.388637;0.279861;0.191043;0.130724
473.3;0.024367;0.42;0.505686;0.472495;0.453646;0.418532;0.375011;0.318548;0.250932;0.188626;0.132737;0.090545
410.8;0.018545;0.67;0.402801;0.379249;0.363047;0.336249;0.303557;0.263869;0.216670;0.166775;0.122723;0.090085
484.9;0.029963;0.49;0.503145;0.463847;0.442394;0.404413;0.357828;0.296762;0.234555;0.172896;0.117238;0.077808
431.9;0.044882;0.45;0.357165;0.325461;0.311015;0.282469;0.246557;0.201646;0.150967;0.104574;0.065644;0.039536
470.2;0.020184;0.85;0.572079;0.539501;0.507456;0.454870;0.397181;0.326481;0.250777;0.187595;0.130486;0.092575
338.4;0.043316;0.56;0.302916;0.275390;0.262346;0.237261;0.206094;0.167656;0.126262;0.087933;0.055511;0.034031
871.7;0.032153;0.73;1.162297;1.063573;0.987963;0.861400;0.731428;0.580857;0.426863;0.302447;0.202855;0.135588
553.7;0.031665;0.67;0.636982;0.585515;0.549707;0.489651;0.419854;0.342607;0.261401;0.190914;0.130624;0.087678
784.7;0.018762;0.21;0.687273;0.651143;0.630656;0.603574;0.566505;0.510710;0.432730;0.343334;0.254295;0.189311
925.6;0.01966;0.65;1.045312;0.980939;0.925917;0.842035;0.737691;0.614095;0.487460;0.371551;0.272855;0.196870
749.2;0.040821;0.41;0.609670;0.551303;0.526026;0.480174;0.430237;0.362485;0.286011;0.207966;0.136702;0.086916
782.2;0.023451;0.2;0.716235;0.678443;0.662642;0.627436;0.580745;0.509902;0.418794;0.318642;0.231237;0.163008
700.7;0.037984;0.61;0.728772;0.657514;0.614708;0.542447;0.468029;0.377079;0.291276;0.213044;0.144336;0.093836
411.5;0.057239;0.5;0.282946;0.254338;0.243110;0.220253;0.190311;0.153142;0.111720;0.075492;0.045436;0.026912
741.3;0.045724;0.15;0.514933;0.467587;0.452684;0.418809;0.372189;0.305386;0.232065;0.159781;0.099817;0.061029
1067.7;0.043961;0.52;0.924465;0.828926;0.775698;0.691526;0.595310;0.483185;0.376371;0.278766;0.192048;0.126228
1086.5;0.057969;0.35;0.596783;0.537174;0.518142;0.481716;0.434086;0.365360;0.286210;0.203334;0.128696;0.076579
543.3;0.048767;0.78;0.622967;0.559770;0.514131;0.438335;0.357428;0.277461;0.201826;0.140938;0.090634;0.056956
487.6;0.040386;0.11;0.398889;0.362834;0.346666;0.314168;0.272631;0.222209;0.164790;0.113362;0.070376;0.043000
808.5;0.0574;0.26;0.456569;0.409158;0.393828;0.365230;0.326714;0.266944;0.199803;0.134875;0.083489;0.049066
876.3;0.012982;0.8;0.778912;0.747421;0.710621;0.648496;0.577088;0.490970;0.394691;0.310009;0.237796;0.186819
675.3;0.023436;0.27;0.657037;0.620148;0.602519;0.565938;0.518319;0.449584;0.364723;0.275628;0.197127;0.138148
485.4;0.059334;0.35;0.289297;0.258025;0.246780;0.223668;0.195494;0.157090;0.113773;0.076120;0.045701;0.027430
1153.1;0.04861;0.38;0.761856;0.685456;0.651449;0.594107;0.532406;0.451902;0.361124;0.268616;0.178729;0.113185
373.9;0.033768;0.74;0.425366;0.388988;0.363012;0.322931;0.277586;0.223900;0.171565;0.123770;0.083384;0.054465
395.1;0.044045;0.56;0.346082;0.314435;0.298741;0.271169;0.237322;0.192691;0.146730;0.101990;0.064344;0.039933
427.8;0.030847;0.75;0.517198;0.475659;0.445133;0.394648;0.335935;0.272462;0.206447;0.149495;0.101681;0.068341
449.8;0.029007;0.17;0.468816;0.431853;0.411532;0.378475;0.335398;0.278392;0.217087;0.154667;0.103361;0.066585
858.9;0.020664;0.25;0.740235;0.697595;0.676948;0.646757;0.605663;0.544929;0.461103;0.364179;0.266694;0.195226
816.3;0.029147;0.6;0.917264;0.839010;0.787195;0.704930;0.617009;0.509849;0.394527;0.290531;0.202936;0.139414
346.9;0.011483;0.15;0.170520;0.164217;0.160293;0.153407;0.144419;0.130671;0.114722;0.097998;0.082604;0.071243
1138.1;0.033616;0.69;1.435072;1.306318;1.220319;1.070389;0.911853;0.727199;0.536257;0.380164;0.255436;0.172477
955.8;0.026669;0.58;1.063178;0.985634;0.929448;0.830414;0.719261;0.600801;0.475604;0.353875;0.248064;0.173254
964.1;0.058792;0.74;0.965529;0.848664;0.784789;0.673426;0.551689;0.424262;0.304876;0.213640;0.139644;0.089071
357.1;0.037772;0.23;0.325229;0.296010;0.281217;0.253944;0.218911;0.178498;0.132838;0.091874;0.057520;0.035598
1074.4;0.052315;0.69;1.081740;0.957380;0.891187;0.774562;0.638862;0.491917;0.363306;0.255105;0.169839;0.110605
1141;0.030403;0.71;1.485706;1.375000;1.290875;1.143941;0.966082;0.768676;0.580044;0.406614;0.274045;0.185310
1186;0.033101;0.81;1.695566;1.564399;1.472838;1.306885;1.103682;0.872489;0.643526;0.433367;0.281667;0.182217
1073;0.051315;0.44;0.724755;0.645937;0.613454;0.556356;0.494490;0.416069;0.326335;0.240505;0.159435;0.100443
1007;0.05956;0.25;0.520576;0.472054;0.456520;0.422500;0.382272;0.319233;0.240533;0.165711;0.102847;0.060220
762;0.036197;0.34;0.644296;0.591062;0.568760;0.523975;0.466140;0.398419;0.315415;0.232416;0.157142;0.100752
459.8;0.056272;0.36;0.293959;0.264914;0.253590;0.229555;0.198668;0.160399;0.116200;0.078357;0.047108;0.027579
658.7;0.046951;0.45;0.495048;0.449009;0.430769;0.393968;0.351603;0.291829;0.225021;0.158116;0.101824;0.062409
420.5;0.038372;0.39;0.384777;0.351801;0.335738;0.305129;0.269025;0.220115;0.167455;0.116846;0.075385;0.046734
327.8;0.058439;0.6;0.238079;0.213577;0.203066;0.182489;0.156316;0.125775;0.090841;0.061429;0.037066;0.022663
406.3;0.040438;0.32;0.355102;0.324395;0.309767;0.281052;0.244395;0.198781;0.148983;0.102999;0.064503;0.039567
1189.6;0.022687;0.86;1.702762;1.586453;1.500484;1.347322;1.170878;0.956504;0.728868;0.520777;0.350296;0.232405
786;0.016631;0.51;0.716889;0.683252;0.657167;0.612187;0.553558;0.481683;0.396760;0.319772;0.244893;0.186219
936.2;0.03725;0.46;0.828850;0.754084;0.714586;0.644221;0.568240;0.472345;0.373515;0.280558;0.192910;0.127904
1199.5;0.05139;0.35;0.727229;0.652317;0.625732;0.575940;0.519721;0.444860;0.352281;0.261016;0.172732;0.108401
559.1;0.05185;0.48;0.402069;0.364562;0.349038;0.318142;0.279432;0.231012;0.172465;0.119967;0.074999;0.044365
673.1;0.051667;0.72;0.683843;0.609010;0.560526;0.481424;0.399476;0.314154;0.231979;0.163993;0.106702;0.067088
718.4;0.020186;0.24;0.662104;0.628658;0.613030;0.583277;0.542800;0.481156;0.400087;0.311065;0.226544;0.164304
987.6;0.037221;0.12;0.729112;0.667708;0.649780;0.608018;0.558991;0.485078;0.388793;0.286497;0.192976;0.122710
721.6;0.016272;0.53;0.658890;0.627640;0.604145;0.562736;0.508920;0.442604;0.364788;0.293832;0.225184;0.171762
1120.9;0.016614;0.43;0.934954;0.889736;0.855133;0.796517;0.728833;0.639056;0.534720;0.430290;0.339787;0.263467
393.6;0.053524;0.6;0.304874;0.273794;0.260017;0.234365;0.205380;0.165547;0.122952;0.083302;0.051832;0.030643
971;0.040148;0.53;0.904232;0.815494;0.763991;0.676820;0.586237;0.476489;0.371149;0.276123;0.189581;0.124643
962.6;0.023265;0.27;0.804682;0.753817;0.735207;0.697207;0.653465;0.584993;0.491726;0.385394;0.280789;0.201371
805.7;0.05324;0.54;0.583522;0.524147;0.496126;0.448230;0.393032;0.323726;0.250730;0.177348;0.115216;0.071273
465.8;0.012905;0.79;0.309414;0.299205;0.289804;0.272529;0.249069;0.217581;0.183809;0.149026;0.119257;0.098608
837.5;0.032888;0.1;0.714797;0.655488;0.634822;0.592129;0.534069;0.462610;0.367836;0.273189;0.183974;0.117810
569.9;0.04611;0.2;0.415491;0.376655;0.360894;0.328562;0.287957;0.235445;0.173213;0.119183;0.074129;0.044020
576.6;0.039883;0.76;0.725397;0.651473;0.599454;0.515070;0.428701;0.333029;0.245516;0.173215;0.114777;0.073858
710.5;0.03397;0.71;0.882188;0.808978;0.755880;0.665096;0.559433;0.439568;0.330800;0.234486;0.159787;0.106374
391.5;0.054927;0.68;0.314870;0.283487;0.267494;0.239104;0.206394;0.167160;0.123554;0.084789;0.053120;0.031582
1195.9;0.056735;0.76;1.262350;1.117553;1.044112;0.910381;0.751589;0.569269;0.409247;0.277921;0.180559;0.117202
598.9;0.050894;0.71;0.584957;0.520808;0.480037;0.416600;0.351389;0.278912;0.207351;0.146393;0.094926;0.059370
567.6;0.045445;0.2;0.420291;0.381429;0.365460;0.332929;0.290843;0.238679;0.176045;0.121224;0.075372;0.044992
355.8;0.047161;0.41;0.284381;0.256404;0.243224;0.221171;0.192059;0.153167;0.113428;0.076514;0.047637;0.028487
568.4;0.054985;0.12;0.313235;0.284196;0.273443;0.248407;0.215924;0.174760;0.126924;0.085664;0.051488;0.030658
341.7;0.013262;0.1;0.254298;0.243786;0.237685;0.224580;0.206468;0.181117;0.152226;0.124385;0.100518;0.081251
754.9;0.026796;0.11;0.717829;0.668080;0.648301;0.608702;0.554817;0.475927;0.383060;0.289328;0.203221;0.136507
564.6;0.030491;0.13;0.556249;0.513364;0.492496;0.451289;0.404636;0.338615;0.264603;0.189713;0.126842;0.080760
971.7;0.016169;0.23;0.746000;0.710995;0.695137;0.661339;0.617627;0.551350;0.482515;0.404269;0.319140;0.248058
309.3;0.032151;0.52;0.320117;0.293045;0.279173;0.253485;0.223263;0.185111;0.143123;0.102947;0.067789;0.044147
343.6;0.054947;0.77;0.308481;0.276839;0.258591;0.227359;0.191913;0.152998;0.111945;0.077281;0.048562;0.029251
901.1;0.027682;0.35;0.791868;0.743214;0.720889;0.674917;0.615860;0.532366;0.433300;0.328227;0.235237;0.163076
843.1;0.016009;0.25;0.687599;0.654832;0.638494;0.606268;0.561737;0.500664;0.435774;0.359078;0.279606;0.215324
773.5;0.038456;0.15;0.603215;0.555957;0.539506;0.502835;0.453030;0.382462;0.297000;0.213155;0.137015;0.085977
956.7;0.053752;0.86;1.247088;1.087026;1.017584;0.893741;0.742801;0.560306;0.390268;0.254221;0.158563;0.098214
936.5;0.027429;0.3;0.796455;0.748954;0.729026;0.686904;0.631008;0.549680;0.450338;0.343108;0.246913;0.171480
1003.2;0.012096;0.6;0.734419;0.704830;0.676879;0.631383;0.574595;0.501073;0.418634;0.338777;0.270401;0.223140
559.2;0.017117;0.27;0.528665;0.504666;0.492097;0.465783;0.431653;0.380506;0.315632;0.246508;0.182303;0.137538
794.6;0.033376;0.71;1.010426;0.918976;0.854528;0.756715;0.639348;0.503915;0.375881;0.265480;0.180602;0.120181
736.7;0.017067;0.82;0.871980;0.822751;0.777928;0.703379;0.609140;0.505964;0.394756;0.297154;0.213287;0.156396
1101.4;0.013407;0.6;0.904758;0.868487;0.830495;0.768874;0.695458;0.600667;0.495504;0.394218;0.306935;0.246290
1019.1;0.045712;0.68;1.114524;0.993274;0.920968;0.794263;0.667102;0.516564;0.380418;0.270706;0.182225;0.119365
960.9;0.025399;0.47;0.943952;0.873493;0.829950;0.756046;0.674479;0.583714;0.474928;0.362973;0.259054;0.182986
346.2;0.043558;0.71;0.334450;0.302794;0.284194;0.254519;0.219293;0.177676;0.134243;0.094269;0.061047;0.038368
365.6;0.042621;0.11;0.276537;0.251736;0.240367;0.217120;0.187660;0.148603;0.110060;0.073714;0.046181;0.027725
379.7;0.036552;0.25;0.354710;0.322604;0.307671;0.279872;0.243403;0.196911;0.149450;0.102948;0.065600;0.040868
1018.5;0.045755;0.17;0.647108;0.588329;0.572728;0.537504;0.489481;0.420555;0.326073;0.236084;0.152287;0.093358
824.9;0.020758;0.78;1.085080;1.013846;0.950240;0.854762;0.736673;0.598593;0.462749;0.337589;0.238508;0.166256
966;0.048017;0.5;0.745663;0.671503;0.632063;0.562776;0.491467;0.408494;0.320204;0.235616;0.156460;0.099504
511.3;0.039205;0.72;0.583405;0.522810;0.483870;0.426445;0.359405;0.284905;0.215530;0.153436;0.102581;0.066167
961.5;0.030148;0.32;0.813455;0.758506;0.733594;0.684416;0.623023;0.538786;0.435594;0.332584;0.236948;0.161004
877.7;0.037234;0.86;1.344941;1.201934;1.117006;0.990299;0.832210;0.642542;0.451495;0.304268;0.191917;0.120325
736;0.059881;0.32;0.409671;0.368722;0.356376;0.329443;0.291805;0.235310;0.177036;0.119307;0.072169;0.042163
436.7;0.03555;0.81;0.578567;0.525843;0.485661;0.419229;0.346386;0.273316;0.199904;0.141087;0.093142;0.060685
1003.7;0.053676;0.82;1.233524;1.077566;1.007010;0.881034;0.728984;0.548509;0.386422;0.255075;0.163189;0.103363
390.5;0.013511;0.72;0.266371;0.256203;0.248229;0.234292;0.216005;0.190419;0.160650;0.132837;0.106324;0.086554
564.7;0.059377;0.83;0.651654;0.569218;0.519369;0.438527;0.355672;0.265285;0.187975;0.125450;0.079002;0.048587
513.6;0.056136;0.11;0.267535;0.243053;0.233565;0.212519;0.187203;0.149723;0.108420;0.072894;0.044212;0.025941
777.8;0.038213;0.87;1.197697;1.075762;1.005128;0.883420;0.733901;0.558829;0.395678;0.261569;0.165444;0.103678
382.3;0.031573;0.16;0.382517;0.354335;0.337930;0.305851;0.269012;0.221189;0.167077;0.118512;0.076648;0.047836
664.8;0.026892;0.33;0.651302;0.605884;0.585087;0.545331;0.492052;0.420683;0.333389;0.252563;0.177374;0.119802
889.9;0.035678;0.59;0.939219;0.861810;0.809020;0.717281;0.611843;0.495401;0.377713;0.277906;0.191890;0.129347
398.8;0.059629;0.46;0.256847;0.229295;0.218394;0.196928;0.171674;0.137182;0.099548;0.066033;0.039608;0.024289
1140.4;0.032792;0.11;0.829907;0.768305;0.751848;0.715376;0.666884;0.585584;0.483608;0.371431;0.261762;0.176104
468.7;0.031302;0.13;0.463978;0.429995;0.412359;0.376720;0.331477;0.275442;0.210733;0.150093;0.097017;0.061765
539.6;0.020661;0.42;0.541995;0.511397;0.494486;0.465257;0.425047;0.369122;0.300063;0.228712;0.164698;0.118084
1018;0.019662;0.88;1.383600;1.313447;1.242505;1.121473;0.970283;0.793550;0.611214;0.446255;0.301497;0.209813
738.8;0.051638;0.53;0.540439;0.487254;0.463668;0.420181;0.370547;0.305520;0.236457;0.166690;0.107696;0.066381
992.1;0.046332;0.83;1.342190;1.203474;1.121467;0.973862;0.802822;0.620917;0.435184;0.290180;0.182422;0.115463
656.4;0.036487;0.36;0.574197;0.525584;0.503749;0.460731;0.413003;0.348408;0.274058;0.197371;0.131898;0.084073
545.6;0.051454;0.33;0.373279;0.337483;0.322921;0.295124;0.260983;0.210929;0.156312;0.105428;0.065373;0.038491
333.5;0.035594;0.8;0.393706;0.357647;0.331602;0.293451;0.248596;0.197482;0.149263;0.105958;0.070964;0.045976
906;0.037598;0.72;1.144958;1.039001;0.969019;0.849336;0.706940;0.545766;0.403429;0.281371;0.189534;0.125889
686.6;0.020664;0.42;0.661620;0.621385;0.597664;0.558227;0.511103;0.451482;0.374062;0.289127;0.208778;0.151293
706.6;0.039391;0.81;0.994288;0.903944;0.836497;0.723148;0.590543;0.450803;0.322449;0.220299;0.142238;0.092527
417.1;0.041495;0.69;0.421050;0.379229;0.354360;0.314644;0.270940;0.220155;0.167109;0.119527;0.077785;0.049121
383.1;0.037765;0.2;0.345555;0.314554;0.299246;0.270747;0.233833;0.190284;0.142017;0.098012;0.061149;0.037993
307;0.016379;0.5;0.277477;0.263448;0.256142;0.241170;0.221245;0.192853;0.158769;0.124435;0.093857;0.071932
680.8;0.01846;0.31;0.629294;0.595856;0.574750;0.542667;0.503910;0.450254;0.377460;0.296148;0.218178;0.161827
890;0.01005;0.57;0.468029;0.456351;0.444190;0.421831;0.389884;0.347110;0.301334;0.256297;0.217528;0.190476
950.6;0.030908;0.28;0.791486;0.735896;0.712898;0.666323;0.607877;0.527323;0.423491;0.324853;0.229746;0.155414
778.1;0.034424;0.86;1.215532;1.100867;1.022201;0.885910;0.747178;0.580202;0.410306;0.278319;0.176254;0.112190
397.9;0.017993;0.15;0.428854;0.403866;0.390255;0.363565;0.327977;0.279682;0.223451;0.172193;0.126305;0.092897
868.6;0.043342;0.25;0.610404;0.556332;0.539292;0.502523;0.454723;0.388153;0.301679;0.218231;0.141057;0.086995
413.8;0.010896;0.6;0.199593;0.193545;0.189243;0.181283;0.169689;0.153457;0.135672;0.118328;0.101292;0.088795
420.9;0.015984;0.33;0.399556;0.379720;0.369403;0.349197;0.320721;0.280186;0.230886;0.180449;0.135579;0.103604
388.7;0.057606;0.21;0.208221;0.189828;0.182595;0.166036;0.144224;0.113377;0.083195;0.054278;0.033100;0.020929
427.8;0.058793;0.25;0.231874;0.209779;0.202093;0.184347;0.160736;0.126969;0.092851;0.060870;0.036881;0.022956
451.4;0.011546;0.87;0.238205;0.229841;0.221335;0.208276;0.191482;0.170135;0.144485;0.121048;0.099206;0.083792
932.9;0.010112;0.28;0.493840;0.480585;0.469389;0.449067;0.420446;0.380468;0.332520;0.290947;0.254014;0.225567
800.2;0.028986;0.66;0.976993;0.893189;0.832968;0.736367;0.634307;0.519031;0.396423;0.289050;0.198634;0.136349
466;0.05522;0.66;0.366887;0.330499;0.312596;0.279953;0.241480;0.196370;0.145652;0.101290;0.063644;0.037975
490.8;0.044018;0.78;0.581842;0.520880;0.481985;0.416009;0.341498;0.265519;0.196184;0.136672;0.088602;0.056378
369.6;0.028941;0.55;0.395870;0.364931;0.348567;0.317762;0.279093;0.232109;0.182203;0.133871;0.091205;0.060442
1122.4;0.041598;0.56;1.080551;0.974071;0.909781;0.799024;0.679442;0.547140;0.415819;0.308118;0.211838;0.141320
936;0.022163;0.52;0.955972;0.894557;0.847844;0.774122;0.687326;0.582736;0.479620;0.372269;0.270080;0.192354
802;0.038571;0.79;1.104885;1.006108;0.935414;0.814988;0.671696;0.509937;0.370674;0.252272;0.165523;0.108065
582.1;0.059086;0.46;0.363951;0.326627;0.314053;0.289033;0.254471;0.204712;0.153653;0.103981;0.062571;0.036416
449.6;0.052484;0.41;0.316399;0.286132;0.274566;0.250551;0.218867;0.174634;0.129715;0.087344;0.053216;0.031347
860.2;0.024172;0.58;0.950939;0.880177;0.832952;0.751916;0.655317;0.550035;0.444095;0.334024;0.237323;0.166698
1189.1;0.044123;0.34;0.811626;0.738455;0.706620;0.645389;0.576744;0.495293;0.399592;0.298872;0.205085;0.133112
453.4;0.027906;0.18;0.482895;0.445195;0.424361;0.386218;0.344583;0.288046;0.224706;0.162419;0.109304;0.070572
532;0.059346;0.4;0.325418;0.292163;0.280103;0.255355;0.221728;0.179654;0.131267;0.088610;0.053084;0.030967
657.1;0.014199;0.28;0.543400;0.522127;0.506731;0.478659;0.439726;0.391186;0.337102;0.276704;0.217083;0.171633
858.6;0.046941;0.48;0.653565;0.588910;0.556960;0.504198;0.446208;0.372844;0.291307;0.213402;0.140421;0.088309
438.9;0.017083;0.35;0.430554;0.408880;0.397546;0.374703;0.343613;0.299265;0.245001;0.189521;0.140651;0.105582
643.2;0.031895;0.76;0.865265;0.787079;0.727323;0.643185;0.542359;0.426960;0.317066;0.222854;0.150089;0.099701
445;0.027519;0.69;0.505218;0.470318;0.445986;0.403083;0.351532;0.288614;0.225409;0.164436;0.114714;0.077853
982.3;0.033925;0.22;0.771905;0.710270;0.688345;0.645763;0.590298;0.506601;0.414267;0.313897;0.215075;0.143215
1084;0.03937;0.15;0.743353;0.680725;0.662014;0.619781;0.572894;0.499967;0.403575;0.299048;0.201637;0.128781
615.7;0.01729;0.53;0.585318;0.554163;0.531190;0.495621;0.448808;0.388658;0.325030;0.257480;0.192521;0.144027
917;0.055267;0.7;0.888925;0.788618;0.728195;0.625675;0.514525;0.402747;0.294953;0.210214;0.138444;0.088294
564.7;0.04201;0.77;0.703324;0.628684;0.576682;0.496637;0.412163;0.317019;0.233558;0.162973;0.107735;0.069078
777.6;0.018147;0.68;0.854056;0.799722;0.756344;0.692227;0.610198;0.510738;0.408676;0.312323;0.232305;0.169635
1049.2;0.038296;0.81;1.489052;1.324883;1.243913;1.104592;0.930481;0.720785;0.512836;0.347174;0.223069;0.143136
837.7;0.056581;0.23;0.472592;0.423941;0.408619;0.377566;0.338977;0.278136;0.207683;0.141095;0.087400;0.051411
601.8;0.049155;0.26;0.417232;0.377350;0.361962;0.330144;0.291777;0.238676;0.175809;0.120858;0.075143;0.044218
569.3;0.044284;0.81;0.750046;0.669050;0.611845;0.524359;0.429618;0.324486;0.233991;0.159746;0.104125;0.066165
707.3;0.033311;0.47;0.675067;0.619485;0.589313;0.536129;0.475786;0.397591;0.313702;0.233493;0.159253;0.105733
